sampleType,timestamp,distance,power,accelX,accelY,accelZ,boatAccelX,boatAccelY,boatAccelZ,gyroX,gyroY,gyroZ,latitude,longitude,speed,gpsHeading,gpsAltitude,gpsAccuracy,spm,strokeCount,driveTime,recoveryTime,driveRatio,catchDuration,gravityX,gravityY,gravityZ,detectorMode,detectorAboveThreshold,detectorForcedStroke,detectorResumingFromGap,detectorRejectionReason,detectorPeakProminence,detectorTimeAboveThresholdMs,detectorTimeSinceLastStrokeMs,detectorSmoothedMagnitude,detectorGravityAlpha,detectorGravityShiftG,detectorConfidence
sensor,1768474779127,11.529910180175197,0,0.072906494140625,0.006744384765625,-0.9687347412109375,0.072906494140625,0.006744384765625,-0.9687347412109375,-0.01727272942662239,0.009150887839496136,0.024893099442124367,9.9999253,9.9999173,0.5748256799844026,51.93322518298643,1001.530331033282,4.748651530191831,,0,0.092,0.4780000000000001,0.1614035087719298,0.24,0.04774335143157969,-0.005194710626730725,-0.9929474101529803,classic,0,0,0,none,0,0,0,0.6360743004824507,0.04774335143157969,0.03709045310661851,0
sensor,1768474781110,14.89526049218661,0,0.06256103515625,0.0003204345703125,-0.9973602294921875,0.06256103515625,0.0003204345703125,-0.9973602294921875,-0.005559082608669996,0.0028634308837354183,0.050325486809015274,9.9999442,9.9999413,0.6434909550178161,51.933225271483764,1001.5623957840726,4.7486515301917995,,0,0.239,0.35900000000000004,0.3996655518394648,0.199,0.049118941713220426,-0.003994187344019085,-0.9914250201773833,classic,0,0,0,none,0,0,0,0.41810091575444314,0.049118941713220426,0.015391412587221239,0
sensor,1768474784143,17.929704871238947,0,0.117584228515625,-0.039825439453125,-0.9993133544921875,0.117584228515625,-0.039825439453125,-0.9993133544921875,-0.03111903741955757,-0.14513376355171204,0.03139227628707886,9.9999645,9.9999598,0.7044674401259556,40.61238509102161,1001.5410950370133,4.748651530191804,,0,0.239,0.40700000000000003,0.369969040247678,0.159,0.04787566142356963,-0.004596501632644339,-0.9896317393377665,classic,0,0,0,none,0,0,0,0.357983726301944,0.04787566142356963,0.07909807009207488,0
sensor,1768474787126,21.272739310790335,0,0.019561767578125,0.015472412109375,-1.009033203125,0.019561767578125,0.015472412109375,-1.009033203125,-0.021164674311876297,-0.10792353749275208,0.021641911938786507,9.9999898,9.9999763,0.7600804651080662,32.262649827920896,1001.596703607589,4.748651530191913,,0,0.079,0.557,0.12421383647798742,0.16,0.04502792436913684,-0.004183268055095884,-0.991053382000417,classic,0,0,0,none,0,0,0,0.18509171422395132,0.04502792436913684,0.03703820817794884,0
sensor,1768474791111,25.705934928720445,0,0.007843017578125,-0.056610107421875,-1.00018310546875,0.007843017578125,-0.056610107421875,-1.00018310546875,0.05150846391916275,0.3083184063434601,-0.00857298169285059,10.0000248,9.9999957,0.8085687702723757,25.686639596076233,1001.3592073312029,4.748651530191845,,0,0.09,0.667,0.11889035667107001,0.04,0.03797666399894627,0.009051132544685595,-0.9912222302305194,classic,0,0,0,none,0,0,0,0.5413952092420231,0.03797666399894627,0.07316508617986892,0
sensor,1768474793104,29.656654900953562,0,-0.023651123046875,0.0184326171875,-0.9949188232421875,-0.023651123046875,0.0184326171875,-0.9949188232421875,0.021133247762918472,0.15253467857837677,0.013490241952240467,10.0000566,10.0000118,0.8923347459334139,24.841467920321687,1001.3349707545713,4.748651530191877,,0,0.278,0.47800000000000004,0.36772486772486773,0.041,0.038347020726954915,0.008888490504306651,-0.9917149603640323,classic,0,0,0,none,0,0,0,0.5959674326207396,0.038347020726954915,0.06312585873832388,0
sensor,1768474796130,34.38635636700843,0,0.0431976318359375,0.026763916015625,-0.99029541015625,0.0431976318359375,0.026763916015625,-0.99029541015625,-0.0006884271278977394,0.005181446205824614,0.013350159861147404,10.0000988,10.0000166,1.2230233283388876,24.41581449733499,1001.5779415378347,3.3078304796857743,,0,0,0.797,0,0,0.03825365899038684,0.0108061216322489,-0.9924628142232402,classic,0,0,0,none,0,0,0,0.28038999130811326,0.03825365899038684,0.016930772390243067,0
sensor,1768474797126,37.59421787597821,0,0.02886962890625,-0.271209716796875,-1.0728302001953125,0.02886962890625,-0.271209716796875,-1.0728302001953125,0.0404432974755764,0.2951730489730835,0.004352670628577471,10.0001264,10.0000252,1.5453380827902234,23.50688629758831,1001.4126693373546,3.165743923730794,,0,0.518,0.279,0.6499372647427855,0,0.037778447337301145,0.00474136090398267,-0.9932701007166709,classic,0,0,0,none,0,0,0,2.0503517599642445,0.037778447337301145,0.2887732482388479,0
sensor,1768474799118,42.7098360368036,0,0.0223236083984375,0.048370361328125,-0.9828643798828125,0.0223236083984375,0.048370361328125,-0.9828643798828125,-0.004795554094016552,0.009162073023617268,0.012516590766608715,10.0001660,10.0000489,1.6168914045846536,23.908179425308912,1001.4226900124922,3.404919225105229,,0,0.239,0.56,0.29912390488110135,0,0.036755784552782514,0.009359761959334908,-0.9911965863174593,classic,0,0,0,none,0,0,0,0.43369240108544393,0.036755784552782514,0.04263415894601978,0
sensor,1768474801110,47.379922868233876,0,0.04339599609375,0.056365966796875,-1.0162200927734375,0.04339599609375,0.056365966796875,-1.0162200927734375,-0.013177854008972645,-0.125658318400383,0.015050588175654411,10.0002057,10.0000629,1.7171557321302715,27.954635420706005,1001.4550965633243,3.3273716576557333,,0,0.159,0.638,0.19949811794228356,0,0.03513587020706574,0.006801360318168495,-0.9913859085997835,classic,0,0,0,none,0,0,0,1.3861602641029622,0.03513587020706574,0.05633178469159407,0
sensor,1768474803107,51.856049632038406,0,0.0886993408203125,0.0446319580078125,-1.0339813232421875,0.0886993408203125,0.0446319580078125,-1.0339813232421875,0.029110746458172798,0.11664672195911407,0.0002948119363281876,10.0002455,10.0000695,2.03687310603847,19.924454222373278,1001.3853748226538,3.227556516231702,,0,0.12,0.676,0.1507537688442211,0,0.03624187994162568,-0.005736974220500673,-0.9913575305962701,classic,0,0,0,none,0,0,0,2.071721693365575,0.03624187994162568,0.08471832595631902,0
sensor,1768474805134,56.491067697068054,0,0.0599365234375,-0.00555419921875,-0.9934844970703125,0.0599365234375,-0.00555419921875,-0.9934844970703125,-0.025559954345226288,-0.01980246603488922,0.00726323900744319,10.0002834,10.0000870,2.084881745781682,19.513166354139315,1001.2994039896876,3.1298461516304736,,0,0.159,0.637,0.19974874371859297,0,0.04182594794223328,0.006352290386664961,-0.9910945910976041,classic,0,0,0,none,0,0,0,0.4947959552223954,0.04182594794223328,0.021914827865251965,0
sensor,1768474806130,59.55408013719941,0,0.0062103271484375,0.065277099609375,-0.988067626953125,0.0062103271484375,0.065277099609375,-0.988067626953125,-0.004803277086466551,-0.09980036318302155,0.00851306039839983,10.0003108,10.0000896,2.162049748511099,16.816445959112695,1001.3588977213949,3.088183005454989,,0,0.16,0.637,0.20075282308657466,0,0.039418360059799165,-0.0050428335714987884,-0.9913742597723014,classic,0,0,0,none,0,0,0,0.8981462760046394,0.039418360059799165,0.07822815170450818,0
sensor,1768474808123,64.49706873797075,0,0.0034027099609375,-0.07843017578125,-0.945281982421875,0.0034027099609375,-0.07843017578125,-0.945281982421875,-0.028611937537789345,-0.060573332011699677,-0.0008934905636124313,10.0003532,10.0001035,2.2376512427115,16.150910671155003,1001.3145503280684,3.154679613084186,,0,0.08,0.558,0.12539184952978055,0.159,0.03986032711929189,0.005103967422802681,-0.9912124981925385,classic,0,0,0,none,0,0,0,0.6478473633383234,0.03986032711929189,0.1025752257423646,0
sensor,1768474809118,69.09686345502197,0,0.01214599609375,0.082489013671875,-0.955963134765625,0.01214599609375,0.082489013671875,-0.955963134765625,0.03115871734917164,0.15988260507583618,0.039812661707401276,10.0003905,10.0001214,2.3397511298824796,17.71905728033849,1001.0302594555542,3.1979801386147932,,0,0.119,0.678,0.14930991217063988,0,0.03183335829188419,-0.0034037583439217797,-0.9915686135320517,classic,0,0,0,none,0,0,0,1.1146462113591922,0.03183335829188419,0.09551922190086286,0
sensor,1768474811110,73.93624780988355,0,-0.0348052978515625,-0.1684112548828125,-0.9725799560546875,-0.0348052978515625,-0.1684112548828125,-0.9725799560546875,-0.02810274064540863,-0.0852413922548294,-0.0031435952987521887,10.0004322,10.0001344,2.412328183255087,15.324883120222133,1002.0960121387616,3.302158926507345,,0,0.119,0.638,0.1571994715984148,0.04,0.028349073762944384,0.003232172430708514,-0.9925974688557395,classic,0,0,0,none,0,0,0,0.6985180333201464,0.028349073762944384,0.1849099885314092,0
sensor,1768474812107,77.47027344718747,0,0.0615234375,0.1346435546875,-0.9721832275390625,0.0615234375,0.1346435546875,-0.9721832275390625,-0.004002731293439865,-0.0695125013589859,0.005738845560699701,10.0004624,10.0001444,2.521766206274946,16.274133124523697,1001.967695874162,3.293219059461778,,0,0.154,0.643,0.1932245922208281,0,0.025258521091625328,-0.001291365130694169,-0.9924046682356115,classic,0,0,0,none,0,0,0,1.0442611742782004,0.025258521091625328,0.14284922864906383,0
sensor,1768474814105,81.77305565717039,0,0.201446533203125,-0.2126007080078125,-1.026092529296875,0.201446533203125,-0.2126007080078125,-1.026092529296875,-0.04507826268672943,-0.0027334685437381268,0.0029060414526611567,10.0004991,10.0001567,2.586131670424994,16.104995789277698,1002.4704524381086,3.39141800807978,,0,0.079,0.6480000000000001,0.10866574965612104,0.08,0.03212055068920426,-0.00036907252520597736,-0.9923490985157413,classic,0,0,0,none,0,0,0,1.3974600998450704,0.03212055068920426,0.27496608499060565,0
sensor,1768474815135,84.87344984507074,0,0.0478057861328125,0.1702423095703125,-0.98077392578125,0.0478057861328125,0.1702423095703125,-0.98077392578125,0.0037907434161752462,-0.07460206747055054,0.04146675020456314,10.0005249,10.0001674,2.6563986329916616,20.047183252016985,1002.477849829942,3.406410432955736,,0,0.119,0.631,0.15866666666666665,0.04,0.036388393349314166,-0.0008282207470337797,-0.9919869727792353,classic,0,0,0,none,0,0,0,1.5526302757003931,0.036388393349314166,0.17268079431378602,0
sensor,1768474817127,89.68145086267965,0,-0.01513671875,-0.2523040771484375,-0.9804840087890625,-0.01513671875,-0.2523040771484375,-0.9804840087890625,0.004012851044535637,0.10506276786327362,0.0046573360450565815,10.0005671,10.0001770,2.7097539604043788,14.118534339239467,1003.0862424867228,3.3913695573352087,,0,0.12,0.48100000000000004,0.19966722129783693,0.196,0.034185582513258775,-0.009685139398236597,-0.9914966921573891,classic,0,0,0,none,0,0,0,2.7379242153021948,0.034185582513258775,0.24907174463052636,0
sensor,1768474818123,92.92498371906936,0,0.0089111328125,0.0818939208984375,-1.0091400146484375,0.0089111328125,0.0818939208984375,-1.0091400146484375,-0.006219812668859959,-0.13642574846744537,0.010714962147176266,10.0005935,10.0001896,2.7722129020348922,21.772758990921446,1003.3049529260024,3.403824752448871,,0,0.159,0.556,0.22237762237762235,0.08,0.035676308364666946,0.0009572897313941856,-0.9911343507741363,classic,0,0,0,none,0,0,0,1.14870216571386,0.035676308364666946,0.08756599314250998,0
sensor,1768474820115,97.43711089472609,0,0.0887451171875,0.1422882080078125,-0.9919891357421875,0.0887451171875,0.1422882080078125,-0.9919891357421875,0.013276124373078346,0.04884583503007889,-0.017438644543290138,10.0006336,10.0001960,2.800048101267042,14.468840104583098,1003.8640259411186,3.541887622349273,,0,0.12,0.677,0.15056461731493098,0,0.03775222862093383,-0.009766045931779653,-0.9906628951141545,classic,0,0,0,none,0,0,0,1.9639367563931955,0.03775222862093383,0.16118839030448798,0
sensor,1768474822110,102.1959349243188,0,0.043212890625,0.022003173828125,-1.0146331787109375,0.043212890625,0.022003173828125,-1.0146331787109375,-0.00782836228609085,0.0708422139286995,0.0005467469454742968,10.0006753,10.0002058,2.804146911120129,10.008732224265742,1003.5017006620765,3.567513582221865,,0,0.199,0.3590000000000001,0.35663082437275984,0.239,0.04051301568434812,0.003500022938175812,-0.989663455414339,classic,0,0,0,none,0,0,0,0.4441171210113595,0.04051301568434812,0.03135200000648341,0
sensor,1768474823143,105.25485896883495,0,0.0579071044921875,0.0468292236328125,-0.9944610595703125,0.0579071044921875,0.0468292236328125,-0.9944610595703125,0.0036043222062289715,-0.01834678277373314,-0.00535348616540432,10.0007014,10.0002147,2.813198128597774,14.241837691757718,1003.9639490777627,3.5503653431996285,,0,0.204,0.3540000000000001,0.3655913978494623,0.239,0.039483388184459595,-0.009197395241443897,-0.98977997837889,classic,0,0,0,none,0,0,0,0.7928710263093468,0.039483388184459595,0.05946087310668962,0
sensor,1768474825135,110.22482066913078,0,0.0465240478515625,-0.025970458984375,-1.0031585693359375,0.0465240478515625,-0.025970458984375,-1.0031585693359375,0.015124624595046043,0.1250993311405182,0.0065071675926446915,10.0007452,10.0002235,2.8155738389683895,10.865431412225757,1003.5839571179822,3.5607504617963732,,0,0.12,0.677,0.15056461731493098,0,0.04222158576016287,0.0009480183541564337,-0.991322448211526,classic,0,0,0,none,0,0,0,0.45157065997447304,0.04222158576016287,0.029868179460488288,0
sensor,1768474827127,114.7428318862545,0,0.0316162109375,0.01190185546875,-0.9546051025390625,0.0316162109375,0.01190185546875,-0.9546051025390625,-0.006366819143295288,-0.02105068974196911,0.015565111301839352,10.0007833,10.0002379,2.7933674367198007,18.321038294116736,1003.0403335206211,3.6145793700385607,,0,0.278,0.47900000000000004,0.3672391017173051,0.04,0.042036582243296136,-0.0013441975951371718,-0.9909053591927209,classic,0,0,0,none,0,0,0,0.794542245871057,0.042036582243296136,0.0402229926433487,0
sensor,1768474828123,118.2755685384607,0,0.029327392578125,0.001708984375,-1.00921630859375,0.029327392578125,0.001708984375,-1.00921630859375,-0.030435670167207718,-0.05922843515872955,-0.004058124963194132,10.0008148,10.0002421,2.792038055152448,12.305822655153165,1003.4799253195524,3.625447489021629,,0,0.119,0.678,0.14930991217063988,0,0.040695900957291246,0.0010634778626510408,-0.9909215758077317,classic,0,0,0,none,0,0,0,0.5325427261940544,0.040695900957291246,0.021657228322995298,0
sensor,1768474830116,122.80022379940797,0,-0.0037994384765625,0.0154876708984375,-0.945556640625,-0.0037994384765625,0.0154876708984375,-0.945556640625,-0.013520602136850357,0.031619444489479065,0.0020908478181809187,10.0008535,10.0002550,2.773510591829368,18.72747429094747,1003.8284524949268,3.647797722492516,,0,0.04,0.717,0.052840158520475564,0.04,0.03429089879851288,0.0005765615467040518,-0.9907392639321101,classic,0,0,0,none,0,0,0,0.5579874798868282,0.03429089879851288,0.06125448342236241,0
sensor,1768474831119,125.91635142342443,0,0.043731689453125,-0.1112518310546875,-0.9896087646484375,0.043731689453125,-0.1112518310546875,-0.9896087646484375,-0.01949460618197918,-0.054718371480703354,0.005089833401143551,10.0008813,10.0002580,2.7708603211292577,12.630617895835645,1004.0280677452683,3.699381675146174,,0,0.319,0.47800000000000004,0.4002509410288582,0,0.0358274155043398,0.0015481286253542967,-0.9908688940461863,classic,0,0,0,none,0,0,0,0.7006264396772129,0.0358274155043398,0.11365184057779758,0
sensor,1768474833143,130.67813823791408,0,0.04608154296875,0.027496337890625,-0.9960174560546875,0.04608154296875,0.027496337890625,-0.9960174560546875,0.0036155073903501034,-0.01685434766113758,0.009913616813719273,10.0009219,10.0002719,2.768169749722842,16.858689746083126,1004.1055095884949,3.7399429073401467,,0,0.438,0.35900000000000004,0.5495608531994981,0,0.03731891577865178,0.0015816106473931844,-0.9908145129246175,classic,0,0,0,none,0,0,0,0.212749685237459,0.03731891577865178,0.02798642816056251,0
sensor,1768474835135,135.3500170606103,0,0.053497314453125,0.1562347412109375,-0.987396240234375,0.053497314453125,0.1562347412109375,-0.987396240234375,0.0017038905061781406,-0.05378466844558716,0.02948332391679287,10.0009630,10.0002811,2.7280036312205187,14.150317088438559,1003.894835870713,3.742381364111301,,0,0.239,0.558,0.29987452948557086,0,0.041001395206586015,-0.0010124259626770066,-0.9904932027079698,classic,0,0,0,none,0,0,0,1.4579723532985926,0.041001395206586015,0.15856611971465126,0
sensor,1768474836131,138.36481843867335,0,0.0548553466796875,0.02581787109375,-0.994659423828125,0.0548553466796875,0.02581787109375,-0.994659423828125,-0.002817091764882207,-0.0035715652629733086,0.006500776391476393,10.0009893,10.0002875,2.7086156359395357,14.075060032273587,1003.4711864804849,3.774375313739153,,0,0.199,0.5569999999999999,0.26322751322751325,0.04,0.04136405723728091,0.0025738226715370533,-0.9925264175524495,classic,0,0,0,none,0,0,0,0.32646285880281395,0.04136405723728091,0.0270956412928598,0
sensor,1768474837127,141.49460752699636,0,0.0467529296875,-0.298431396484375,-0.8847503662109375,0.0467529296875,-0.298431396484375,-0.8847503662109375,0.0006402239087037742,0.025188177824020386,0.00833542738109827,10.0010170,10.0002929,2.715786498685401,13.0471394778315,1003.8111603297293,3.7617372486814364,,0,0.279,0.438,0.3891213389121339,0.08,0.039803215456418045,-0.007308500638282346,-0.9927761504336778,classic,0,0,0,none,0,0,0,2.8238967638583095,0.039803215456418045,0.3121576476406231,0
sensor,1768474839119,146.31875519184985,0,0.0616607666015625,0.045654296875,-1.01708984375,0.0616607666015625,0.045654296875,-1.01708984375,0.009471798315644264,0.002645317930728197,0.01732013374567032,10.0010591,10.0003034,2.7297509141170364,13.812913689625924,1004.3269102070481,3.743609560607822,,0,0.478,0.31800000000000006,0.6005025125628141,0,0.04099588998367585,0.004671180672097548,-0.9933063044892377,classic,0,0,0,none,0,0,0,0.37269771954530967,0.04099588998367585,0.05195415809802381,0
sensor,1768474841113,150.2720633833733,0,0.033111572265625,-0.0335845947265625,-1.0444793701171875,0.033111572265625,-0.0335845947265625,-1.0444793701171875,0.0028306739404797554,-0.12528735399246216,0.017173927277326584,10.0010943,10.0003088,2.692420157712493,11.686195284475112,1004.6000675400719,3.67794321223702,,0,0.439,0.23900000000000005,0.6474926253687315,0.119,0.043099147590826455,0.0016083706094330043,-0.9930958274987504,classic,0,0,0,none,0,0,0,0.9486421237882142,0.043099147590826455,0.06339283055218423,0
sensor,1768474842113,154.29185502978052,0,0.0728759765625,0.0818023681640625,-0.941070556640625,0.0728759765625,0.0818023681640625,-0.941070556640625,-0.019241072237491608,-0.08225652575492859,0.0033273533917963505,10.0011299,10.0003149,2.6873606296456356,10.326517343042322,1004.7126257857308,3.693916094312477,,0,0.08,0.518,0.13377926421404684,0.199,0.0438554801150967,0.004842430699559353,-0.9938547531700094,classic,0,0,0,none,0,0,0,0.6473411992831494,0.0438554801150967,0.09822130961677009,0
sensor,1768474844140,158.6460541549676,0,0.0617828369140625,0.041351318359375,-0.975189208984375,0.0617828369140625,0.041351318359375,-0.975189208984375,-0.006623015273362398,0.007481884676963091,0.031020766124129295,10.0011688,10.0003191,2.646929774019222,6.269757551287844,1004.9390546698123,3.7544163701257163,,0,0.16,0.438,0.2675585284280937,0.199,0.04119881870942452,0.0013294557384812943,-0.9939357622892984,classic,0,0,0,none,0,0,0,0.96976326222049,0.04119881870942452,0.048998294477505956,0
sensor,1768474845135,162.17633903360436,0,0.0119476318359375,0.07421875,-1.010772705078125,0.0119476318359375,0.07421875,-1.010772705078125,-0.005365204066038132,0.016625048592686653,0.004661863669753075,10.0011997,10.0003269,2.643982175223064,9.56739608541542,1004.9086557449773,3.8092855863392288,,0,0.119,0.678,0.14930991217063988,0,0.04016854136237979,0.004129062695603792,-0.993696717006783,classic,0,0,0,none,0,0,0,0.5889944057636459,0.04016854136237979,0.07785263107557805,0
sensor,1768474847127,166.50814681535726,0,0.0165252685546875,0.0005950927734375,-0.9763641357421875,0.0165252685546875,0.0005950927734375,-0.9763641357421875,-0.004043211229145527,-0.050752926617860794,0.012295282445847988,10.0012381,10.0003331,2.6105124144386855,9.320843727251994,1005.432263107039,3.80978017430507,,0,0.159,0.558,0.22175732217573219,0.08,0.03925209015902511,0.0026689808317256346,-0.9938959719776371,classic,0,0,0,none,0,0,0,0.7145650118392808,0.03925209015902511,0.028922638030302053,0
sensor,1768474848124,170.26407101164162,0,-0.0467376708984375,-0.106109619140625,-0.9543609619140625,-0.0467376708984375,-0.106109619140625,-0.9543609619140625,-0.016142483800649643,-0.05178489908576012,-0.0012434299569576979,10.0012715,10.0003381,2.6179518859619506,8.896913695439132,1005.6118618194014,3.8028430589276114,,0,0.12,0.677,0.15056461731493098,0,0.036456724224108866,0.004839175711241468,-0.9931051166856765,classic,0,0,0,none,0,0,0,0.8482341225903373,0.036456724224108866,0.1447098401727989,0
sensor,1768474850115,175.37595239258465,0,0.0469512939453125,-0.003631591796875,-1.0045318603515625,0.0469512939453125,-0.003631591796875,-1.0045318603515625,0.008795355446636677,0.07630062848329544,0.012065717950463295,10.0013172,10.0003438,2.6321998823285186,7.599356861146272,1005.442713689059,3.7701589326644798,,0,0.199,0.5940000000000001,0.25094577553593944,0,0.03219488965630334,0.004682423644304552,-0.9920486533397256,classic,0,0,0,none,0,0,0,0.41379074027518065,0.03219488965630334,0.021146282202215035,0
sensor,1768474852108,180.3000084316777,0,0.0795135498046875,0.1556549072265625,-0.97125244140625,0.0795135498046875,0.1556549072265625,-0.97125244140625,0.009693640284240246,0.005916478578001261,0.022646456956863403,10.0013611,10.0003496,2.618783626732655,6.602004085184912,1005.3384952051565,3.8059177195748664,,0,0.158,0.598,0.20899470899470898,0.041,0.033401666159087504,-0.0006754411277390629,-0.9914111719971311,classic,0,0,0,none,0,0,0,1.203404264432303,0.033401666159087504,0.16505639366448785,0
sensor,1768474854140,186.46945169905024,0,-0.1407623291015625,-0.3178253173828125,-1.01763916015625,-0.1407623291015625,-0.3178253173828125,-1.01763916015625,-0.015234879218041897,-0.021698903292417526,-0.01022946834564209,10.0014160,10.0003574,2.6286247984835245,7.12122116314445,1005.2610404351726,3.7229831883080022,,0,0.159,0.638,0.19949811794228356,0,0.02884646119231007,-0.002656719274889546,-0.9923620791782222,classic,0,0,0,none,0,0,0,2.4072235857619892,0.02884646119231007,0.36060284393120157,0
sensor,1768474856132,191.69150291931192,0,0.0291595458984375,0.0394439697265625,-1.00177001953125,0.0291595458984375,0.0394439697265625,-1.00177001953125,-0.0004242415598127991,-0.06434357166290283,0.015536082908511162,10.0014629,10.0003611,2.6510277760869796,5.581153943692531,1004.7002190547064,3.695298499786629,,0,0.199,0.43800000000000006,0.31240188383045525,0.16,0.023912907611645457,0.005491880852462913,-0.9910209545582988,classic,0,0,0,none,0,0,0,0.3945630804317014,0.023912907611645457,0.0361783074168375,0
sensor,1768474858124,195.5156424377177,0,0.072845458984375,0.0596466064453125,-0.9925994873046875,0.072845458984375,0.0596466064453125,-0.9925994873046875,0.013294233940541744,0.0657462552189827,0.010266751982271671,10.0014969,10.0003658,2.6162243789535884,7.978712822299746,1004.449556353502,3.7183390298584165,,0,0.08,0.7170000000000001,0.10037641154328733,0,0.018340774196282827,0.0045816507375741125,-0.9911157260203,classic,0,0,0,none,0,0,0,1.38676584960261,0.018340774196282827,0.07788206519398645,0
sensor,1768474859120,199.5575671509501,0,-0.0380096435546875,0.049346923828125,-1.019927978515625,-0.0380096435546875,0.049346923828125,-1.019927978515625,0.0005571332876570523,-0.01835557073354721,-0.00006764429417671636,10.0015331,10.0003697,2.611000311608835,6.463416392343629,1004.359253892675,3.6979952364260393,,0,0.04,0.677,0.05578800557880055,0.08,0.01801334324425649,0.006492777156030181,-0.9911725664530354,classic,0,0,0,none,0,0,0,0.6158701388825045,0.01801334324425649,0.07655314487372952,0
sensor,1768474860116,202.60997211854198,0,-0.007843017578125,0.1214447021484375,-1.015777587890625,-0.007843017578125,0.1214447021484375,-1.015777587890625,0.01552036963403225,0.15069204568862915,-0.0022509037517011166,10.0015604,10.0003722,2.6307792073145024,5.873362784177681,1004.5503145316616,3.7136489515797746,,0,0,0.797,0,0,0.013307593763401243,-0.005260067817077608,-0.9915883845743666,classic,0,0,0,none,0,0,0,1.8808849511610317,0.013307593763401243,0.13137244910958523,0
sensor,1768474862115,207.93799516998578,0,0.0500335693359375,0.0338897705078125,-1.02655029296875,0.0500335693359375,0.0338897705078125,-1.02655029296875,-0.013333648443222046,-0.05314258113503456,0.0011560781858861446,10.0016081,10.0003769,2.665495157207414,5.701394358454343,1004.4688563225791,3.763143821609382,,0,0.079,0.677,0.10449735449735449,0.04,0.019269135592412702,0.006221114514289469,-0.9917141195252561,classic,0,0,0,none,0,0,0,0.59837635058593,0.019269135592412702,0.054360283446522634,0
sensor,1768474864140,212.55662247803048,0,0.0268707275390625,-0.01513671875,-1.02093505859375,0.0268707275390625,-0.01513671875,-1.02093505859375,-0.009811884723603725,-0.11431485414505005,0.024217987433075905,10.0016496,10.0003746,2.6723014987164118,357.7755535598081,1005.5761142121628,3.7565137696323587,,0,0.12,0.637,0.15852047556142668,0.04,0.027508980499205426,0.0022051145849102624,-0.9897808682858574,classic,0,0,0,none,0,0,0,0.7893352467323999,0.027508980499205426,0.035840527965695444,0
sensor,1768474865136,216.21309212307233,0,0.0571746826171875,-0.0450286865234375,-0.9834747314453125,0.0571746826171875,-0.0450286865234375,-0.9834747314453125,0.010729343630373478,0.029929136857390404,0.003954794257879257,10.0016820,10.0003802,2.7076732380337503,3.2981498613655247,1005.4444169122726,3.7635578967797603,,0,0.169,0.598,0.22033898305084748,0.04,0.031056644431041537,0.003875496500509786,-0.9897738811045965,classic,0,0,0,none,0,0,0,0.7907286276243953,0.031056644431041537,0.056078693822823544,0
sensor,1768474867128,220.6953580701877,0,0.055206298828125,-0.008819580078125,-0.89862060546875,0.055206298828125,-0.008819580078125,-0.89862060546875,-0.0015614113071933389,0.11099842190742493,0.0010751180816441774,10.0017223,10.0003808,2.7058626218431363,1.3627890512802294,1004.9745049541816,3.794086537817985,,0,0,0.638,0,0.159,0.036602294615418904,0.0007898965203497851,-0.9899564449781384,classic,0,0,0,none,0,0,0,0.6243354544476148,0.036602294615418904,0.09417619883756201,0
sensor,1768474868124,224.03404951889397,0,-0.031219482421875,-0.2107391357421875,-0.9810791015625,-0.031219482421875,-0.2107391357421875,-0.9810791015625,-0.01978994905948639,-0.09255602955818176,0.0008045409340411425,10.0017522,10.0003839,2.7167622274595398,2.9550020243102146,1005.1983514297754,3.7685900155321326,,0,0.119,0.678,0.14930991217063988,0,0.03729945371129493,0.0007077067334623234,-0.9900769822074883,classic,0,0,0,none,0,0,0,0.9408163825413438,0.03729945371129493,0.22357138839934435,0
sensor,1768474870118,229.14733879012815,0,0.0571746826171875,0.014190673828125,-0.981170654296875,0.0571746826171875,0.014190673828125,-0.981170654296875,-0.0018751317402347922,0.060690511018037796,0.0036155073903501034,10.0017982,10.0003852,2.7315862028014157,1.8661059792999422,1005.478078131564,3.78502060382272,,0,0.358,0.44100000000000006,0.4480600750938673,0,0.03739836366545578,0.0019129835352517171,-0.9904865755863999,classic,0,0,0,none,0,0,0,0.431506184436266,0.03739836366545578,0.02519850455650104,0
sensor,1768474871113,232.17523181398698,0,0.02264404296875,-0.232879638671875,-1.01922607421875,0.02264404296875,-0.232879638671875,-1.01922607421875,-0.023209182545542717,-0.08037207275629044,0.0057074204087257385,10.0018253,10.0003874,2.774594859304052,2.8473475705869764,1004.8498578248546,3.740132178396064,,0,0.16,0.637,0.20075282308657466,0,0.040339468888162304,-0.0011265970986310326,-0.9905916560818441,classic,0,0,0,none,0,0,0,1.293201111979134,0.040339468888162304,0.23536162891431817,0
sensor,1768474873144,237.07367530500846,0,0.0341949462890625,0.0298614501953125,-0.9678802490234375,0.0341949462890625,0.0298614501953125,-0.9678802490234375,0.0020780644845217466,-0.14325062930583954,-0.005197425372898579,10.0018693,10.0003895,2.802486416449013,2.569675269782349,1005.0174529086798,3.6954593128062427,,0,0.119,0.5980000000000001,0.16596931659693162,0.08,0.041924918526846246,0.0021056874073692466,-0.9893435703192329,classic,0,0,0,none,0,0,0,0.6608867404738775,0.041924918526846246,0.03610837229673302,0
sensor,1768474874140,240.27990801128644,0,-0.0656280517578125,-0.2986297607421875,-1.0033111572265625,-0.0656280517578125,-0.2986297607421875,-1.0033111572265625,-0.016442622989416122,0.0060293967835605145,-0.008676844649016857,10.0018981,10.0003912,2.8443555608158597,2.5440342549204433,1004.8993081049994,3.630276849571028,,0,0.159,0.638,0.19949811794228356,0,0.04000422048481193,-0.0075963258716646755,-0.9895451998787397,classic,0,0,0,none,0,0,0,2.690666815998012,0.04000422048481193,0.31147371005776214,0
sensor,1768474876132,244.99711616091963,0,0.0658721923828125,0.0192413330078125,-0.9998779296875,0.0658721923828125,0.0192413330078125,-0.9998779296875,-0.002823749789968133,-0.16562971472740173,0.014390923082828522,10.0019405,10.0003936,2.86792513856844,2.9014031581227746,1004.2085695490241,3.6416771930404304,,0,0.2,0.5170000000000001,0.2789400278940028,0.079,0.03451811317885425,0.0037250318485458323,-0.9887639683763813,classic,0,0,0,none,0,0,0,0.5011757748050755,0.03451811317885425,0.03689077513534796,0
sensor,1768474877128,248.20212595935482,0,-0.051971435546875,-0.1699676513671875,-0.99615478515625,-0.051971435546875,-0.1699676513671875,-0.99615478515625,0.03153342381119728,0.09720378369092941,0.005138303153216839,10.0019693,10.0003940,2.903107717910496,2.245064370468391,1004.5967983203009,3.6507038304156003,,0,0.12,0.47800000000000004,0.20066889632107018,0.199,0.025355814230392314,-0.0071055553366516965,-0.9882739548208965,classic,0,0,0,none,0,0,0,2.4349891492559883,0.025355814230392314,0.1813664492477997,0
sensor,1768474879120,253.12677794925125,0,0.030548095703125,0.034210205078125,-0.9831695556640625,0.030548095703125,0.034210205078125,-0.9831695556640625,-0.0008876316132955253,-0.01938355155289173,0.007391603663563728,10.0020135,10.0003972,2.9237679259941656,3.314186271960984,1003.68869147636,3.704554475260566,,0,0.319,0.398,0.4449093444909344,0.08,0.0240975467577836,0.005484078048307451,-0.9870976597273471,classic,0,0,0,none,0,0,0,0.5376412798602925,0.0240975467577836,0.029851614161891735,0
sensor,1768474880116,256.26249707284273,0,-0.0575408935546875,0.027191162109375,-1.00811767578125,-0.0575408935546875,0.027191162109375,-1.00811767578125,0.05126798152923584,0.2396104633808136,0.0150402020663023,10.0020416,10.0003977,2.9543025909350713,2.7214233828817096,1004.099469226785,3.6542057820280496,,0,0.16,0.478,0.2507836990595611,0.159,0.01805556253560201,-0.007188262788096138,-0.9883158484504091,classic,0,0,0,none,0,0,0,1.9785981412302118,0.01805556253560201,0.08580396577516836,0
sensor,1768474882116,261.6437091522515,0,-0.026611328125,0.0536041259765625,-0.9634246826171875,-0.026611328125,0.0536041259765625,-0.9634246826171875,-0.012171179056167603,-0.03196192905306816,0.005820604972541332,10.0020900,10.0003989,2.997175350888657,1.993716507475518,1004.6603568037972,3.709452694162975,,0,0.239,0.47800000000000004,0.33333333333333326,0.08,0.019588095465526305,0.006525034341294153,-0.9885690747010306,classic,0,0,0,none,0,0,0,0.5436446805529803,0.019588095465526305,0.07094557759646014,0
sensor,1768474884140,265.89464653607763,0,0.095977783203125,0.0459442138671875,-0.9347381591796875,0.095977783203125,0.0459442138671875,-0.9347381591796875,0.010006029158830643,0.03560992702841759,0.007397995330393314,10.0021280,10.0004030,2.973132803303749,2.6625247458990806,1004.9289168082178,3.809873274186564,,0,0.119,0.677,0.1494974874371859,0,0.01928676649896764,0.0039281377871236214,-0.9892630107340084,classic,0,0,0,none,0,0,0,0.8108454514400931,0.01928676649896764,0.10357037308301452,0
sensor,1768474885136,269.50949863236804,0,-0.0265655517578125,-0.0040283203125,-1.0629425048828125,-0.0265655517578125,-0.0040283203125,-1.0629425048828125,0.01900405064225197,0.20176081359386444,-0.006039782892912626,10.0021604,10.0004062,2.9621677507544266,4.321734539105895,1004.5810695867985,3.7946024081322,,0,0.12,0.677,0.15056461731493098,0,0.019120776611528667,0.0058052697539137735,-0.9893547976731408,classic,0,0,0,none,0,0,0,0.701656697277715,0.019120776611528667,0.08761081787394813,0
sensor,1768474887128,273.9817636992437,0,0.0538787841796875,0.00439453125,-0.96893310546875,0.0538787841796875,0.00439453125,-0.96893310546875,-0.004033890087157488,0.10290427505970001,-0.0070730894804000854,10.0022005,10.0004095,2.911428019434379,5.345036151588793,1004.5919446535408,3.8397249864143674,,0,0.08,0.6380000000000001,0.11142061281337046,0.079,0.018367262004453246,0.003404718985714003,-0.9891416928983362,classic,0,0,0,none,0,0,0,0.634512866829851,0.018367262004453246,0.04107633642285791,0
sensor,1768474888124,278.2961727212839,0,0.0753936767578125,-0.0386810302734375,-0.998748779296875,0.0753936767578125,-0.0386810302734375,-0.998748779296875,-0.01510065607726574,0.060319267213344574,0.0005941512063145638,10.0022390,10.0004139,2.922261151712174,5.579863081682833,1005.1860301112756,3.8152855940219035,,0,0.12,0.677,0.15056461731493098,0,0.024076759657752266,0.0043725926189394655,-0.9896210069615422,classic,0,0,0,none,0,0,0,0.721946955920094,0.024076759657752266,0.06794413363522381,0
sensor,1768474890116,281.9541712845834,0,-0.067901611328125,0.0081329345703125,-1.035552978515625,-0.067901611328125,0.0081329345703125,-1.035552978515625,-0.00896766223013401,0.25638678669929504,-0.0093317162245512,10.0022719,10.0004149,2.897025985078476,3.608886695114936,1004.8928807163611,3.8200615389726824,,0,0.08,0.736,0.09803921568627452,0,0.0295304778161944,0.0010477465804494322,-0.9921961737924403,classic,0,0,0,none,0,0,0,0.7285390925460257,0.0295304778161944,0.10741562790364383,0
sensor,1768474891115,285.55989653414485,0,-0.010986328125,-0.2940826416015625,-1.02362060546875,-0.010986328125,-0.2940826416015625,-1.02362060546875,-0.027065971866250038,-0.13400787115097046,-0.01197117567062378,10.0023041,10.0004188,2.885057927351214,4.950918212036063,1004.528503430076,3.8312362507978577,,0,0.079,0.7170000000000001,0.0992462311557789,0,0.031744858255612296,-0.00010525634246560142,-0.9923291484166906,classic,0,0,0,none,0,0,0,1.309630373704881,0.031744858255612296,0.3002113051240084,0
sensor,1768474893144,290.6107349450306,0,-0.0177001953125,0.0452117919921875,-0.9726104736328125,-0.0177001953125,0.0452117919921875,-0.9726104736328125,-0.0064805359579622746,0.00430100504308939,0.002630670554935932,10.0023494,10.0004221,2.8736468561965673,4.673890534072558,1004.3902764841914,3.841219137231415,,0,0.199,0.3980000000000001,0.3333333333333333,0.2,0.030784902645088597,0.002275540580248349,-0.9927954003763878,classic,0,0,0,none,0,0,0,0.46535989456043514,0.030784902645088597,0.06817714207013005,0
sensor,1768474895136,295.1808220462086,0,0.08624267578125,0.0960693359375,-0.9693603515625,0.08624267578125,0.0960693359375,-0.9693603515625,0.0034903388004750013,-0.027147730812430382,0.002379534300416708,10.0023905,10.0004242,2.8128237440841515,2.4895671952394536,1004.9672309830785,3.8806764189505834,,0,0.319,0.44000000000000006,0.4202898550724637,0.039,0.027217715647357796,0.0010947995741945906,-0.9915809584503977,classic,0,0,0,none,0,0,0,1.6107479580829138,0.027217715647357796,0.11458107987250668,0
sensor,1768474896132,298.5061519606682,0,0.0925750732421875,0.025665283203125,-0.995452880859375,0.0925750732421875,0.025665283203125,-0.995452880859375,-0.005637113004922867,0.033843982964754105,0.00606534956023097,10.0024203,10.0004264,2.7823147496142293,3.0767913795042032,1004.886289075017,3.8768344257212206,,0,0.039,0.677,0.05446927374301675,0.08,0.028102145356465193,0.003319451298035467,-0.9908387433131554,classic,0,0,0,none,0,0,0,0.4434564230152499,0.028102145356465193,0.06873508496567275,0
sensor,1768474897128,301.761378745468,0,0.0090484619140625,-0.2425537109375,-1.004150390625,0.0090484619140625,-0.2425537109375,-1.004150390625,-0.010988202877342701,-0.03702219948172569,0.01642877422273159,10.0024495,10.0004293,2.7874229109118884,3.7537845590945094,1004.5913056815043,3.8882205448031257,,0,0,0.7060000000000001,0,0.08,0.029906765189698113,-0.007948046794994097,-0.9913363673101286,classic,0,0,0,none,0,0,0,2.3968538328922615,0.029906765189698113,0.23706471150142805,0
sensor,1768474899120,306.8988006046876,0,0.00213623046875,0.067474365234375,-1.002838134765625,0.00213623046875,0.067474365234375,-1.002838134765625,0.0064805359579622746,0.043831370770931244,0.01317971758544445,10.0024957,10.0004296,2.8032609588161814,1.898993087569898,1004.9501776378602,3.899031420918483,,0,0.239,0.43700000000000006,0.35355029585798814,0.12,0.031136184445750593,0.005108574500330243,-0.9898247342554816,classic,0,0,0,none,0,0,0,0.6086639307545078,0.031136184445750593,0.07035059422861115,0
sensor,1768474900118,309.9233935709825,0,0.071990966796875,0.0717926025390625,-1.0093231201171875,0.071990966796875,0.0717926025390625,-1.0093231201171875,0.010977549478411674,-0.04045741260051727,0.006105296779423952,10.0025227,10.0004321,2.847082258805834,3.0052251783009383,1005.0502685308456,3.884845369882236,,0,0.08,0.679,0.10540184453227931,0.04,0.031052604879473082,-0.007767022736057737,-0.9895929253195339,classic,0,0,0,none,0,0,0,1.773166410925786,0.031052604879473082,0.09208445864368209,0
sensor,1768474902117,315.2069362475074,0,0.0164642333984375,-0.00274658203125,-0.964324951171875,0.0164642333984375,-0.00274658203125,-0.964324951171875,0.01128301490098238,0.08950644731521606,0.006988134700804949,10.0025698,10.0004388,2.891293095827948,6.029618646868908,1004.81018751394,3.9461265119157143,,0,0.12,0.558,0.17699115044247785,0.119,0.0341361267873506,0.00428895081449054,-0.9899882366569817,classic,0,0,0,none,0,0,0,0.4415463348692449,0.0341361267873506,0.03210420207978558,0
sensor,1768474904140,319.71786077197083,0,0.0166473388671875,0.012908935546875,-1.001617431640625,0.0166473388671875,0.012908935546875,-1.001617431640625,0.02881726622581482,0.20195814967155457,0.009801497682929039,10.0026104,10.0004393,2.8778254513861676,2.9581161781241665,1005.1295019937679,3.9509114395602483,,0,0.119,0.637,0.1574074074074074,0.04,0.036903224218892014,0.001164014582985396,-0.9911804867599671,classic,0,0,0,none,0,0,0,0.5380883332050479,0.036903224218892014,0.025764223950041413,0
sensor,1768474905136,322.9307100296848,0,-0.0244293212890625,0.0293426513671875,-0.9776611328125,-0.0244293212890625,0.0293426513671875,-0.9776611328125,-0.01248383428901434,-0.03773592785000801,-0.0006476807757280767,10.0026391,10.0004423,2.8676707812528717,3.9765129635004377,1004.6279126666486,3.939430353562773,,0,0.232,0.5680000000000001,0.29,0,0.0363971789088595,0.004493046091069819,-0.9905684281919793,classic,0,0,0,none,0,0,0,0.7033750841620652,0.0363971789088595,0.06729890399514162,0
sensor,1768474907128,327.90496198250605,0,0.0239410400390625,0.0000152587890625,-0.9860992431640625,0.0239410400390625,0.0000152587890625,-0.9860992431640625,-0.0026288062799721956,0.017369668930768967,-0.00660463934764266,10.0026836,10.0004473,2.839952207313452,4.957569160521865,1005.1278096698225,3.9590706909947353,,0,0.12,0.677,0.15056461731493098,0,0.03681923420656079,0.001623894556846118,-0.9922820825917865,classic,0,0,0,none,0,0,0,0.4724212276179741,0.03681923420656079,0.014448021737461413,0
sensor,1768474908124,331.08002077086024,0,-0.0610504150390625,-0.3240203857421875,-1.0084381103515625,-0.0610504150390625,-0.3240203857421875,-1.0084381103515625,-0.02069329470396042,-0.05860525742173195,-0.0046637277118861675,10.0027120,10.0004494,2.8344073442056668,4.079474480619829,1004.872819468379,3.8979944455265243,,0,0.358,0.43900000000000006,0.44918444165621074,0,0.033295814560454114,0.0002805625282713078,-0.9919298660548316,classic,0,0,0,none,0,0,0,1.4528067736807557,0.033295814560454114,0.3398483779503427,0
sensor,1768474910116,336.079132293976,0,0.009246826171875,0.0418853759765625,-0.9976806640625,0.009246826171875,0.0418853759765625,-0.9976806640625,-0.003144926857203245,0.031242607161402702,-0.0008732505375519395,10.0027568,10.0004532,2.8323209291864915,4.932680699677014,1004.2048661643639,3.8836509687922725,,0,0.478,0.2790000000000001,0.6314398943196828,0.04,0.027166154644720233,0.003180940343520615,-0.9929017345989288,classic,0,0,0,none,0,0,0,0.6244053913998314,0.027166154644720233,0.04313389213365172,0
sensor,1768474912118,340.019202868173,0,0.03955078125,0.1343231201171875,-0.9852447509765625,0.03955078125,0.1343231201171875,-0.9852447509765625,0.03050544485449791,0.039138879626989365,0.026813505217432976,10.0027922,10.0004546,2.759397256630192,3.2900917204832605,1004.3475964209065,3.8680424970609075,,0,0.079,0.7180000000000001,0.09912170639899623,0,0.024186910066424025,-0.0003302999718969073,-0.9924057174821167,classic,0,0,0,none,0,0,0,1.2303573053656205,0.024186910066424025,0.13639813385321684,0
sensor,1768474913144,343.2713348431103,0,0.05633544921875,0.0420684814453125,-0.9976959228515625,0.05633544921875,0.0420684814453125,-0.9976959228515625,-0.009368201717734337,-0.04977687820792198,0.0073471288196742535,10.0028214,10.0004567,2.7113369755935044,3.091996787344422,1003.8276960141957,3.8429194251560235,,0,0.12,0.47800000000000004,0.20066889632107018,0.199,0.028046572326368813,0.004656951004151784,-0.9918296064666383,classic,0,0,0,none,0,0,0,0.40995898773099393,0.028046572326368813,0.047505878567631894,0
sensor,1768474914140,347.01535344021636,0,-0.03265380859375,-0.1299285888671875,-1.0173797607421875,-0.03265380859375,-0.1299285888671875,-1.0173797607421875,0.033123597502708435,0.147734597325325,0.00743181724101305,10.0028549,10.0004607,2.7248980015889304,4.545752252686941,1004.2717260802165,3.826033366362916,,0,0.2,0.5579999999999999,0.2638522427440633,0.039,-0.01974549107241953,-0.14316989527371296,-0.9642416500288342,classic,0,0,0,none,0,0,0,1.610978646880533,-0.01974549107241953,0.056546536917572075,0
sensor,1768474916132,351.1244920130354,0,0.00982666015625,0.0521087646484375,-0.998504638671875,0.00982666015625,0.0521087646484375,-0.998504638671875,-0.013991981744766235,-0.01672651618719101,0.015864983201026917,10.0028913,10.0004671,2.7457748224590435,7.211646144551136,1003.4654352562502,3.8431843924724483,,0,0.079,0.7170000000000001,0.0992462311557789,0,-0.009116459427068976,-0.09919981842378094,-0.9702454190897822,classic,0,0,0,none,0,0,0,1.603977167288996,-0.009116459427068976,0.155865473046461,0
sensor,1768474918124,355.0727173423654,0,0.01922607421875,-0.063201904296875,-0.9548797607421875,0.01922607421875,-0.063201904296875,-0.9548797607421875,0.0011891013709828258,0.04068564251065254,0.00620995881035924,10.0029266,10.0004708,2.712230691341594,8.975408709632053,1003.2530954759568,3.8282344271774633,,0,0.079,0.678,0.10435931307793923,0.04,-0.0039841073364484435,-0.07860931582328505,-0.9744936053289572,classic,0,0,0,none,0,0,0,1.4286865831658189,-0.0039841073364484435,0.03424177914695581,0
sensor,1768474919120,359.18592016464095,0,0.0233001708984375,0.02789306640625,-0.9702301025390625,0.0233001708984375,0.02789306640625,-0.9702301025390625,-0.023298930376768112,-0.13843484222888947,-0.0034141724463552237,10.0029635,10.0004736,2.709036835554118,6.975573383845372,1003.1786359185353,3.861116876816563,,0,0.279,0.47900000000000004,0.36807387862796836,0.039,0.0014706687668185228,-0.0661741961395819,-0.9776652802260407,classic,0,0,0,none,0,0,0,1.28213929344218,0.0014706687668185228,0.09733946659341604,0
sensor,1768474921112,363.52248075738237,0,0.094573974609375,0.0186004638671875,-0.9984283447265625,0.094573974609375,0.0186004638671875,-0.9984283447265625,0.02762523666024208,0.019282884895801544,0.017883125692605972,10.0030024,10.0004714,2.6776399204545003,0.8756338330330559,1003.1789141502231,3.936660081642119,,0,0.16,0.597,0.21136063408190225,0.039,0.0054472586264925245,-0.05224754690414296,-0.9816431122428089,classic,0,0,0,none,0,0,0,1.0858782453346738,0.0054472586264925245,0.11566418522614637,0
sensor,1768474922115,366.96070853685194,0,0.022247314453125,0.01519775390625,-1.015167236328125,0.022247314453125,0.01519775390625,-1.015167236328125,-0.028559738770127296,0.034448787569999695,0.0023987090680748224,10.0030333,10.0004733,2.6790792128528285,2.0421349304272027,1002.8052628803998,3.94751409543045,,0,0.12,0.677,0.15056461731493098,0,0.010143965187637497,-0.04318220904710188,-0.9828218905456229,classic,0,0,0,none,0,0,0,0.7939178846422835,0.010143965187637497,0.0681710293442474,0
sensor,1768474924140,371.6763172760467,0,0.0581817626953125,-0.016845703125,-0.986419677734375,0.0581817626953125,-0.016845703125,-0.986419677734375,0.00004394215648062527,0.0658666342496872,0.0006058691651560366,10.0030756,10.0004767,2.668823086728563,4.172389529480658,1002.6923140343279,3.9651962879447997,,0,0.08,0.6370000000000001,0.1115760111576011,0.079,0.014814274488511749,-0.03457770305166697,-0.9863184665958633,classic,0,0,0,none,0,0,0,0.5501221383724821,0.014814274488511749,0.04708811497517965,0
sensor,1768474925136,375.12480934959655,0,-0.0179290771484375,-0.2682647705078125,-0.9718780517578125,-0.0179290771484375,-0.2682647705078125,-0.9718780517578125,-0.021258151158690453,-0.004081028047949076,-0.0035305526107549667,10.0031065,10.0004789,2.6776677440014667,4.325513256002908,1003.1128969257697,3.9797519852082752,,0,0.398,0.35900000000000004,0.5257595772787318,0.04,0.01783334538208199,-0.03079981608124412,-0.9868539883596171,classic,0,0,0,none,0,0,0,0.969655329783649,0.01783334538208199,0.24181838961373428,0
sensor,1768474927128,380.297935520694,0,0.038421630859375,0.0268096923828125,-0.98284912109375,0.038421630859375,0.0268096923828125,-0.98284912109375,0.008387359790503979,0.06321065872907639,0.011582087725400925,10.0031530,10.0004803,2.6930139815099627,2.6757274999081386,1003.3455015532672,4.021794119463887,,0,0.16,0.637,0.20075282308657466,0,0.02046401249760179,-0.02221848231738283,-0.9869214373844486,classic,0,0,0,none,0,0,0,0.5520221600596624,0.02046401249760179,0.0526351312396156,0
sensor,1768474929120,384.65218627471467,0,0.060333251953125,0.10601806640625,-1.004302978515625,0.060333251953125,0.10601806640625,-1.004302978515625,-0.010949053801596165,-0.10149013996124268,0.00035366779775358737,10.0031921,10.0004825,2.6740150602198507,2.306994829073392,1003.7938054446131,4.021509679937903,,0,0.12,0.677,0.15056461731493098,0,0.03098348349513138,-0.02109907456255078,-0.9876604455408189,classic,0,0,0,none,0,0,0,1.779762985037166,0.03098348349513138,0.1321795287972847,0
sensor,1768474930116,387.92066694599515,0,0.05230712890625,0.06890869140625,-1.0255126953125,0.05230712890625,0.06890869140625,-1.0255126953125,-0.0032317459117621183,-0.008123972453176975,0.005675995256751776,10.0032212,10.0004779,2.671345069218034,356.7792359682617,1003.536685035564,3.9949024520849106,,0,0.08,0.7170000000000001,0.10037641154328733,0,0.029826707679729208,-0.014875657956165364,-0.9869216154143322,classic,0,0,0,none,0,0,0,0.7103578633266072,0.029826707679729208,0.09542160753242934,0
sensor,1768474932116,391.9121935278363,0,0.0543212890625,0.0367889404296875,-1.04473876953125,0.0543212890625,0.0367889404296875,-1.04473876953125,-0.0006114617572166026,-0.026088858023285866,0.003954794257879257,10.0032570,10.0004805,2.6115669709152636,358.8341777304847,1003.4027273580432,3.9061144135160673,,0,0.079,0.678,0.10435931307793923,0.04,0.034250690633676514,-0.012543084601308674,-0.9880194500388205,classic,0,0,0,none,0,0,0,1.0751015467245524,0.034250690633676514,0.07819559750742312,0
sensor,1768474933144,396.0294686865013,0,-0.009918212890625,0.0404815673828125,-1.0018463134765625,-0.009918212890625,0.0404815673828125,-1.0018463134765625,0.004546282347291708,0.01013865415006876,0.01564127765595913,10.0032938,10.0004846,2.61218660571039,3.014803486802891,1003.3599681751803,3.8708694518104245,,0,0.112,0.637,0.14953271028037385,0.048,0.0324662546514509,-0.00822647917855997,-0.9865745371499542,classic,0,0,0,none,0,0,0,0.5930206189808988,0.0324662546514509,0.06668206548198004,0
sensor,1768474935136,400.2017438191325,0,0.09100341796875,0.0006256103515625,-1.0134429931640625,0.09100341796875,0.0006256103515625,-1.0134429931640625,0.02575969137251377,-0.09108836203813553,0.02611788734793663,10.0033303,10.0004933,2.586475608922327,10.981593239858231,1002.9923181757331,3.900877095124737,,0,0.318,0.43900000000000006,0.42007926023778064,0.04,0.032621925584709006,-0.008715225623923835,-0.9874762895689059,classic,0,0,0,none,0,0,0,0.760136864855141,0.032621925584709006,0.06489941142258068,0
sensor,1768474936132,403.74602506138865,0,0.076751708984375,0.01556396484375,-0.9383087158203125,0.076751708984375,0.01556396484375,-0.9383087158203125,-0.0004950816510245204,-0.0412566252052784,0.0032051142770797014,10.0033622,10.0004936,2.5817288560798355,6.242056149522421,1002.8364208796993,3.888187640078774,,0,0.318,0.47800000000000004,0.39949748743718594,0,0.03170137050082983,-0.002922131452846763,-0.98679459689667,classic,0,0,0,none,0,0,0,0.7066238083376584,0.03170137050082983,0.06906321342669858,0
sensor,1768474938124,408.44650101503885,0,-0.022491455078125,-0.0193634033203125,-0.973236083984375,-0.022491455078125,-0.0193634033203125,-0.973236083984375,0.006642722524702549,0.046183474361896515,0.006885070353746414,10.0034044,10.0004929,2.5573885909059944,2.215203101486717,1003.7146411240101,3.8910365832036606,,0,0,0.796,0,0,0.028068727058145528,-0.004427480687974239,-0.9878719354309415,classic,0,0,0,none,0,0,0,0.5527057322118677,0.028068727058145528,0.0549889461389082,0
sensor,1768474939120,411.68686487083073,0,-0.053741455078125,-0.0585174560546875,-1.0480194091796875,-0.053741455078125,-0.0585174560546875,-1.0480194091796875,-0.019879698753356934,-0.08439717441797256,-0.002822950715199113,10.0034336,10.0004938,2.5624696571163734,2.3167910788391914,1003.3567971466109,3.885111620904378,,0,0.159,0.598,0.21003963011889035,0.04,0.027555735948408624,-0.001518412315544939,-0.9880440657474509,classic,0,0,0,none,0,0,0,0.5657839879117137,0.027555735948408624,0.11657930195319387,0
sensor,1768474941120,415.85110907214846,0,0.0159454345703125,0.0148773193359375,-0.9764862060546875,0.0159454345703125,0.0148773193359375,-0.9764862060546875,-0.014156032353639603,0.1665961742401123,0.0022242721170186996,10.0034710,10.0004961,2.544942187626411,2.2234811112736605,1003.2060603974387,3.9360551984403793,,0,0.16,0.558,0.2228412256267409,0.079,0.029638100536180243,-0.0032836277779942293,-0.9884802299073017,classic,0,0,0,none,0,0,0,0.774576947498108,0.029638100536180243,0.025842354511337887,0
sensor,1768474942111,419.44220046528153,0,0.05755615234375,-0.069732666015625,-1.0142364501953125,0.05755615234375,-0.069732666015625,-1.0142364501953125,-0.038779351860284805,-0.1293657124042511,0.004573180340230465,10.0035033,10.0004964,2.553175106968679,1.629980018262806,1002.8897545821965,3.915693271500465,,0,0.159,0.598,0.21003963011889035,0.04,0.03260220688108405,-0.0014879849097615928,-0.9889766454661986,classic,0,0,0,none,0,0,0,0.7027412697242278,0.03260220688108405,0.07731572543348307,0
sensor,1768474944140,423.98971097901864,0,-0.03057861328125,0.0190582275390625,-0.964691162109375,-0.03057861328125,0.0190582275390625,-0.964691162109375,-0.005832056514918804,0.024818263947963715,-0.0009150621481239796,10.0035441,10.0004959,2.556678163225168,0.134731661544515,1003.2159092789516,3.9603238512812506,,0,0.12,0.6040000000000001,0.16574585635359113,0.073,0.03119433600961871,-0.0000627625319413659,-0.9895032407213198,classic,0,0,0,none,0,0,0,0.6894841217987284,0.03119433600961871,0.069609499767999,0
sensor,1768474945136,427.15543384563205,0,-0.007080078125,-0.2809906005859375,-1.01055908203125,-0.007080078125,-0.2809906005859375,-1.01055908203125,-0.03208816051483154,-0.21336767077445984,-0.003855990944430232,10.0035725,10.0004982,2.5893404871814987,1.7152594884495955,1003.1881109196693,3.955960847586495,,0,0.2,0.557,0.2642007926023778,0.039,0.03199085092145267,-0.0016846589109201495,-0.9902555725894475,classic,0,0,0,none,0,0,0,1.110615881645994,0.03199085092145267,0.28417621532724674,0
sensor,1768474947128,430.92002240068433,0,0.02484130859375,0.0365753173828125,-1.0050811767578125,0.02484130859375,0.0365753173828125,-1.0050811767578125,0.00321949552744627,0.005030711181461811,0.003988616168498993,10.0036063,10.0005004,2.5737427289658283,2.252144319127302,1003.675449386239,4.001307906084657,,0,0.199,0.597,0.25,0,0.029995622909565898,0.0005577068031298779,-0.9893161072816592,classic,0,0,0,none,0,0,0,0.40758936245239075,0.029995622909565898,0.039852416351295106,0
sensor,1768474948124,434.44739947457975,0,-0.1509857177734375,-0.2772369384765625,-1.033935546875,-0.1509857177734375,-0.2772369384765625,-1.033935546875,0.012366654351353645,0.03570473566651344,-0.019663715735077858,10.0036369,10.0005088,2.5634503955682706,4.155898444913407,1003.8463269080967,4.012695709910167,,0,0.199,0.5980000000000001,0.24968632371392718,0,0.024168879410789795,-0.005558440052639614,-0.989974922886542,classic,0,0,0,none,0,0,0,2.609514096823599,0.024168879410789795,0.32786143376680255,0
sensor,1768474949120,437.5585567802453,0,0.031982421875,0.12548828125,-1.0054931640625,0.031982421875,0.12548828125,-1.0054931640625,-0.0054632085375487804,0.014364824630320072,-0.0201039370149374,10.0036649,10.0005070,2.564997058101124,3.4966467281305893,1003.9749904479831,4.028388731161699,,0,0.08,0.7170000000000001,0.10037641154328733,0,0.020382410334432836,-0.0006737863077997295,-0.9901805176075988,classic,0,0,0,none,0,0,0,1.361639592709714,0.020382410334432836,0.12825752759060527,0
sensor,1768474951119,442.17254382433066,0,0.0030059814453125,-0.2351531982421875,-0.988525390625,0.0030059814453125,-0.2351531982421875,-0.988525390625,0.01816488988697529,0.13107359409332275,0.002910036128014326,10.0037062,10.0005104,2.569625583796605,3.493378547758438,1003.534048714675,4.046359114234198,,0,0.16,0.637,0.20075282308657466,0,0.017345407166312707,-0.006989060818316522,-0.9916664763500513,classic,0,0,0,none,0,0,0,2.52694855115822,0.017345407166312707,0.2297847898054569,0
sensor,1768474952118,445.2477585338765,0,0.0540924072265625,0.0876312255859375,-0.9761810302734375,0.0540924072265625,0.0876312255859375,-0.9761810302734375,0.009860353544354439,-0.044973067939281464,0.008154332637786865,10.0037338,10.0005119,2.5827946427775754,2.129923102882402,1003.9158143308014,4.065450036034756,,0,0.08,0.4870000000000001,0.14109347442680775,0.239,0.021158806040983868,0.0015589741994821928,-0.9906745818340119,classic,0,0,0,none,0,0,0,1.3619422408074062,0.021158806040983868,0.09375929751863564,0
sensor,1768474954140,450.24122137662806,0,0.1103668212890625,-0.07550048828125,-1.00091552734375,0.1103668212890625,-0.07550048828125,-1.00091552734375,-0.000023435817638528533,-0.09755904972553253,0.003943342715501785,10.0037784,10.0005176,2.599820196835077,4.534649950104176,1004.0709272669628,4.049669999900294,,0,0.121,0.676,0.15181932245922208,0,0.025734281937315705,-0.00904485044396328,-0.9889449567074027,classic,0,0,0,none,0,0,0,1.9156153020108897,0.025734281937315705,0.10881369987793166,0
sensor,1768474956132,455.39292571536447,0,0.110198974609375,0.0194854736328125,-1.001190185546875,0.110198974609375,0.0194854736328125,-1.001190185546875,0.008066981099545956,0.07640955597162247,0.0033364081755280495,10.0038246,10.0005145,2.601303543067889,3.0449938313808653,1004.4721615770832,4.005761680290807,,0,0.119,0.678,0.14930991217063988,0,0.03178530806799181,0.0023549657105724495,-0.9867526256357732,classic,0,0,0,none,0,0,0,0.7504018169604478,0.03178530806799181,0.081961019301594,0
sensor,1768474958124,460.86065039782494,0,0.057769775390625,0.0457611083984375,-1.067596435546875,0.057769775390625,0.0457611083984375,-1.067596435546875,0.044316064566373825,-0.04416240006685257,0.01452834252268076,10.0038737,10.0005125,2.6020073541881805,356.07579635300505,1004.9839013889432,3.901171228435641,,0,0.04,0.518,0.07168458781362007,0.239,0.03450424801304015,0.00033627681573217364,-0.9877501175879171,classic,0,0,0,none,0,0,0,0.8600355506898727,0.03450424801304015,0.09523977086423066,0
sensor,1768474960116,466.03468530975243,0,0.0211639404296875,0.0316619873046875,-1.0194091796875,0.0211639404296875,0.0316619873046875,-1.0194091796875,0.019047727808356285,-0.01787859946489334,-0.003050118451938033,10.0039197,10.0005200,2.612546876973611,1.9119365351451043,1004.6236217319965,3.864151486929511,,0,0,0.558,0,0.239,0.03167376328586669,-0.010088365058048184,-0.9888834153936606,classic,0,0,0,none,0,0,0,1.2278152697480202,0.03167376328586669,0.05304181930030197,0
sensor,1768474962111,470.8146237075194,0,0.0431671142578125,0.00213623046875,-0.9357147216796875,0.0431671142578125,0.00213623046875,-0.9357147216796875,-0.022855514660477638,0.08078033477067947,-0.0048890309408307076,10.0039623,10.0005254,2.605381222925842,4.920099082236723,1004.6278208857402,3.869124846071272,,0,0.278,0.47800000000000004,0.36772486772486773,0.04,0.037305118867655286,0.0008980933370272153,-0.9894737142616877,classic,0,0,0,none,0,0,0,0.6057281818547476,0.037305118867655286,0.05436364066237432,0
sensor,1768474964140,476.18589175662794,0,-0.0532073974609375,-0.046875,-1.0536346435546875,-0.0532073974609375,-0.046875,-1.0536346435546875,0.016535300761461258,0.10657224804162979,0.010543720796704292,10.0040105,10.0005216,2.599036134615987,353.4672226593044,1005.4963979888707,3.9429057463163204,,0,0.439,0.31900000000000006,0.579155672823219,0.039,0.04080410385689643,0.00028091498348049393,-0.9898114293152507,classic,0,0,0,none,0,0,0,0.8968609004650533,0.04080410385689643,0.12364360309438714,0
sensor,1768474966132,481.2866226627773,0,0.018829345703125,0.0311431884765625,-1.0196533203125,0.018829345703125,0.0311431884765625,-1.0196533203125,0.012561331503093243,-0.03355822712182999,0.00008069378236541525,10.0040558,10.0005292,2.6022777468387597,1.7160149914307083,1005.1674077175558,3.9120434625780227,,0,0,0.797,0,0,0.04047372179434023,-0.008575766217267211,-0.9912600906138583,classic,0,0,0,none,0,0,0,0.5953091194560792,0.04047372179434023,0.053674833242510586,0
sensor,1768474968124,486.12803698261683,0,0.071807861328125,-0.039703369140625,-0.9591064453125,0.071807861328125,-0.039703369140625,-0.9591064453125,0.006044044159352779,0.16767607629299164,0.00851412583142519,10.0040992,10.0005271,2.5994666609814407,5.8041587336172284,1005.2744502276182,3.935831045625747,,0,0.119,0.43900000000000006,0.21326164874551967,0.239,0.037855402341002244,0.0032913262406630115,-0.9916861044447822,classic,0,0,0,none,0,0,0,0.5515971631140957,0.037855402341002244,0.06405998529893518,0
sensor,1768474970116,491.39707000585594,0,0.0111083984375,-0.028045654296875,-1.0144500732421875,0.0111083984375,-0.028045654296875,-1.0144500732421875,0.03417714312672615,-0.05739990994334221,-0.006570551078766584,10.0041464,10.0005322,2.5936207951900565,2.2014346840280874,1005.1054688552395,3.8885112816189213,,0,0.08,0.6380000000000001,0.11142061281337046,0.079,0.037618817428048096,0.00288343633173803,-0.9911657474699285,classic,0,0,0,none,0,0,0,0.849342085382607,0.037618817428048096,0.047156682689099394,0
sensor,1768474971120,494.4538642902118,0,0.080780029296875,-0.00994873046875,-0.9908294677734375,0.080780029296875,-0.00994873046875,-0.9908294677734375,-0.028318190947175026,-0.07290057092905045,-0.008822520263493061,10.0041739,10.0005325,2.5895087566113486,6.130524115783427,1005.2548122946173,3.8517211203041763,,0,0.159,0.517,0.23520710059171596,0.12,0.038865450246693585,0.0046179591178760375,-0.9914413566389517,classic,0,0,0,none,0,0,0,0.41421859319209287,0.038865450246693585,0.044600868084079426,0
sensor,1768474973144,499.0693308017748,0,0.04522705078125,-0.0005340576171875,-0.975372314453125,0.04522705078125,-0.0005340576171875,-0.975372314453125,0.01660267822444439,0.051604073494672775,0.0046488139778375626,10.0042148,10.0005394,2.571472042562391,4.372205226695178,1004.777952298522,3.861711732877196,,0,0.16,0.636,0.20100502512562812,0,0.03366042540987291,0.0012778145311364872,-0.9911225025796563,classic,0,0,0,none,0,0,0,0.4017620839201044,0.03366042540987291,0.019723554183163967,0
sensor,1768474974140,502.2754854832993,0,-0.0098724365234375,-0.0499420166015625,-0.9558868408203125,-0.0098724365234375,-0.0499420166015625,-0.9558868408203125,-0.023090938106179237,-0.07207632064819336,0.017042366787791252,10.0042435,10.0005425,2.5775573220560726,4.870756354603491,1004.524826948531,3.8498762507591584,,0,0.159,0.439,0.26588628762541805,0.199,0.032849782384139166,0.0026105874142615484,-0.9913552553261576,classic,0,0,0,none,0,0,0,0.6956191284181146,0.032849782384139166,0.07683660354703799,0
sensor,1768474976132,507.0322472985307,0,0.07415771484375,-0.00140380859375,-0.9821624755859375,0.07415771484375,-0.00140380859375,-0.9821624755859375,-0.014478009194135666,-0.10537169873714447,0.014312094077467918,10.0042860,10.0005469,2.5782961119182906,5.461730362802359,1004.3236868400127,3.8454917244094413,,0,0.12,0.557,0.17725258493353027,0.119,0.02512809290036222,0.0023584325352904085,-0.99044999519101,classic,0,0,0,none,0,0,0,0.5748604306814238,0.02512809290036222,0.05011782554029038,0
sensor,1768474977128,510.1835650166782,0,0.0951080322265625,-0.0591583251953125,-1.0131988525390625,0.0951080322265625,-0.0591583251953125,-1.0131988525390625,-0.0336943157017231,-0.05564248934388161,0.013575729914009571,10.0043142,10.0005498,2.608210915865161,4.908482840761218,1004.1595363831148,3.7878795099966553,,0,0.199,0.5980000000000001,0.24968632371392718,0,0.024851938149390372,0.002430425270141761,-0.9911958160799649,classic,0,0,0,none,0,0,0,0.6796998790080284,0.024851938149390372,0.09646789333964743,0
sensor,1768474979120,514.796455106549,0,0.04876708984375,0.00537109375,-0.9628143310546875,0.04876708984375,0.00537109375,-0.9628143310546875,-0.0009086705395020545,-0.014318219386041164,0.0005440838285721838,10.0043556,10.0005529,2.615592707608782,4.806994433120842,1004.4522974397987,3.673665796534077,,0,0.079,0.7180000000000001,0.09912170639899623,0,0.02564070494204904,0.003946110986760618,-0.9923047681860864,classic,0,0,0,none,0,0,0,0.39808057101898553,0.02564070494204904,0.03769241033312176,0
sensor,1768474980116,517.9106034062937,0,0.0060882568359375,-0.182830810546875,-0.9891204833984375,0.0060882568359375,-0.182830810546875,-0.9891204833984375,-0.013739780522882938,0.0008380967774428427,0.001743305241689086,10.0043835,10.0005552,2.6442313190775937,4.457894085433572,1004.3625255711377,3.6925769003225217,,0,0.114,0.4780000000000001,0.19256756756756754,0.205,0.02683024609489679,0.002761086798978125,-0.9926210875290086,classic,0,0,0,none,0,0,0,0.8241526317105977,0.02683024609489679,0.18771877674080328,0
sensor,1768474982148,522.7917540548335,0,0.0445709228515625,0.03314208984375,-0.9770660400390625,0.0445709228515625,0.03314208984375,-0.9770660400390625,0.0017025588313117623,-0.012528841383755207,0.012226039543747902,10.0044274,10.0005556,2.6671389106119916,1.6877675872085658,1004.3788387235254,3.6858229535110927,,0,0.278,0.47900000000000004,0.3672391017173051,0.04,0.025640077946241825,0.004387045807719154,-0.9900534196217178,classic,0,0,0,none,0,0,0,0.37166065165085077,0.025640077946241825,0.03698030169337243,0
sensor,1768474984140,527.400638349693,0,0.05987548828125,0.1889801025390625,-0.9932098388671875,0.05987548828125,0.1889801025390625,-0.9932098388671875,0.008637962862849236,-0.05937863886356354,0.009982859715819359,10.0044687,10.0005596,2.6408427336979634,3.8417671403084994,1003.9372765161097,3.708801562125376,,0,0.239,0.518,0.3157199471598415,0.04,0.020362407688951492,-0.0007557138561757523,-0.9908881783175925,classic,0,0,0,none,0,0,0,1.1968889761871684,0.020362407688951492,0.194794387966547,0
sensor,1768474985136,530.8138663196496,0,0.015533447265625,0.0279083251953125,-1.0035400390625,0.015533447265625,0.0279083251953125,-1.0035400390625,-0.010638795793056488,-0.01817847043275833,-0.00803049560636282,10.0044993,10.0005614,2.6377241371763156,3.771784797819618,1004.2975868666545,3.7036325883630483,,0,0.08,0.686,0.10443864229765012,0.031,0.022084004750366645,0.0032173236100885637,-0.9918681168910587,classic,0,0,0,none,0,0,0,0.4440543890828584,0.022084004750366645,0.0282265225838386,0
sensor,1768474987128,534.8998324564542,0,0.055389404296875,0.1585845947265625,-0.992828369140625,0.055389404296875,0.1585845947265625,-0.992828369140625,-0.002499643014743924,0.007268032990396023,0.008220112882554531,10.0045359,10.0005645,2.5843110573056904,3.509771654772078,1004.362619237043,3.7726670226935384,,0,0.279,0.399,0.4115044247787611,0.119,0.027410583997388455,0.001968931061444708,-0.9911795699857364,classic,0,0,0,none,0,0,0,1.455986626454223,0.027410583997388455,0.15990325295650645,0
sensor,1768474988124,538.223519487126,0,0.0528717041015625,0.0398406982421875,-0.9873504638671875,0.0528717041015625,0.0398406982421875,-0.9873504638671875,0.004596882499754429,0.017612282186746597,0.014466024935245514,10.0045658,10.0005664,2.566551156063719,3.301422466478065,1003.9467118261382,3.7665918089717865,,0,0.159,0.479,0.24921630094043887,0.159,0.026834446829764703,0.0047972707986406495,-0.9942339605617863,classic,0,0,0,none,0,0,0,0.48218080458187834,0.026834446829764703,0.04441896234749698,0
sensor,1768474990118,542.3936587106406,0,0.0150299072265625,0.0547332763671875,-1.00799560546875,0.0150299072265625,0.0547332763671875,-1.00799560546875,-0.006165218073874712,-0.05366189777851105,-0.0033388049341738224,10.0046033,10.0005664,2.5029252937704873,358.73308108833686,1004.0599606987089,3.797878562852445,,0,0.12,0.677,0.15056461731493098,0,0.02942596943946691,0.003156090401202293,-0.9929231473331328,classic,0,0,0,none,0,0,0,1.496464015022596,0.02942596943946691,0.0559089588994252,0
sensor,1768474991116,546.2367171455422,0,0.0514068603515625,0.004730224609375,-1.0014190673828125,0.0514068603515625,0.004730224609375,-1.0014190673828125,0.008559132926166058,0.02262461930513382,0.004269846249371767,10.0046378,10.0005677,2.4974746452409313,0.7302630135092633,1003.4661864312366,3.7497296150030164,,0,0.199,0.44100000000000006,0.3109375,0.157,0.029963764992978648,0.004381699917270729,-0.9919496894953672,classic,0,0,0,none,0,0,0,0.23172954534026743,0.029963764992978648,0.023561290099339556,0
sensor,1768474993144,550.1293062836139,0,-0.0079498291015625,0.085296630859375,-1.0004425048828125,-0.0079498291015625,0.085296630859375,-1.0004425048828125,-0.007505054119974375,0.03843101114034653,0.008523979224264622,10.0046728,10.0005691,2.445384047614057,359.16325262552493,1003.6892017452046,3.762621960687998,,0,0.239,0.5650000000000001,0.29726368159203975,0,0.03296343840470404,0.002027484776762685,-0.9904009635034388,classic,0,0,0,none,0,0,0,1.1895968866974809,0.03296343840470404,0.0937881709234537,0
sensor,1768474994140,553.7282097321787,0,0.0314483642578125,0.06829833984375,-1.0378265380859375,0.0314483642578125,0.06829833984375,-1.0378265380859375,0.0153738958761096,-0.0019206717843189836,0.006985471583902836,10.0047051,10.0005680,2.438516963585207,358.3013049048399,1003.561062307097,3.715692350713772,,0,0.08,0.7170000000000001,0.10037641154328733,0,0.03230385392064244,0.003756454936437517,-0.989676911874348,classic,0,0,0,none,0,0,0,0.5604300894273067,0.03230385392064244,0.08093275373901385,0
sensor,1768474996132,558.1656831679132,0,-0.027496337890625,0.0129852294921875,-0.9828033447265625,-0.027496337890625,0.0129852294921875,-0.9828033447265625,-0.010656106285750866,-0.11352283507585526,0.007109308615326881,10.0047450,10.0005690,2.4062281325609023,0.10940048196115602,1003.5842636944726,3.6874479011975927,,0,0.239,0.518,0.3157199471598415,0.04,0.042276826867135985,0.00007270588516653546,-0.9898836805428596,classic,0,0,0,none,0,0,0,0.8999075982359068,0.042276826867135985,0.07166864360645493,0
sensor,1768474997128,561.7770153316816,0,0.0499725341796875,0.0017242431640625,-0.978515625,0.0499725341796875,0.0017242431640625,-0.978515625,-0.0054520233534276485,-0.0153778912499547,-0.007119428366422653,10.0047772,10.0005643,2.419738330466348,355.81559150759074,1002.6586640607566,3.6684318762665695,,0,0.199,0.597,0.25,0,0.04330726016655117,0.0017019774115681662,-0.988587715477741,classic,0,0,0,none,0,0,0,0.4490036117477655,0.04330726016655117,0.012138497754037858,0
sensor,1768474999120,565.8140872282775,0,0.024993896484375,-0.052337646484375,-1.050445556640625,0.024993896484375,-0.052337646484375,-1.050445556640625,0.026851586997509003,-0.19104479253292084,0.04107419773936272,10.0048132,10.0005689,2.402791029337609,2.530069424689973,1003.3393109003082,3.6658033749260746,,0,0.12,0.676,0.1507537688442211,0,0.046178790144223034,0.00020397973135466272,-0.9897018680035361,classic,0,0,0,none,0,0,0,0.8191756604681463,0.046178790144223034,0.0834789255189292,0
sensor,1768475000116,569.7052145574758,0,0.0379791259765625,0.0035247802734375,-0.939422607421875,0.0379791259765625,0.0035247802734375,-0.939422607421875,-0.003406449221074581,-0.03231026977300644,0.002016279147937894,10.0048482,10.0005678,2.41955095663548,0.2652573145750757,1003.1209010751918,3.6483435161476616,,0,0.119,0.5980000000000001,0.16596931659693162,0.08,0.04158853063636957,0.0024757586259273176,-0.990259018771469,classic,0,0,0,none,0,0,0,0.5094932587573394,0.04158853063636957,0.05123133659753351,0
sensor,1768475002115,574.1302660598861,0,0.084259033203125,0.01458740234375,-0.9793701171875,0.084259033203125,0.01458740234375,-0.9793701171875,-0.011788749136030674,0.1854710578918457,-0.01116397138684988,10.0048879,10.0005708,2.4187312857165746,2.7105484960887685,1003.2843455700204,3.5963968664361032,,0,0.119,0.638,0.1571994715984148,0.04,0.04259941502231009,0.002190879737470083,-0.9904980972942343,classic,0,0,0,none,0,0,0,0.9560924353165801,0.04259941502231009,0.04509225860411881,0
sensor,1768475003143,577.704135431311,0,-0.08880615234375,-0.017974853515625,-1.02484130859375,-0.08880615234375,-0.017974853515625,-1.02484130859375,0.006923153530806303,-0.032524120062589645,0.0015632755821570754,10.0049200,10.0005719,2.446395932067858,2.045398111623623,1003.2992052407935,3.618665671855062,,0,0.079,0.677,0.10449735449735449,0.04,0.041606290683876855,0.004395573469311436,-0.990184801655702,classic,0,0,0,none,0,0,0,0.6636022457862303,0.041606290683876855,0.1374678744386616,0
sensor,1768475005136,582.0701240652875,0,0.06854248046875,0.01708984375,-0.964874267578125,0.06854248046875,0.01708984375,-0.964874267578125,0.002740659052506089,0.005141498986631632,0.0027153589762747288,10.0049591,10.0005751,2.4583004152017702,2.912688998253845,1003.3061224231496,3.610387858125682,,0,0.04,0.757,0.050188205771643665,0,0.04060362526942304,0.0017243872545175574,-0.9898263297772332,classic,0,0,0,none,0,0,0,0.4343385065124871,0.04060362526942304,0.040691508758337554,0
sensor,1768475006131,585.7015336044743,0,-0.007476806640625,-0.0843658447265625,-1.0254058837890625,-0.007476806640625,-0.0843658447265625,-1.0254058837890625,-0.029282255098223686,0.020905815064907074,-0.0019230686593800783,10.0049918,10.0005762,2.526037681042491,2.133255476416754,1003.1597098819911,3.59192643164272,,0,0.199,0.43799999999999994,0.31240188383045525,0.159,0.03681243583042346,0.0022241227553517996,-0.9902515486716831,classic,0,0,0,none,0,0,0,0.87079988273669,0.03681243583042346,0.10393722207368226,0
sensor,1768475008123,590.2246212794928,0,0.066864013671875,0.0446014404296875,-0.94580078125,0.066864013671875,0.0446014404296875,-0.94580078125,-0.004017910920083523,0.03987710922956467,-0.0041244374588131905,10.0050323,10.0005793,2.5658589852225053,4.3964161138654525,1002.8516170689836,3.4999649617163464,,0,0.12,0.677,0.15056461731493098,0,0.034760463493604475,0.001504928192351393,-0.9896719563918102,classic,0,0,0,none,0,0,0,0.5912407568957811,0.034760463493604475,0.06972171075770457,0
sensor,1768475009120,593.3406669750916,0,0.03082275390625,-0.3547210693359375,-0.9627532958984375,0.03082275390625,-0.3547210693359375,-0.9627532958984375,0.0282867643982172,0.06185005232691765,0.012500612065196037,10.0050603,10.0005790,2.62001575955118,2.2224431774233766,1002.9909114902839,3.4505587807424716,,0,0.12,0.637,0.15852047556142668,0.04,0.03340305073064731,-0.0037930232313076826,-0.9902209535019465,classic,0,0,0,none,0,0,0,1.9710711104498662,0.03340305073064731,0.35377972757462445,0
sensor,1768475011114,598.1851824407007,0,0.0523834228515625,0.047332763671875,-1.009796142578125,0.0523834228515625,0.047332763671875,-1.009796142578125,-0.008244347758591175,-0.1098460704088211,0.00415453128516674,10.0051037,10.0005830,2.6740072708215843,4.0417069357948625,1002.6038768794388,3.4502661184781394,,0,0.12,0.47800000000000004,0.20066889632107018,0.199,0.035604936695287116,0.0029136552264571094,-0.9913613514506525,classic,0,0,0,none,0,0,0,0.46242911464144004,0.035604936695287116,0.05119137003881619,0
sensor,1768475013143,602.462424874627,0,0.052947998046875,0.112152099609375,-0.9960174560546875,0.052947998046875,0.112152099609375,-0.9960174560546875,0.0033603766933083534,0.036017388105392456,0.0001203748834086582,10.0051422,10.0005832,2.648569424862288,2.035524527359092,1003.9251078590751,3.3994137077278546,,0,0.08,0.7170000000000001,0.10037641154328733,0,0.02944552376372483,0.002475578076057304,-0.9912843817301786,classic,0,0,0,none,0,0,0,1.6345443362488719,0.02944552376372483,0.11283038758175568,0
sensor,1768475014139,606.0840581294522,0,0.0676116943359375,0.0388031005859375,-0.9882354736328125,0.0676116943359375,0.0388031005859375,-0.9882354736328125,-0.012985040433704853,-0.10648462921380997,0.0020325244404375553,10.0051748,10.0005825,2.644918282099958,0.05547414840065201,1003.4262694260105,3.4174153570811656,,0,0.08,0.7170000000000001,0.10037641154328733,0,0.029483683021135833,0.0039841105215689876,-0.9914068918919728,classic,0,0,0,none,0,0,0,0.46687010292542463,0.029483683021135833,0.051991623562671924,0
sensor,1768475016131,610.1364296660538,0,0.0227813720703125,0.0352325439453125,-1.0403900146484375,0.0227813720703125,0.0352325439453125,-1.0403900146484375,-0.004221376497298479,0.011226022616028786,-0.017595771700143814,10.0052112,10.0005821,2.575882065601161,358.3025556009361,1003.748469715938,3.4094174954902807,,0,0.159,0.638,0.19949811794228356,0,0.02074747695147401,0.003141986238897877,-0.9923187761519552,classic,0,0,0,none,0,0,0,1.2736548419173508,0.02074747695147401,0.05812473639974384,0
sensor,1768475017127,613.8766354136407,0,0.1014251708984375,0.031524658203125,-1.0203094482421875,0.1014251708984375,0.031524658203125,-1.0203094482421875,0.005322061013430357,0.0834173932671547,-0.0015984292840585113,10.0052448,10.0005824,2.559118798623331,359.30927489831714,1003.6605682568625,3.3571501539673907,,0,0.16,0.279,0.3644646924829157,0.358,0.02416007428855519,0.004040638196630137,-0.9925549043761083,classic,0,0,0,none,0,0,0,0.5891569205274872,0.02416007428855519,0.0870120851788039,0
sensor,1768475019119,617.7542250521783,0,-0.1061248779296875,-0.0527496337890625,-0.957611083984375,-0.1061248779296875,-0.0527496337890625,-0.957611083984375,-0.016924388706684113,-0.026249980553984642,0.006931142881512642,10.0052796,10.0005792,2.49200389478769,352.9876600174428,1004.2015146017075,3.408843821437348,,0,0.119,0.638,0.1571994715984148,0.04,0.027990282692394636,0.0031578309501503,-0.9920553676303784,classic,0,0,0,none,0,0,0,1.1947462215654325,0.027990282692394636,0.15007865448960528,0
sensor,1768475020115,621.4468355580095,0,0.0020599365234375,0.053680419921875,-0.9859466552734375,0.0020599365234375,0.053680419921875,-0.9859466552734375,0.032098013907670975,0.06740407645702362,0.009152219630777836,10.0053128,10.0005796,2.4770612662995553,356.7325437902358,1003.8949454622343,3.369877443457715,,0,0.239,0.43800000000000006,0.3530280649926144,0.119,0.028587759142811302,0.004975214586045666,-0.9929715233911176,classic,0,0,0,none,0,0,0,0.4935754271920611,0.028587759142811302,0.05618505006955101,0
sensor,1768475022117,625.7812278665817,0,0.03179931640625,-0.012054443359375,-0.9723052978515625,0.03179931640625,-0.012054443359375,-0.9723052978515625,-0.00720438314601779,0.10992597043514252,-0.006383863277733326,10.0053516,10.0005827,2.4368620115449424,2.452606473270427,1004.3107059188187,3.3500431686479875,,0,0.159,0.638,0.19949811794228356,0,0.0325194090251049,0.0017142255315005057,-0.9924739271548179,classic,0,0,0,none,0,0,0,0.7023978685987678,0.0325194090251049,0.024553658254152184,0
sensor,1768475023143,629.2369971139626,0,0.1043701171875,-0.02825927734375,-1.0029296875,0.1043701171875,-0.02825927734375,-1.0029296875,-0.019306320697069168,0.163535937666893,-0.0026133600622415543,10.0053826,10.0005853,2.439660412144283,2.8821184337335275,1003.6976107228547,3.285765520244149,,0,0.119,0.639,0.15699208443271767,0.039,0.03467703115136363,0.004439576556764811,-0.9921084950491887,classic,0,0,0,none,0,0,0,0.6032827881221654,0.03467703115136363,0.0781302130249468,0
sensor,1768475025135,633.8634124525664,0,0.0449371337890625,0.0036468505859375,-0.9940338134765625,0.0449371337890625,0.0036468505859375,-0.9940338134765625,0.0027137610595673323,-0.01655074767768383,0.017711086198687553,10.0054242,10.0005868,2.4336159058747078,1.2354179463918167,1003.8361221663654,3.2813615865539156,,0,0.159,0.558,0.22175732217573219,0.08,0.035737933837928726,0.0022223354753328375,-0.9915846034715622,classic,0,0,0,none,0,0,0,0.5641208893330671,0.035737933837928726,0.00967402087144169,0
sensor,1768475026131,637.1006362357973,0,0.0212249755859375,-0.1502227783203125,-1.001190185546875,0.0212249755859375,-0.1502227783203125,-1.001190185546875,-0.027904868125915527,-0.05823507532477379,-0.007167365401983261,10.0054533,10.0005873,2.447710271767764,0.6672206609169645,1003.7222537621856,3.240129423100566,,0,0.12,0.677,0.15056461731493098,0,0.034659331771231976,0.00207558475775648,-0.991332160068607,classic,0,0,0,none,0,0,0,0.7220686194511141,0.034659331771231976,0.153977111197282,0
sensor,1768475028123,641.7165336812326,0,0.023712158203125,0.0297698974609375,-0.9960479736328125,0.023712158203125,0.0297698974609375,-0.9960479736328125,-0.006931142881512642,-0.007571633439511061,0.0022242721170186996,10.0054948,10.0005868,2.4534860845235444,359.65212610557313,1003.8595907315612,3.244875027836588,,0,0.359,0.3980000000000001,0.4742404227212681,0.04,0.03020871593046102,0.0036494422053119134,-0.9910966578921518,classic,0,0,0,none,0,0,0,0.275889147947976,0.03020871593046102,0.027505372459447584,0
sensor,1768475029119,644.9990193545691,0,0.070281982421875,-0.30841064453125,-0.9368133544921875,0.070281982421875,-0.30841064453125,-0.9368133544921875,0.00794687308371067,0.15437306463718414,-0.010573548264801502,10.0055243,10.0005875,2.5026348339061197,0.1493417052963353,1003.6810438679531,3.1998329874592946,,0,0.12,0.637,0.15852047556142668,0.04,0.030563508739687703,-0.00665585799333457,-0.9909123035339282,classic,0,0,0,none,0,0,0,2.8229432816000815,0.030563508739687703,0.31068154399619635,0
sensor,1768475031114,649.8552537954021,0,0.0214385986328125,0.0433349609375,-1.01434326171875,0.0214385986328125,0.0433349609375,-1.01434326171875,-0.018206967040896416,-0.04725220054388046,0.009223858825862408,10.0055680,10.0005879,2.563202492085113,0.126396482941641,1003.2115190261975,3.1996970586336526,,0,0.239,0.47800000000000004,0.33333333333333326,0.08,0.03409572231788027,0.004383986457597306,-0.9908696768082885,classic,0,0,0,none,0,0,0,0.5157330081238584,0.03409572231788027,0.047443045177938806,0
sensor,1768475033143,653.3809206654781,0,0.13800048828125,-0.0041351318359375,-1.0105743408203125,0.13800048828125,-0.0041351318359375,-1.0105743408203125,0.008899219334125519,-0.2010958194732666,0.01474352553486824,10.0055997,10.0005865,2.5330155180547704,359.00159208552066,1002.7254173662513,3.272316198795538,,0,0.079,0.678,0.10435931307793923,0.04,0.029847175243819402,0.0031571816351754255,-0.9904493851236519,classic,0,0,0,none,0,0,0,0.8933495466071402,0.029847175243819402,0.11080524298155385,0
sensor,1768475034139,657.3712743059805,0,-0.01513671875,-0.00689697265625,-1.028961181640625,-0.01513671875,-0.00689697265625,-1.028961181640625,-0.015928633511066437,-0.11213532835245132,0.0017409083666279912,10.0056355,10.0005855,2.530275751575715,358.9792474480162,1002.7896113870665,3.2087003590745544,,0,0.165,0.5680000000000001,0.22510231923601634,0.07,0.0296284546839904,0.0051353125206934445,-0.9909253685447922,classic,0,0,0,none,0,0,0,0.599841218513989,0.0296284546839904,0.06026313449927694,0
sensor,1768475036131,661.6130673018113,0,-0.0148468017578125,-0.00067138671875,-1.0568084716796875,-0.0148468017578125,-0.00067138671875,-1.0568084716796875,0.006786266807466745,0.08192522823810577,0.0035265579354017973,10.0056737,10.0005851,2.4937211809308724,0.010354775905167982,1002.5405605211854,3.2694995677157777,,0,0.159,0.637,0.19974874371859297,0,0.028842480316536256,0.0050151368688449854,-0.9916474392483289,classic,0,0,0,none,0,0,0,0.5879474685755486,0.028842480316536256,0.07905306893851827,0
sensor,1768475037127,664.9566460608967,0,0.04351806640625,-0.0050506591796875,-0.984100341796875,0.04351806640625,-0.0050506591796875,-0.984100341796875,-0.0009837717516347766,0.0031731564085930586,-0.0037318875547498465,10.0057038,10.0005850,2.489666059239505,359.86385482174677,1002.9045524531975,3.2689905559833106,,0,0.119,0.678,0.14930991217063988,0,0.02939991791010585,0.006234002722086214,-0.9915991958209198,classic,0,0,0,none,0,0,0,0.4414931093918142,0.02939991791010585,0.019666123617566672,0
sensor,1768475039119,669.6811930637257,0,0.0317840576171875,0.001007080078125,-1.013397216796875,0.0317840576171875,0.001007080078125,-1.013397216796875,0.014683605171740055,0.009924269281327724,0.011186075396835804,10.0057462,10.0005856,2.4765257283626174,359.6024418416006,1003.3922049095854,3.2154800820072102,,0,0.12,0.677,0.15056461731493098,0,0.02922131885974163,0.0023253516998075134,-0.98951554466595,classic,0,0,0,none,0,0,0,0.5224055741428623,0.02922131885974163,0.024175810642732755,0
sensor,1768475040116,672.8500853454636,0,0.007537841796875,-0.00225830078125,-0.967010498046875,0.007537841796875,-0.00225830078125,-0.967010498046875,0.01532010082155466,0.0951177254319191,-0.0008165251929312944,10.0057747,10.0005854,2.49003805998456,359.854763309223,1003.4100613556802,3.189655520421315,,0,0.12,0.44400000000000006,0.21276595744680848,0.233,0.031391874441719814,0.004689276884885863,-0.9894335094331972,classic,0,0,0,none,0,0,0,0.63052413246672,0.031391874441719814,0.03363570229918369,0
sensor,1768475042115,677.367010006523,0,0.0561981201171875,0.0283660888671875,-0.9909820556640625,0.0561981201171875,0.0283660888671875,-0.9909820556640625,-0.02189624309539795,0.04682369902729988,-0.004218713380396366,10.0058153,10.0005833,2.4945629312400115,357.2713267435561,1003.287502605468,3.233412192778116,,0,0.279,0.518,0.35006273525721454,0,0.035957325967340616,0.003171349189681827,-0.9896182555170642,classic,0,0,0,none,0,0,0,0.5826196681945708,0.035957325967340616,0.03250948865996989,0
sensor,1768475043143,680.7645234493111,0,0.0091094970703125,-0.1563568115234375,-1.0265045166015625,0.0091094970703125,-0.1563568115234375,-1.0265045166015625,0.00046685212873853743,0.10689715296030045,0.008813997730612755,10.0058458,10.0005845,2.5507201882124013,359.7622985566342,1003.1953182248399,3.2050923354579837,,0,0.159,0.597,0.21031746031746032,0.04,0.034446248378956046,0.0032781402469004655,-0.9903692182861085,classic,0,0,0,none,0,0,0,0.7761781487248183,0.034446248378956046,0.16645542944769745,0
sensor,1768475045135,685.014110813465,0,-0.0094451904296875,0.0194549560546875,-0.993194580078125,-0.0094451904296875,0.0194549560546875,-0.993194580078125,-0.017495103180408478,0.005003813188523054,-0.0011835087789222598,10.0058840,10.0005826,2.564666784782135,357.96842297056793,1003.4687618454918,3.198864392183313,,0,0.119,0.677,0.1494974874371859,0,0.028519093785105948,0.004422441454735595,-0.9888039085263188,classic,0,0,0,none,0,0,0,0.450207964225022,0.028519093785105948,0.041273891513508805,0
sensor,1768475046131,688.1686287894868,0,0.0053863525390625,-0.189117431640625,-1.0456695556640625,0.0053863525390625,-0.189117431640625,-1.0456695556640625,-0.010236125439405441,0.046844735741615295,-0.005506617948412895,10.0059123,10.0005841,2.595944103794164,0.24389969621733557,1003.5730926208198,3.1926420857312956,,0,0.12,0.677,0.15056461731493098,0,0.02625497647738833,0.0036206124555936705,-0.9902085517041803,classic,0,0,0,none,0,0,0,0.7559007317755224,0.02625497647738833,0.20265497708851676,0
sensor,1768475048123,693.0015516524032,0,0.030364990234375,0.0350494384765625,-0.99365234375,0.030364990234375,0.0350494384765625,-0.99365234375,0.01182257104665041,0.045042842626571655,0.005515672732144594,10.0059558,10.0005831,2.6120034889061428,357.74853972024266,1004.2707083439454,3.215398213657747,,0,0.438,0.31800000000000006,0.5793650793650794,0.04,0.026175384045516465,0.004308904699899875,-0.9919836151592514,classic,0,0,0,none,0,0,0,0.4772499100431004,0.026175384045516465,0.03122569351120346,0
sensor,1768475050115,697.7976769135947,0,0.055877685546875,0.1433868408203125,-1.0092315673828125,0.055877685546875,0.1433868408203125,-1.0092315673828125,-0.008642490021884441,0.01883547380566597,0.01185106672346592,10.0059989,10.0005820,2.5894382158669287,357.2078026935819,1003.9824346499518,3.2259071176943332,,0,0.079,0.6380000000000001,0.11018131101813108,0.08,0.023666504567991273,0.0004259070133119767,-0.9912686375888988,classic,0,0,0,none,0,0,0,1.138926647028655,0.023666504567991273,0.14838356377898662,0
sensor,1768475052106,703.4607515997961,0,-0.027801513671875,-0.2917633056640625,-0.9760894775390625,-0.027801513671875,-0.2917633056640625,-0.9760894775390625,0.0379822701215744,0.13266989588737488,-0.01224494818598032,10.0060498,10.0005808,2.584360359378476,357.5516858223996,1003.6619510026649,3.1531090934622172,,0,0.12,0.557,0.17725258493353027,0.119,0.030898536277152923,-0.002191396183667734,-0.9930433795407433,classic,0,0,0,none,0,0,0,2.0167456234127368,0.030898536277152923,0.29743484089102135,0
sensor,1768475054139,708.2414837402625,0,0.0394134521484375,0.0642242431640625,-0.9883270263671875,0.0394134521484375,0.0642242431640625,-0.9883270263671875,-0.0062733422964811325,0.00580915343016386,0.00800173357129097,10.0060927,10.0005772,2.5900429271684486,356.67891825763076,1003.9794243555516,3.156224291560349,,0,0.119,0.638,0.1571994715984148,0.04,0.031717711350480404,0.0034822866607200024,-0.9919470835667982,classic,0,0,0,none,0,0,0,0.4012358190458921,0.031717711350480404,0.06164266137983569,0
sensor,1768475058122,717.8621595243906,0,0.065460205078125,0.1083831787109375,-1.0310211181640625,0.065460205078125,0.1083831787109375,-1.0310211181640625,-0.00717482203617692,-0.12761442363262177,0.007671501953154802,10.0061791,10.0005732,2.6390573347240323,356.21918609855896,1003.2398694083095,3.104387920781196,,0,0.16,0.558,0.2228412256267409,0.079,0.03569524700542255,-0.007509546718043,-0.9909261637584469,classic,0,0,0,none,0,0,0,1.7358019785649688,0.03569524700542255,0.12682717014826184,0
sensor,1768475060116,722.1992015984123,0,-0.02777099609375,-0.0045928955078125,-1.023529052734375,-0.02777099609375,-0.0045928955078125,-1.023529052734375,-0.0022189458832144737,-0.04652196168899536,-0.0014405038673430681,10.0062181,10.0005716,2.6839004536801165,355.3563462203847,1003.524947559461,3.081851850578772,,0,0.12,0.5970000000000001,0.16736401673640164,0.08,0.03608606663574247,0.005902481535698721,-0.9911106137500729,classic,0,0,0,none,0,0,0,0.6448070635082291,0.03608606663574247,0.07274349771692405,0
sensor,1768475062107,726.7084349154269,0,0.0318603515625,0.0076141357421875,-0.9994964599609375,0.0318603515625,0.0076141357421875,-0.9994964599609375,-0.012015650048851967,0.0028104339726269245,0.005599296186119318,10.0062586,10.0005716,2.6666636863549074,359.17897098180634,1003.2752939555794,3.0473546844583796,,0,0.199,0.558,0.2628797886393659,0.04,0.03636185932168675,0.002344819555277304,-0.9900411081384589,classic,0,0,0,none,0,0,0,0.5603387083145976,0.03636185932168675,0.011782090193276114,0
sensor,1768475063142,730.4204444573996,0,0.03582763671875,-0.0660400390625,-0.9853668212890625,0.03582763671875,-0.0660400390625,-0.9853668212890625,-0.010914699174463749,0.03177390992641449,0.00350418733432889,10.0062918,10.0005682,2.6743383331566584,357.0938248590739,1003.540828127414,3.0193598701654936,,0,0.08,0.7170000000000001,0.10037641154328733,0,0.03538964620891457,0.003929972406151958,-0.9898937653253288,classic,0,0,0,none,0,0,0,0.44161906005969553,0.03538964620891457,0.07047001950343425,0
sensor,1768475065134,734.1874737161337,0,-0.0083770751953125,0.0184173583984375,-0.960479736328125,-0.0083770751953125,0.0184173583984375,-0.960479736328125,0.0030037793330848217,0.04884423688054085,0.0028093685396015644,10.0063256,10.0005655,2.6521917433565516,357.1237456469432,1003.5909509025514,2.954359457923043,,0,0.12,0.638,0.15831134564643798,0.039,0.03473800698882455,0.002084341692585616,-0.9898256274284831,classic,0,0,0,none,0,0,0,0.5326461113333922,0.03473800698882455,0.05492679836739124,0
sensor,1768475066130,737.6771482493454,0,0.0186920166015625,-0.073150634765625,-0.9976654052734375,0.0186920166015625,-0.073150634765625,-0.9976654052734375,-0.01907169446349144,-0.018094582483172417,0.012567989528179169,10.0063568,10.0005621,2.652683820474963,355.94726583817095,1003.3607761524618,2.948247462821146,,0,0.119,0.5980000000000001,0.16596931659693162,0.08,0.03428218411078546,0.0033573921837577016,-0.9901782597501749,classic,0,0,0,none,0,0,0,0.4544243243333845,0.03428218411078546,0.07883260294528349,0
sensor,1768475068122,742.0840298762315,0,0.052001953125,0.020172119140625,-1.01593017578125,0.052001953125,0.020172119140625,-1.01593017578125,-0.02430240996181965,-0.06406819820404053,0.005709284916520119,10.0063963,10.0005591,2.6449308285546356,355.6857924134172,1003.6741049978882,2.9375678047650995,,0,0.318,0.43800000000000006,0.42063492063492064,0.04,0.034097234529054735,0.0031145005811645927,-0.9912976064191719,classic,0,0,0,none,0,0,0,0.3939468023014654,0.034097234529054735,0.0350796209480817,0
sensor,1768475069118,745.7102502562675,0,-0.037109375,-0.1129150390625,-0.9952545166015625,-0.037109375,-0.1129150390625,-0.9952545166015625,-0.023790018633008003,-0.1402290165424347,-0.012773319147527218,10.0064288,10.0005556,2.6676875535878453,355.36324822162106,1003.3529593180865,2.974240544547296,,0,0.08,0.677,0.10568031704095113,0.04,0.033597367169313545,0.003538677535718335,-0.9917837658201509,classic,0,0,0,none,0,0,0,0.6652138732653075,0.033597367169313545,0.1369674760718765,0
sensor,1768475071116,749.5163161421788,0,0.062164306640625,0.0045623779296875,-0.99114990234375,0.062164306640625,0.0045623779296875,-0.99114990234375,-0.012151471339166164,-0.03135685622692108,-0.00037523938226513565,10.0064630,10.0005549,2.676496101166124,356.92592400913816,1003.0428583016619,2.9311343719114147,,0,0.279,0.518,0.35006273525721454,0,0.0336523815559685,0.0016775401789037218,-0.9911920195470476,classic,0,0,0,none,0,0,0,0.6612238818404265,0.0336523815559685,0.028801536093437927,0
sensor,1768475072146,752.7828275840309,0,-0.01025390625,-0.283050537109375,-0.974578857421875,-0.01025390625,-0.283050537109375,-0.974578857421875,-0.013147227466106415,-0.02214152179658413,-0.00006471481174230576,10.0064924,10.0005554,2.7191229754535513,358.1891499548943,1002.8146271202713,2.9184809045551217,,0,0.279,0.438,0.3891213389121339,0.08,0.036675879197711064,-0.00046372881557403534,-0.9919043483233768,classic,0,0,0,none,0,0,0,1.240885128834058,0.036675879197711064,0.28842274305955096,0
sensor,1768475074138,757.2060706613065,0,0.0440521240234375,0.044891357421875,-0.98602294921875,0.0440521240234375,0.044891357421875,-0.98602294921875,-0.012895292602479458,0.012298744171857834,-0.0054786549881100655,10.0065318,10.0005498,2.7426556455486386,354.6875201189289,1003.3642096957192,2.930375075354051,,0,0.677,0.12,0.849435382685069,0,0.038764517871867736,0.0013947858696993795,-0.9931610600339572,classic,0,0,0,none,0,0,0,0.2938780175606745,0.038764517871867736,0.04461749185462266,0
sensor,1768475076130,760.3764420829011,0,0.0348052978515625,0.09564208984375,-0.9804229736328125,0.0348052978515625,0.09564208984375,-0.9804229736328125,0.016708139330148697,0.05278305336833,0.01221884973347187,10.0065603,10.0005493,2.480185548080301,359.1111807861082,1002.9565101796761,2.930198441045071,,0,0.319,0.47800000000000004,0.4002509410288582,0,0.03580492168659373,-0.0020303934577949063,-0.9921686582100099,classic,0,0,0,none,0,0,0,1.1792349405014702,0.03580492168659373,0.09887564855521484,0
sensor,1768475077126,764.2128460403571,0,-0.00634765625,0.09417724609375,-0.9929656982421875,-0.00634765625,0.09417724609375,-0.9929656982421875,-0.003781156148761511,-0.01420423574745655,0.007040865253657103,10.0065947,10.0005466,2.470789504656073,356.51174782158245,1002.570272074081,2.903833359548844,,0,0.278,0.358,0.4371069182389937,0.16,0.0346267632136968,0.002389600893579957,-0.9921695085631791,classic,0,0,0,none,0,0,0,0.5427377420303965,0.0346267632136968,0.10102631731267903,0
sensor,1768475079118,768.4087944460333,0,0.0191802978515625,0.070098876953125,-1.0123443603515625,0.0191802978515625,0.070098876953125,-1.0123443603515625,-0.00012596751912496984,-0.02911447547376156,0.018506838008761406,10.0066323,10.0005445,2.415321137465022,357.8459272298093,1003.342554198578,2.877173601556838,,0,0.081,0.7160000000000001,0.10163111668757842,0,0.03209080754554828,-0.0001631534881057098,-0.9923765130051667,classic,0,0,0,none,0,0,0,0.9988069245732613,0.03209080754554828,0.07454921884625622,0
sensor,1768475080117,771.7131127640231,0,0.0820465087890625,0.050933837890625,-0.9850921630859375,0.0820465087890625,0.050933837890625,-0.9850921630859375,-0.04471580684185028,-0.176988884806633,0.0012785836588591337,10.0066618,10.0005402,2.400767749946422,355.12389463786764,1003.2765334919095,2.863136239345188,,0,0.239,0.561,0.29874999999999996,0,0.03227848206282121,0.003906634981518125,-0.9938183069749682,classic,0,0,0,none,0,0,0,0.5138986018473376,0.03227848206282121,0.06937265472035191,0
sensor,1768475082111,775.7169112834764,0,0.0419464111328125,0.0619659423828125,-0.9641876220703125,0.0419464111328125,0.0619659423828125,-0.9641876220703125,-0.0003400856803636998,-0.02689339965581894,-0.004619785584509373,10.0066977,10.0005387,2.3380652107197926,357.95707661662493,1002.6974510094151,2.8368697072548974,,0,0.319,0.398,0.4449093444909344,0.08,0.02706640845753119,0.0023555921035845924,-0.9935921496932644,classic,0,0,0,none,0,0,0,0.7495083529246479,0.02706640845753119,0.06845567341354566,0
sensor,1768475083142,779.6758162394568,0,-0.0697021484375,-0.0012664794921875,-1.0081787109375,-0.0697021484375,-0.0012664794921875,-1.0081787109375,0.0014298511669039726,0.008766327053308487,-0.003328951308503747,10.0067332,10.0005354,2.3448188004197448,355.9282369283168,1003.0223878296092,2.8216796589668824,,0,0.08,0.5980000000000001,0.11799410029498525,0.119,0.027686813574792742,0.005321796347494268,-0.9941950766032108,classic,0,0,0,none,0,0,0,0.6924624868412665,0.027686813574792742,0.09910361780485209,0
sensor,1768475085134,784.1534582275524,0,0.0385284423828125,-0.00738525390625,-0.9618377685546875,0.0385284423828125,-0.00738525390625,-0.9618377685546875,-0.0022540995851159096,-0.15006326138973236,-0.001374723738990724,10.0067732,10.0005304,2.342669725268961,352.99020850411586,1004.309962823987,2.8628734034817236,,0,0.239,0.558,0.29987452948557086,0,0.02379784825227069,0.0036724063546043416,-0.9940150856708728,classic,0,0,0,none,0,0,0,1.006579487062737,0.02379784825227069,0.037262477110057285,0
sensor,1768475086130,787.6690989405324,0,0.0032196044921875,0.0279693603515625,-0.98992919921875,0.0032196044921875,0.0279693603515625,-0.98992919921875,0.001820270554162562,0.07920906692743301,0.006934338714927435,10.0068046,10.0005270,2.373717311268958,352.9730365456619,1003.72090446949,2.8215354229898937,,0,0.2,0.518,0.2785515320334262,0.079,0.02189890002042725,0.005303561458587204,-0.9935490784806096,classic,0,0,0,none,0,0,0,0.43276685308085977,0.02189890002042725,0.029741919065721628,0
sensor,1768475088122,792.1056405329962,0,0.074981689453125,-0.0058746337890625,-0.9901885986328125,0.074981689453125,-0.0058746337890625,-0.9901885986328125,0.012540026567876339,0.14975407719612122,-0.006360693834722042,10.0068445,10.0005269,2.397415187640934,356.0928200570628,1004.0436158683151,2.8491770676949852,,0,0.319,0.47800000000000004,0.4002509410288582,0,0.04297060047847719,-0.12081634206219094,-0.9627040652831249,classic,0,0,0,none,0,0,0,1.5679903198035237,0.04297060047847719,0.12305590058735413,0
sensor,1768475089118,795.327929203578,0,0.036102294921875,-0.06451416015625,-1.0279388427734375,0.036102294921875,-0.06451416015625,-1.0279388427734375,-0.014386395923793316,-0.11605043709278107,-0.005585181526839733,10.0068735,10.0005263,2.4770894448160217,357.1548766101606,1004.3369862232357,2.859569754329752,,0,0.079,0.5170000000000001,0.13255033557046977,0.2,0.0470725459276277,-0.10582384341196759,-0.9656338549378114,classic,0,0,0,none,0,0,0,1.0708007884114505,0.0470725459276277,0.0759359358531555,0
sensor,1768475091110,799.9008163952481,0,0.0378875732421875,0.012420654296875,-0.97137451171875,0.0378875732421875,0.012420654296875,-0.97137451171875,-0.008579373359680176,0.06584266573190689,0.003564907470718026,10.0069145,10.0005239,2.5187304728956184,356.2435542916796,1004.3507141461596,2.967421478126105,,0,0,0.756,0,0.04,0.04718562614498438,-0.08260332790019217,-0.9727146584696443,classic,0,0,0,none,0,0,0,1.016576098868068,0.04718562614498438,0.09596704364788027,0
sensor,1768475092113,802.972284505814,0,-0.048797607421875,-0.159149169921875,-1.0215301513671875,-0.048797607421875,-0.159149169921875,-1.0215301513671875,-0.048642370849847794,-0.24058730900287628,0.0120675815269351,10.0069421,10.0005238,2.5730507401315736,357.0651047226477,1004.1094717066735,2.9903991788531123,,0,0.119,0.559,0.17551622418879054,0.119,0.04870273811073999,-0.07185652253524616,-0.975228182764293,classic,0,0,0,none,0,0,0,0.8462207740402956,0.04870273811073999,0.13951470489973294,0
sensor,1768475094138,807.445847895063,0,0.03936767578125,0.04144287109375,-1.0359649658203125,0.03936767578125,0.04144287109375,-1.0359649658203125,-0.017713483422994614,-0.17016907036304474,-0.0025478461757302284,10.0069824,10.0005228,2.5947760838185454,357.84576043521184,1003.7367471661419,3.0192373907985792,,0,0,0.637,0,0.159,0.04478912732917159,-0.0538100539475125,-0.9782578913841434,classic,0,0,0,none,0,0,0,0.7220267441424721,0.04478912732917159,0.11206196139016461,0
sensor,1768475095134,810.8050771418394,0,0.1280059814453125,-0.29156494140625,-0.930694580078125,0.1280059814453125,-0.29156494140625,-0.930694580078125,0.02815493941307068,0.017900703474879265,-0.01769297756254673,10.0070126,10.0005224,2.6438301823682235,358.4647190352406,1003.6654958790168,3.037037284427423,,0,0,0.43800000000000006,0,0.359,0.04700421728772567,-0.051416902484439975,-0.980784309234252,classic,0,0,0,none,0,0,0,1.1519901517585072,0.04700421728772567,0.25964167619381445,0
sensor,1768475097126,815.7548898197579,0,0.0656585693359375,0.029388427734375,-0.9998931884765625,0.0656585693359375,0.029388427734375,-0.9998931884765625,-0.021992117166519165,-0.04978033900260925,0.007983091287314892,10.0070570,10.0005188,2.680312384477619,356.3655888913181,1003.6113789202645,3.0960132623786456,,0,0.318,0.279,0.5326633165829145,0.2,0.04746890916270734,-0.03569731679241336,-0.9819176636621245,classic,0,0,0,none,0,0,0,0.6673891606701501,0.04746890916270734,0.07028092176846837,0
sensor,1768475099120,819.3818547891026,0,0.037200927734375,0.1004180908203125,-0.987396240234375,0.037200927734375,0.1004180908203125,-0.987396240234375,-0.006645119283348322,0.009848902001976967,0.02418176829814911,10.0070896,10.0005184,2.630923594768933,357.08969556207256,1003.296174293384,3.1387014315388906,,0,0.08,0.558,0.12539184952978055,0.159,0.04769187236506982,-0.029576959055622052,-0.9824702755413586,classic,0,0,0,none,0,0,0,1.764089666939625,0.04769187236506982,0.13116651427847664,0
sensor,1768475100114,823.520324522718,0,-0.004241943359375,0.0381622314453125,-1.003753662109375,-0.004241943359375,0.0381622314453125,-1.003753662109375,-0.003619768423959613,-0.03413906320929527,0.000740625080652535,10.0071267,10.0005157,2.617835248464312,356.32627293347963,1003.3970675235614,3.1420997511782156,,0,0,0.56,0,0.237,0.044292611615722725,-0.023145301839158555,-0.9831850764838423,classic,0,0,0,none,0,0,0,0.6674504260295389,0.044292611615722725,0.08125976740015012,0
sensor,1768475102145,827.0184455358744,0,0.01708984375,0.0899505615234375,-1.0187530517578125,0.01708984375,0.0899505615234375,-1.0187530517578125,-0.013532053679227829,-0.15551316738128662,0.0021901836153119802,10.0071581,10.0005162,2.5380039255579154,0.6152335997708895,1003.4544247789308,3.1285286820682723,,0,0.399,0.23900000000000002,0.6253918495297806,0.159,0.04263162652097375,-0.01836458010661658,-0.9841806980836915,classic,0,0,0,none,0,0,0,1.3371068650355662,0.04263162652097375,0.11711798978703512,0
sensor,1768475103142,830.9672570602561,0,-0.0077667236328125,0.074005126953125,-1.0091094970703125,-0.0077667236328125,0.074005126953125,-1.0091094970703125,0.011936021968722343,0.030662838369607925,0.010685667395591736,10.0071934,10.0005117,2.5279701711084375,353.7048489637498,1004.0664398828521,3.1058760794332936,,0,0.079,0.6380000000000001,0.11018131101813108,0.08,0.03936026323027437,-0.011780874658968885,-0.9858609530109762,classic,0,0,0,none,0,0,0,0.913950384201344,0.03936026323027437,0.10110715486798391,0
sensor,1768475105133,835.1832004470474,0,0.0159912109375,0.0099639892578125,-0.9755859375,0.0159912109375,0.0099639892578125,-0.9755859375,0.011886753141880035,0.11581475287675858,0.004662395920604467,10.0072312,10.0005095,2.4802233087724863,354.4135732554915,1002.7474322700873,3.124365225738786,,0,0.279,0.47800000000000004,0.368560105680317,0.04,0.03722240498451766,-0.012389576770932047,-0.9880977904876325,classic,0,0,0,none,0,0,0,0.4749302760034584,0.03722240498451766,0.03343868240859507,0
sensor,1768475106129,838.5570657979184,0,0.028045654296875,-0.015899658203125,-0.95281982421875,0.028045654296875,-0.015899658203125,-0.95281982421875,-0.0222091656178236,-0.04406279698014259,0.012807940132915974,10.0072614,10.0005065,2.4702247327115723,354.8649022353009,1003.1195739991963,3.113612111145952,,0,0.279,0.398,0.4121122599704579,0.12,0.035290782346793136,-0.006754727745728609,-0.9884230740596279,classic,0,0,0,none,0,0,0,0.6283198750246118,0.035290782346793136,0.03765443065346994,0
sensor,1768475108127,843.0331204841614,0,0.0558929443359375,0.0053253173828125,-0.986602783203125,0.0558929443359375,0.0053253173828125,-0.986602783203125,0.00478410255163908,-0.04029522463679314,0.011021225713193417,10.0073016,10.0005037,2.4450152275844483,355.7168789598821,1003.344632579945,3.0877924792637175,,0,0.04,0.598,0.06269592476489028,0.159,0.04055383909133723,-0.008495284025999176,-0.9920372886855846,classic,0,0,0,none,0,0,0,0.5314479490566959,0.04055383909133723,0.021457487032474194,0
sensor,1768475109117,846.051697266572,0,0.0209503173828125,-0.049835205078125,-1.0234527587890625,0.0209503173828125,-0.049835205078125,-1.0234527587890625,-0.02605397067964077,-0.09282900393009186,-0.003925233148038387,10.0073286,10.0005012,2.446604021074448,355.46316465423797,1003.2883840743452,3.085699445226587,,0,0.518,0.279,0.6499372647427855,0,0.042911072890089996,-0.007068045734124696,-0.9916253899770289,classic,0,0,0,none,0,0,0,0.48706525767020104,0.042911072890089996,0.057946354168471034,0
sensor,1768475111149,849.6981978105343,0,0.06463623046875,0.0464935302734375,-0.9626922607421875,0.06463623046875,0.0464935302734375,-0.9626922607421875,0.0057127466425299644,0.09983711689710617,0.007231547497212887,10.0073612,10.0004970,2.420181393577309,354.52140120536757,1003.4649434033781,3.137964270714424,,0,0.156,0.518,0.2314540059347181,0.123,0.04417977477817076,-0.004916818364312518,-0.9916993685430704,classic,0,0,0,none,0,0,0,0.4323486905893468,0.04417977477817076,0.06278715266020557,0
sensor,1768475112150,854.2672556102237,0,0.0284423828125,-0.2220916748046875,-0.9507904052734375,0.0284423828125,-0.2220916748046875,-0.9507904052734375,0.04240897670388222,0.13717356324195862,0.008913067169487476,10.0074022,10.0004946,2.4050356880756465,353.1834426223954,1003.8410623399541,3.169834963766665,,0,0.199,0.5160000000000001,0.2783216783216783,0.08,0.043874598370199115,-0.008822646636495327,-0.9929262974331732,classic,0,0,0,none,0,0,0,1.6307830303042101,0.043874598370199115,0.21903384191573544,0
sensor,1768475114137,858.3212141025188,0,0.0251007080078125,0.0181121826171875,-0.9928131103515625,0.0251007080078125,0.0181121826171875,-0.9928131103515625,0.000943025341257453,-0.03206792101264,0.007722634356468916,10.0074372,10.0004843,2.3745218531968386,352.35347951968873,1003.7175334393978,3.167146597010198,,0,0.119,0.5970000000000001,0.16620111731843573,0.08,0.048960034891626605,-0.002811382074751163,-0.9932174551377729,classic,0,0,0,none,0,0,0,0.527612745993518,0.048960034891626605,0.03189631401239263,0
sensor,1768475115213,861.6881275918475,0,0.0885772705078125,-0.0704498291015625,-0.9918975830078125,0.0885772705078125,-0.0704498291015625,-0.9918975830078125,0.061162956058979034,0.19235506653785706,0.014659370295703411,10.0074675,10.0004833,2.3661315776463985,352.28045730042345,1003.7196787176654,3.1858275713751567,,0,0.279,0.47800000000000004,0.368560105680317,0.04,0.051363723902871916,-0.013210725711414953,-0.9913428343516862,classic,0,0,0,none,0,0,0,2.241693341812147,0.051363723902871916,0.06861805460032706,0
sensor,1768475117125,866.3575375135404,0,0.0650177001953125,0.0033721923828125,-0.96527099609375,0.0650177001953125,0.0033721923828125,-0.96527099609375,0.005648830905556679,-0.028846295550465584,0.004997954238206148,10.0075091,10.0004777,2.352503220896094,355.01756525148625,1004.2519995132461,3.238269127858659,,0,0.16,0.478,0.2507836990595611,0.159,0.05172599603059159,0.0011623427382755802,-0.9925011711194153,classic,0,0,0,none,0,0,0,0.7756690095085528,0.05172599603059159,0.030534166301319835,0
sensor,1768475119123,870.8854853690907,0,0.0506591796875,0.0092926025390625,-0.9519805908203125,0.0506591796875,0.0092926025390625,-0.9519805908203125,-0.012290754355490208,0.12118448317050934,0.030461769551038742,10.0075489,10.0004689,2.3375818858804984,348.7635531154354,1004.1084237713367,3.265441059928233,,0,0.08,0.7170000000000001,0.10037641154328733,0,0.04303749959023316,-0.0016257783091986524,-0.9925151098106135,classic,0,0,0,none,0,0,0,0.796759587317036,0.04303749959023316,0.04287993939387027,0
sensor,1768475121117,876.574874746762,0,0.012664794921875,0.15362548828125,-1.00408935546875,0.012664794921875,0.15362548828125,-1.00408935546875,0.0019206717843189836,-0.030908381566405296,0.11738601326942444,10.0075969,10.0004510,2.3417976133955047,343.62040743841266,1004.3450981806964,3.1894246585285395,,0,0.119,0.686,0.14782608695652172,0,0.04000352273712998,-0.0031047361012791356,-0.9911698320774229,classic,0,0,0,none,0,0,0,1.3258953623997343,0.04000352273712998,0.16042254801769815,0
sensor,1768475123141,881.1586041704766,0,-0.0254974365234375,-0.0396575927734375,-1.02679443359375,-0.0254974365234375,-0.0396575927734375,-1.02679443359375,0.02971714921295643,0.006179066374897957,0.03586772084236145,10.0076340,10.0004326,2.3562905093286752,337.446601389959,1004.3553547384217,3.224178811675838,,0,0.079,0.7170000000000001,0.0992462311557789,0,0.03290177052435985,-0.010988496374885418,-0.9923173263211228,classic,0,0,0,none,0,0,0,2.0987289485965706,0.03290177052435985,0.07399780576959628,0
sensor,1768475125133,886.090223949651,0,0.0546417236328125,-0.045806884765625,-0.975494384765625,0.0546417236328125,-0.045806884765625,-0.975494384765625,0.015988022089004517,0.06717371195554733,0.007151119876652956,10.0076741,10.0004134,2.371269919534053,333.6906123736561,1004.3966811541468,3.27388625474025,,0,0.318,0.399,0.44351464435146437,0.08,0.03501050315928658,0.002835636654012693,-0.9916985309540912,classic,0,0,0,none,0,0,0,0.831348759182053,0.03501050315928658,0.05517628269650849,0
sensor,1768475127125,891.1391469030665,0,0.062469482421875,0.026611328125,-0.9355316162109375,0.062469482421875,0.026611328125,-0.9355316162109375,0.006338057108223438,-0.0224981177598238,0.022433670237660408,10.0077137,10.0003909,2.3744032470680114,326.1463382646156,1004.2800625413656,3.363493095727894,,0,0.08,0.677,0.10568031704095113,0.04,0.0381639092166784,0.000836510882782304,-0.9929241313523928,classic,0,0,0,none,0,0,0,0.7208723148776607,0.0381639092166784,0.06778522242977533,0
sensor,1768475129119,896.9683546779697,0,0.074371337890625,0.06134033203125,-0.9747467041015625,0.074371337890625,0.06134033203125,-0.9747467041015625,-0.02184750884771347,-0.12603755295276642,0.01630387268960476,10.0077537,10.0003565,2.3981819673177696,323.48668604898614,1004.0347023308277,3.31852683883112,,0,0.119,0.558,0.17577548005908417,0.12,0.04087605829354065,-0.007593942324362479,-0.9930306910952954,classic,0,0,0,none,0,0,0,0.6984084149547642,0.04087605829354065,0.07918789411448707,0
sensor,1768475131116,901.8036295622289,0,0.0662841796875,-0.09930419921875,-1.0055389404296875,0.0662841796875,-0.09930419921875,-1.0055389404296875,-0.010814830660820007,-0.006755374372005463,0.0001715075777610764,10.0077880,10.0003294,2.4170991697538495,326.02633291555094,1004.2947418931872,3.3062465052707495,,0,0.079,0.678,0.10435931307793923,0.04,0.03965611377960798,0.0032850343652279343,-0.992054537693628,classic,0,0,0,none,0,0,0,0.7465923563221414,0.03965611377960798,0.10737993340573943,0
sensor,1768475132105,904.8437010886769,0,0.088775634765625,0.072357177734375,-0.9803924560546875,0.088775634765625,0.072357177734375,-0.9803924560546875,0.0009813748765736818,-0.10308270901441574,0.03218909353017807,10.0078119,10.0003159,2.458449189735164,322.50835888806984,1004.086324476637,3.3354315227839164,,0,0.279,0.517,0.35050251256281406,0,0.0427168025154499,-0.0055788463162528435,-0.9937684415862004,classic,0,0,0,none,0,0,0,0.9274489873849951,0.0427168025154499,0.09197136902808413,0
sensor,1768475134137,910.1091234307239,0,0.051849365234375,-0.284423828125,-1.003326416015625,0.051849365234375,-0.284423828125,-1.003326416015625,-0.014021276496350765,-0.04266756772994995,-0.0091732582077384,10.0078523,10.0002907,2.503379890091311,322.6271273463225,1003.627021166496,3.413410442611916,,0,0.08,0.6000000000000001,0.11764705882352941,0.117,0.03997139487986814,-0.006385816550777324,-0.9946129419131428,classic,0,0,0,none,0,0,0,2.1921243272504545,0.03997139487986814,0.27982712756901706,0
sensor,1768475136129,914.3108165476755,0,0.0668182373046875,0.07611083984375,-0.98681640625,0.0668182373046875,0.07611083984375,-0.98681640625,-0.0037116475868970156,-0.010869159363210201,0.0010988202411681414,10.0078820,10.0002670,2.5102764417299688,321.02870213006133,1003.9892345042899,3.512333755987857,,0,0.08,0.6380000000000001,0.11142061281337046,0.079,0.04010551674552871,0.0021288900686710576,-0.9953325916711808,classic,0,0,0,none,0,0,0,0.5315654538391833,0.04010551674552871,0.07951409051203918,0
sensor,1768475137125,917.6399499589484,0,0.072418212890625,-0.0548095703125,-1.0057220458984375,0.072418212890625,-0.0548095703125,-1.0057220458984375,0.039559926837682724,0.275113046169281,0.014072675257921219,10.0078992,10.0002422,2.555018872851813,320.9182883358765,1003.4232016736642,3.4968821184987324,,0,0.119,0.518,0.1868131868131868,0.16,0.03976493564593435,-0.010558058801929398,-0.9958755283438444,classic,0,0,0,none,0,0,0,2.097889401875263,0.03976493564593435,0.05615012230786058,0
sensor,1768475139117,922.1405066330872,0,-0.04022216796875,-0.017547607421875,-1.01141357421875,-0.04022216796875,-0.017547607421875,-1.01141357421875,-0.008680840022861958,-0.0779280886054039,0.00034434671397320926,10.0079299,10.0002154,2.5946707324988654,319.1266100608792,1003.4291057065129,3.456863773397782,,0,0.478,0.19800000000000006,0.7071005917159763,0.12,0.03870244494966781,-0.000704879220824613,-0.9938380935356129,classic,0,0,0,none,0,0,0,0.7609855287215785,0.03870244494966781,0.08300844108706426,0
sensor,1768475141116,926.4736236803109,0,0.04168701171875,0.10174560546875,-0.96368408203125,0.04168701171875,0.10174560546875,-0.96368408203125,-0.0012189288390800357,-0.07107950001955032,0.024119718000292778,10.0079595,10.0001897,2.588029335848208,319.0309754472471,1003.5495400382206,3.44592919815591,,0,0.168,0.43,0.28093645484949836,0.199,0.027428289903422286,-0.005009592825657585,-0.9931410170997487,classic,0,0,0,none,0,0,0,0.9097494706542821,0.027428289903422286,0.11221993062639145,0
sensor,1768475143141,931.4015711949113,0,-0.022735595703125,-0.2705535888671875,-1.0152130126953125,-0.022735595703125,-0.2705535888671875,-1.0152130126953125,0.005073588341474533,-0.01263856329023838,0.011592473834753036,10.0079920,10.0001591,2.5842165019275054,318.01042226558405,1003.8886552937329,3.392436182534641,,0,0,0.797,0,0,0.024771006919436817,-0.007835517002274426,-0.9948418309096758,classic,0,0,0,none,0,0,0,2.67076519750783,0.024771006919436817,0.26910032909870507,0
sensor,1768475145133,935.1527300378249,0,0.063385009765625,0.08111572265625,-0.9624176025390625,0.063385009765625,0.08111572265625,-0.9624176025390625,-0.004477306269109249,-0.08762519061565399,0.01979234628379345,10.0080158,10.0001348,2.5632489353191366,315.7432893808601,1003.3238787101582,3.3409256011512904,,0,0,0.757,0,0.04,0.024004809803621702,0.0019167467162729446,-0.9932726915222754,classic,0,0,0,none,0,0,0,0.6859309968053686,0.024004809803621702,0.09414738532498734,0
sensor,1768475147124,939.1692666477521,0,0.023223876953125,-0.048309326171875,-1.019805908203125,0.023223876953125,-0.048309326171875,-1.019805908203125,-0.002906573936343193,-0.0794929638504982,0.01582450233399868,10.0080428,10.0001105,2.504995810130982,317.88717566914596,1003.0727132894099,3.3862335956884686,,0,0.159,0.625,0.20280612244897958,0,0.02124015806337711,0.0008821587904801623,-0.9939037478564793,classic,0,0,0,none,0,0,0,0.7755533890659094,0.02124015806337711,0.05590920758695464,0
sensor,1768475149117,943.8881339016015,0,0.028656005859375,0.0478057861328125,-0.982757568359375,0.028656005859375,0.0478057861328125,-0.982757568359375,0.0006143912323750556,-0.09757715463638306,0.02509762905538082,10.0080707,10.0000779,2.4493592009316227,314.2097731935028,1002.5928782541305,3.36251778352418,,0,0,0.678,0,0.119,0.026971425182431272,-0.006800977114556666,-0.9957200367366893,classic,0,0,0,none,0,0,0,0.9602391557582046,0.026971425182431272,0.056431619276739044,0
sensor,1768475151109,948.7312726699048,0,0.0203704833984375,-0.0131683349609375,-0.9678497314453125,0.0203704833984375,-0.0131683349609375,-0.9678497314453125,-0.028606876730918884,-0.0792335718870163,0.004002997186034918,10.0080986,10.0000440,2.425390433722477,312.2844134349008,1003.1007855711505,3.3951958001277647,,0,0.16,0.517,0.2363367799113737,0.119,0.028415110270293056,0.0049502947291610155,-0.9954233374100043,classic,0,0,0,none,0,0,0,0.528117044571531,0.028415110270293056,0.034130992257172504,0
sensor,1768475153140,952.4480880947965,0,0.0465850830078125,0.01141357421875,-0.97857666015625,0.0465850830078125,0.01141357421875,-0.97857666015625,0.00666349520906806,0.11620437353849411,0.0038107172586023808,10.0081181,10.0000164,2.3992199723311423,308.0759960775802,1003.1757212514058,3.3547118031427203,,0,0.199,0.558,0.2628797886393659,0.04,0.02477379628719643,0.0022330163561372807,-0.993966420871213,classic,0,0,0,none,0,0,0,0.46270296994296617,0.02477379628719643,0.028370554584047154,0
sensor,1768475154136,955.6273899998521,0,-0.06866455078125,-0.2026214599609375,-0.998809814453125,-0.06866455078125,-0.2026214599609375,-0.998809814453125,-0.04393070563673973,-0.23913854360580444,0.0027566379867494106,10.0081371,9.9999947,2.4135535116596856,309.6787348823776,1002.8520004153252,3.296295097415939,,0,0.279,0.518,0.35006273525721454,0,0.02797072901149865,0.0022775587306797275,-0.9935896742904408,classic,0,0,0,none,0,0,0,0.963406265671612,0.02797072901149865,0.22774240800442735,0
sensor,1768475156128,959.5902748010467,0,-0.0162353515625,0.027069091796875,-0.9945068359375,-0.0162353515625,0.027069091796875,-0.9945068359375,0.0046573360450565815,-0.016461264342069626,0.009562079794704914,10.0081595,9.9999666,2.4245182395423215,308.9346492472414,1003.6297803260386,3.2869623858490384,,0,0.239,0.558,0.29987452948557086,0,0.026855287705994546,0.003327710010421554,-0.995853794956201,classic,0,0,0,none,0,0,0,0.570648848053278,0.026855287705994546,0.04946388881145352,0
sensor,1768475158120,963.7426962277185,0,0.085693359375,0.15997314453125,-0.9635162353515625,0.085693359375,0.15997314453125,-0.9635162353515625,0.010972223244607449,0.021401429548859596,-0.005694637540727854,10.0081844,9.9999384,2.3980235620027224,309.880968974074,1002.9034593431279,3.253834698532395,,0,0.08,0.677,0.10568031704095113,0.04,0.017896180560620555,0.002531462667144369,-0.9950423979572376,classic,0,0,0,none,0,0,0,1.4398802928873793,0.017896180560620555,0.17516939121986908,0
sensor,1768475159116,966.8527118727155,0,0.0057373046875,0.020904541015625,-0.9682464599609375,0.0057373046875,0.020904541015625,-0.9682464599609375,-0.005437109619379044,-0.05170820280909538,-0.004591555800288916,10.0082018,9.9999161,2.393685627171936,309.2452855010222,1003.4201731188223,3.2451092429620485,,0,0.08,0.677,0.10568031704095113,0.04,0.01805414281149431,0.0068809128537239425,-0.9936978708606458,classic,0,0,0,none,0,0,0,0.4537284235200145,0.01805414281149431,0.03172030243245065,0
sensor,1768475161111,971.2575255475361,0,-0.00128173828125,0.0470428466796875,-0.9922332763671875,-0.00128173828125,0.0470428466796875,-0.9922332763671875,-0.010047574527561665,-0.011464642360806465,-0.019714582711458206,10.0082282,9.9998861,2.360451205904923,310.1526433980491,1003.9645552430302,3.259356645308669,,0,0.119,0.678,0.14930991217063988,0,0.016314023912350248,0.005121292207139346,-0.9931179388964656,classic,0,0,0,none,0,0,0,1.0526947615798645,0.016314023912350248,0.04570168960305724,0
sensor,1768475162111,974.9560722047015,0,-0.03741455078125,0.0294189453125,-0.9848175048828125,-0.03741455078125,0.0294189453125,-0.9848175048828125,-0.0184695553034544,-0.1301468163728714,0.0008396946941502392,10.0082502,9.9998608,2.3829286231716904,310.9309485547193,1003.4988592006266,3.203558368054755,,0,0.119,0.681,0.14875,0,0.015908024261223116,0.007168966195467987,-0.992905562394434,classic,0,0,0,none,0,0,0,0.5554444831393005,0.015908024261223116,0.05863505779356165,0
sensor,1768475164136,979.0031724015215,0,0.0074920654296875,-0.019561767578125,-0.9015350341796875,0.0074920654296875,-0.019561767578125,-0.9015350341796875,-0.012725116685032845,0.11135262250900269,-0.022492792457342148,10.0082746,9.9998334,2.383415816995826,310.39762763759336,1003.7103041773662,3.239018755484199,,0,0.159,0.637,0.19974874371859297,0,0.014348763402495636,0.0060886143121562175,-0.9915799511013131,classic,0,0,0,none,0,0,0,0.8243517998260053,0.014348763402495636,0.09434955913375893,0
sensor,1768475165132,982.094766945235,0,0.13751220703125,-0.0505523681640625,-0.98431396484375,0.13751220703125,-0.0505523681640625,-0.98431396484375,-0.02238919585943222,-0.07195408642292023,-0.004685831721872091,10.0082959,9.9998152,2.4123560459443403,314.40343302758805,1003.2475526826456,3.2201487592901588,,0,0.16,0.478,0.2507836990595611,0.159,0.021967079045208858,0.006754440215174083,-0.9918309327692996,classic,0,0,0,none,0,0,0,0.8369269622410046,0.021967079045208858,0.12984384642193872,0
sensor,1768475167124,987.1593101766364,0,0.095367431640625,-0.0165252685546875,-1.0214080810546875,0.095367431640625,-0.0165252685546875,-1.0214080810546875,0.007939682342112064,-0.11644192039966583,0.016944095492362976,10.0083285,9.9997829,2.444443842484862,314.5760730627098,1003.8571237800643,3.173856135305774,,0,0.08,0.7130000000000001,0.1008827238335435,0,0.02478608329741173,0.003011854180997438,-0.9906125807164368,classic,0,0,0,none,0,0,0,0.6669704566073125,0.02478608329741173,0.07984599668806104,0
sensor,1768475169116,991.5566614095085,0,0.1216278076171875,0.1252593994140625,-0.9333343505859375,0.1216278076171875,0.1252593994140625,-0.9333343505859375,-0.002537726191803813,-0.10407447069883347,0.005831523798406124,10.0083563,9.9997543,2.434583728150233,313.69136709846896,1003.7519042026252,3.068309406089177,,0,0.119,0.652,0.15434500648508429,0.026,0.032790359331467095,-0.0039050884970823828,-0.9906198203766186,classic,0,0,0,none,0,0,0,0.9564467856343832,0.032790359331467095,0.1677434270881722,0
sensor,1768475171111,997.5564408668383,0,-0.008544921875,-0.291473388671875,-0.9473419189453125,-0.008544921875,-0.291473388671875,-0.9473419189453125,-0.010666758753359318,-0.05879727005958557,-0.0007115966291166842,10.0083948,9.9997159,2.45923959709009,314.26804967070245,1003.6776301395148,3.0633383151441578,,0,0.319,0.47600000000000003,0.4012578616352201,0,0.0346896868247489,-0.0018497302560368327,-0.9901164667157408,classic,0,0,0,none,0,0,0,1.8264519351758768,0.0346896868247489,0.29742759964644816,0
sensor,1768475173140,1002.1039012609205,0,0.062835693359375,0.036346435546875,-1.0127105712890625,0.062835693359375,0.036346435546875,-1.0127105712890625,0.008251804858446121,0.07549235969781876,0.002238120650872588,10.0084243,9.9996872,2.4962107982138946,315.0543462046163,1003.1620022859424,3.06302529342701,,0,0.438,0.278,0.611731843575419,0.08,0.037654083372282175,0.004417816869973467,-0.9912500867510684,classic,0,0,0,none,0,0,0,0.5600666795501805,0.037654083372282175,0.04621042323805888,0
sensor,1768475175132,1006.2703519700202,0,-0.0010986328125,0.017547607421875,-1.0357666015625,-0.0010986328125,0.017547607421875,-1.0357666015625,-0.007960720919072628,-0.03744005039334297,-0.004582235123962164,10.0084496,9.9996592,2.4914141071486196,310.9117367141193,1003.7298098942265,3.1185462846594394,,0,0.16,0.598,0.21108179419525067,0.039,0.04149379445418396,0.0014098458373636635,-0.9910893825241193,classic,0,0,0,none,0,0,0,0.9517783788239487,0.04149379445418396,0.06412183258717553,0
sensor,1768475176128,1009.6635876873161,0,-0.00799560546875,0.0489654541015625,-0.9823760986328125,-0.00799560546875,0.0489654541015625,-0.9823760986328125,0.009268865920603275,-0.051352936774492264,-0.0018293253378942609,10.0084725,9.9996387,2.508330268185264,313.8985823552735,1003.2902033971623,3.1231349426182424,,0,0.119,0.5980000000000001,0.16596931659693162,0.08,0.03950373227399769,0.005543003007412444,-0.9902882555384995,classic,0,0,0,none,0,0,0,0.6683569838188583,0.03950373227399769,0.06516639467856744,0
sensor,1768475177124,1012.7722874135729,0,0.0404815673828125,0.09783935546875,-0.9698638916015625,0.0404815673828125,0.09783935546875,-0.9698638916015625,-0.002996056107804179,-0.08771440386772156,0.007105846423655748,10.0084938,9.9996202,2.54847025865977,316.16545941107796,1003.2479582419619,3.0835216209086136,,0,0.079,0.7180000000000001,0.09912170639899623,0,0.0383382552828255,-0.006913300544611015,-0.990683990206938,classic,0,0,0,none,0,0,0,0.8366563291079041,0.0383382552828255,0.10735996790031622,0
sensor,1768475179116,1017.2297820302256,0,0.0209808349609375,-0.2028961181640625,-0.9874267578125,0.0209808349609375,-0.2028961181640625,-0.9874267578125,-0.015586948953568935,0.13116121292114258,0.0006982808117754757,10.0085232,9.9995926,2.6043007704699783,316.5087147865608,1002.876111923717,3.1303357016865236,,0,0.04,0.717,0.052840158520475564,0.04,0.03955165367055965,0.005604837066283161,-0.9896666619692498,classic,0,0,0,none,0,0,0,0.7996476160234041,0.03955165367055965,0.21039029197624165,0
sensor,1768475181116,1022.3693181335401,0,0.033050537109375,0.062042236328125,-0.974365234375,0.033050537109375,0.062042236328125,-0.974365234375,-0.01062334980815649,0.03196805343031883,-0.003150519449263811,10.0085582,9.9995619,2.6412019681948995,317.5002134953086,1003.1712239747867,3.162413132723895,,0,0.399,0.398,0.5006273525721455,0,0.041426590366023516,0.004167757797010476,-0.9898653201724091,classic,0,0,0,none,0,0,0,0.392740551337887,0.041426590366023516,0.06080083211987085,0
sensor,1768475183139,1026.503140088216,0,-0.0209503173828125,0.1409454345703125,-1.0032501220703125,-0.0209503173828125,0.1409454345703125,-1.0032501220703125,0.01745568960905075,0.02869715914130211,-0.003970772959291935,10.0085873,9.9995384,2.613539723349862,320.0551526595221,1002.8812320800498,3.172011092454896,,0,0.119,0.678,0.14930991217063988,0,0.039309657855556755,0.0022969120556338663,-0.9907769722427319,classic,0,0,0,none,0,0,0,1.2501096810871737,0.039309657855556755,0.15245358898158923,0
sensor,1768475184135,1029.6575006911894,0,0.0940093994140625,0.047760009765625,-0.9706878662109375,0.0940093994140625,0.047760009765625,-0.9706878662109375,-0.00609411159530282,0.05590507760643959,-0.00013156015484128147,10.0086078,9.9995185,2.600006035862434,317.8160772901493,1002.4602000340819,3.187838052128146,,0,0.119,0.677,0.1494974874371859,0,0.035402650514587145,0.0052263516284638606,-0.9894137767862375,classic,0,0,0,none,0,0,0,0.5221738562141713,0.035402650514587145,0.0751724048451959,0
sensor,1768475186127,1034.323785604977,0,0.10711669921875,0.0531463623046875,-1.03314208984375,0.10711669921875,0.0531463623046875,-1.03314208984375,-0.0020564929582178593,0.012268650345504284,0.003434146288782358,10.0086404,9.9994917,2.560010610283493,319.4262275896958,1002.7001662999392,3.229814046732696,,0,0.113,0.684,0.14178168130489335,0,0.03389703608542284,0.0037849825949381813,-0.9899981113357395,classic,0,0,0,none,0,0,0,0.9978685506616977,0.03389703608542284,0.09877442849881328,0
sensor,1768475188119,1039.759710546139,0,0.018310546875,0.0710906982421875,-0.9942779541015625,0.018310546875,0.0710906982421875,-0.9942779541015625,-0.003941478207707405,-0.06592122465372086,0.004831773228943348,10.0086772,9.9994591,2.5382681123702286,318.8047414934312,1002.8660694491118,3.248850172759564,,0,0.08,0.7170000000000001,0.10037641154328733,0,0.03086250401589684,-0.005722667973236286,-0.993530816550914,classic,0,0,0,none,0,0,0,1.0015084280340507,0.03086250401589684,0.07822687857206961,0
sensor,1768475190111,1044.8251171862614,0,-0.0850982666015625,-0.128753662109375,-0.99224853515625,-0.0850982666015625,-0.128753662109375,-0.99224853515625,-0.030897196382284164,-0.14597079157829285,-0.0028636970091611147,10.0087115,9.9994286,2.545690932686284,317.7154753226499,1003.1746718976647,3.216934725739184,,0,0.207,0.55,0.273447820343461,0.04,0.035748167526399706,0.0044990517549169376,-0.993133133478915,classic,0,0,0,none,0,0,0,0.728549703688051,0.035748167526399706,0.1807954135170037,0
sensor,1768475192143,1049.4544701477535,0,0.0346527099609375,0.064788818359375,-0.9807586669921875,0.0346527099609375,0.064788818359375,-0.9807586669921875,-0.013360812328755856,0.009339439682662487,0.0003278351214248687,10.0087421,9.9994000,2.546476102641196,317.39108564818525,1003.8088582837954,3.2050023559157332,,0,0.24,0.557,0.30112923462986196,0,0.03405973486990892,0.0040740502042298675,-0.9916979287772791,classic,0,0,0,none,0,0,0,0.583418413887408,0.03405973486990892,0.0620052622700071,0
sensor,1768475193106,1052.6666668665937,0,0.0357513427734375,-0.351287841796875,-0.9673004150390625,0.0357513427734375,-0.351287841796875,-0.9673004150390625,0.004765726625919342,0.19096782803535461,-0.00899695698171854,10.0087643,9.9993811,2.5809472045964768,318.24919072567354,1003.4906404549256,3.1833594164279684,,0,0.12,0.636,0.15873015873015872,0.04,0.03530659437822407,-0.00387831707765741,-0.9899678285057169,classic,0,0,0,none,0,0,0,2.3277024158908795,0.03530659437822407,0.3498980032978704,0
sensor,1768475195131,1057.0949763861888,0,0.0220489501953125,0.049468994140625,-1.04461669921875,0.0220489501953125,0.049468994140625,-1.04461669921875,0.01625859923660755,0.1208004504442215,0.018868496641516685,10.0087931,9.9993532,2.619821962147394,317.35981530756544,1003.1522606732324,3.186718128505288,,0,0.319,0.35900000000000004,0.47050147492625366,0.119,0.04005199109522976,0.005345478485997951,-0.9916446970646823,classic,0,0,0,none,0,0,0,0.6788187723234368,0.04005199109522976,0.07161131705508668,0
sensor,1768475197123,1061.8620131509263,0,0.0350189208984375,0.021820068359375,-0.9922332763671875,0.0350189208984375,0.021820068359375,-0.9922332763671875,0.03194301947951317,0.09670736640691757,0.02959970384836197,10.0088282,9.9993282,2.6189709623217308,322.8385439991626,1002.7763731265441,3.1746892096233648,,0,0.199,0.5180000000000001,0.2775453277545328,0.08,0.043227979995022266,0.002024541193685957,-0.993873493125548,classic,0,0,0,none,0,0,0,0.8106819875039889,0.043227979995022266,0.021600836897584637,0
sensor,1768475199116,1066.946355460754,0,0.0992431640625,0.08941650390625,-0.9615478515625,0.0992431640625,0.08941650390625,-0.9615478515625,0.011450527235865593,-0.06300187110900879,0.019694875925779343,10.0088599,9.9992948,2.599144307911753,316.74508866936856,1003.3772075483575,3.1835536534873605,,0,0.12,0.677,0.15056461731493098,0,0.045515620114604353,-0.00521794358566921,-0.9933799623533793,classic,0,0,0,none,0,0,0,0.7379170927722681,0.045515620114604353,0.11395234818246731,0
sensor,1768475201112,1072.7628240702218,0,0.0775909423828125,-0.2447357177734375,-1.004150390625,0.0775909423828125,-0.2447357177734375,-1.004150390625,0.010300308465957642,-0.0777166336774826,0.016947025433182716,10.0088975,9.9992578,2.6046053529995183,316.6069149919491,1003.3542143842205,3.1751417912391053,,0,0.096,0.6910000000000001,0.12198221092757305,0,0.04373535223517718,-0.00035623451267001406,-0.9940109046967418,classic,0,0,0,none,0,0,0,1.3222022144581698,0.04373535223517718,0.24816254526099651,0
sensor,1768475203139,1077.492474162668,0,0.0601348876953125,0.0039825439453125,-0.9936981201171875,0.0601348876953125,0.0039825439453125,-0.9936981201171875,0.02105521783232689,0.1469750702381134,0.010040650144219398,10.0089281,9.9992278,2.6181353962576206,316.2648050663214,1003.2212125789374,3.2045875854720394,,0,0.119,0.5660000000000001,0.17372262773722624,0.12,0.04656905147820415,0.004488389737844459,-0.9937191253986187,classic,0,0,0,none,0,0,0,0.3521711071056299,0.04656905147820415,0.01364349772355506,0
sensor,1768475205131,1081.613927602938,0,0.0396881103515625,0.0875396728515625,-0.9885406494140625,0.0396881103515625,0.0875396728515625,-0.9885406494140625,-0.007813714444637299,-0.08622916042804718,0.00046685212873853743,10.0089566,9.9992038,2.5846131387830367,319.7852549641913,1002.5408246153966,3.180345323162469,,0,0.279,0.47800000000000004,0.368560105680317,0.04,0.045348792702179626,0.003891893495335764,-0.99257798620754,classic,0,0,0,none,0,0,0,1.2690054853934758,0.045348792702179626,0.08435804223787058,0
sensor,1768475206127,1085.4387177365597,0,0.027862548828125,-0.0002899169921875,-0.9943695068359375,0.027862548828125,-0.0002899169921875,-0.9943695068359375,0.018263425678014755,0.03876976668834686,-0.010290187783539295,10.0089810,9.9991792,2.5849571641513016,317.0128637295931,1002.8509128568694,3.1676310251716213,,0,0.119,0.648,0.15514993481095174,0,0.04370230824587186,0.006822854535701922,-0.9921299678835604,classic,0,0,0,none,0,0,0,0.5650959090763963,0.04370230824587186,0.017595261417557333,0
sensor,1768475208119,1089.8483594647091,0,0.0582733154296875,-0.033355712890625,-1.025543212890625,0.0582733154296875,-0.033355712890625,-1.025543212890625,-0.023601200431585312,-0.12817847728729248,-0.0027710190042853355,10.0090106,9.9991524,2.5609792185812807,317.43869017377006,1003.1252592327073,3.231097033710134,,0,0.08,0.6370000000000001,0.1115760111576011,0.08,0.04776148749169366,0.002116380906018971,-0.9923888510073609,classic,0,0,0,none,0,0,0,0.7528559130177674,0.04776148749169366,0.04992840688220428,0
sensor,1768475209116,1093.2820451289517,0,0.0642547607421875,0.0040435791015625,-0.98455810546875,0.0642547607421875,0.0040435791015625,-0.98455810546875,-0.005079447291791439,0.003964381758123636,0.002775812754407525,10.0090327,9.9991305,2.5623756832282862,316.5432714083586,1003.4891113350168,3.1941266040536087,,0,0.12,0.637,0.15852047556142668,0.04,0.04367410753896755,0.003915444993860462,-0.9920644488016555,classic,0,0,0,none,0,0,0,0.5376641348750159,0.04367410753896755,0.02201727457336893,0
sensor,1768475211115,1097.6171937557024,0,0.0390625,0.0138092041015625,-0.9824676513671875,0.0390625,0.0138092041015625,-0.9824676513671875,-0.011358115822076797,-0.0987074002623558,-0.00002450108149787411,10.0090616,9.9991039,2.546029589809486,316.3998837925911,1003.3109465613961,3.1540827553076536,,0,0.177,0.5980000000000001,0.2283870967741935,0,0.038590799118788294,0.0031841299939442133,-0.9924095949264959,classic,0,0,0,none,0,0,0,0.5472929207393276,0.038590799118788294,0.014631900631779599,0
sensor,1768475212142,1100.8734846831517,0,0.00653076171875,-0.081573486328125,-1.0642242431640625,0.00653076171875,-0.081573486328125,-1.0642242431640625,-0.0264851376414299,-0.1879616528749466,0.01206917967647314,10.0090838,9.9990846,2.553903094412089,317.3006147441578,1003.3573879897594,3.1370728580367286,,0,0.529,0.08000000000000002,0.8686371100164204,0.199,0.0404046424226581,0.003372914378811667,-0.9915179673771596,classic,0,0,0,none,0,0,0,0.6457910164513232,0.0404046424226581,0.11741830880124116,0
sensor,1768475214134,1105.581694183152,0,-0.0038299560546875,0.0591583251953125,-1.0224151611328125,-0.0038299560546875,0.0591583251953125,-1.0224151611328125,-0.004145476501435041,0.05067942291498184,0.017172595486044884,10.0091140,9.9990544,2.5624169877001317,316.6847208647905,1003.3459444670007,3.127076508670718,,0,0.08,0.676,0.10582010582010583,0.04,0.03531528553907275,0.004423586800119585,-0.991268451387287,classic,0,0,0,none,0,0,0,0.5413453466603408,0.03531528553907275,0.0745235384864187,0
sensor,1768475216126,1110.5657519776473,0,0.0756378173828125,0.163665771484375,-1.0038299560546875,0.0756378173828125,0.163665771484375,-1.0038299560546875,-0.002703641075640917,-0.1019817590713501,0.0017467673169448972,10.0091469,9.9990235,2.5509892826905394,317.12190012833145,1003.658335018903,3.1345521857559544,,0,0.08,0.49400000000000005,0.13937282229965156,0.199,0.03914098775827365,0.000010899913462069635,-0.9917110932929853,classic,0,0,0,none,0,0,0,1.404807261640694,0.03914098775827365,0.1689572557633006,0
sensor,1768475218120,1116.4338869124217,0,0.0775909423828125,-0.2556304931640625,-1.004241943359375,0.0775909423828125,-0.2556304931640625,-1.004241943359375,0.02052471600472927,-0.08293776214122772,-0.022728748619556427,10.0091842,9.9989856,2.5646561684004645,316.55353582326836,1003.2737712040544,3.109238148683164,,0,0.079,0.7180000000000001,0.09912170639899623,0,0.04386651090071403,-0.005888219216388347,-0.9934015197312707,classic,0,0,0,none,0,0,0,2.1699779069638687,0.04386651090071403,0.2535096053044127,0
sensor,1768475220113,1121.5424816920536,0,0.050506591796875,0.0519561767578125,-1.0296478271484375,0.050506591796875,0.0519561767578125,-1.0296478271484375,0.010967163369059563,0.08168847113847733,-0.01991991139948368,10.0092160,9.9989519,2.5996100073125725,314.66953669459724,1003.877642577514,3.01758496345486,,0,0.12,0.6669999999999999,0.15247776365946633,0.039,0.04759777095786471,0.004915246768986447,-0.995088956668387,classic,0,0,0,none,0,0,0,0.6435986289358343,0.04759777095786471,0.0587370412163589,0
sensor,1768475222142,1125.5642251646912,0,-0.0070953369140625,-0.025634765625,-1.055908203125,-0.0070953369140625,-0.025634765625,-1.055908203125,0.031674038618803024,-0.10974381119012833,0.006249640136957169,10.0092429,9.9989274,2.5960971526823244,315.06045029700385,1003.3607064448297,3.0354753167633106,,0,0.159,0.561,0.2208333333333333,0.08,0.040846168098826255,0.0032343605000559037,-0.9940965445125534,classic,0,0,0,none,0,0,0,0.8046932694296446,0.040846168098826255,0.08380062873677764,0
sensor,1768475224134,1131.150717847076,0,0.0716094970703125,0.058837890625,-0.968597412109375,0.0716094970703125,0.058837890625,-0.968597412109375,-0.014134727418422699,-0.11329220235347748,0.03295928239822388,10.0092790,9.9988919,2.5948126999571155,315.7893497030537,1002.7062419811264,3.0416772634587734,,0,0.119,0.677,0.1494974874371859,0,0.03636790866090147,-0.0054882840937038845,-0.9923758752715055,classic,0,0,0,none,0,0,0,0.7420969147999179,0.03636790866090147,0.07749285720971083,0
sensor,1768475226126,1136.824142652439,0,0.017730712890625,-0.15167236328125,-1.02032470703125,0.017730712890625,-0.15167236328125,-1.02032470703125,-0.03153848648071289,-0.06834869831800461,-0.0047028763219714165,10.0093167,9.9988569,2.613670596859701,315.9726110278378,1003.3972360864282,3.0600515809448074,,0,0.119,0.678,0.14930991217063988,0,0.03712887305448921,0.0018992737402035455,-0.9917012689090194,classic,0,0,0,none,0,0,0,0.9641910656381869,0.03712887305448921,0.15820716436374793,0
sensor,1768475228118,1141.0779209030352,0,0.0513916015625,0.0283355712890625,-1.0018463134765625,0.0513916015625,0.0283355712890625,-1.0018463134765625,0.009428655728697777,0.09005079418420792,-0.019217370077967644,10.0093443,9.9988301,2.6215263068732746,315.4426339982682,1003.7180947177112,3.02403282488311,,0,0.119,0.638,0.1571994715984148,0.04,0.04045752957757934,0.0031648179329199656,-0.9918773160859312,classic,0,0,0,none,0,0,0,0.540300197059015,0.04045752957757934,0.02934435289547157,0
sensor,1768475229116,1144.4781148829031,0,-0.0142364501953125,-0.2548675537109375,-1.0542449951171875,-0.0142364501953125,-0.2548675537109375,-1.0542449951171875,-0.003826163476333022,-0.2020271271467209,0.01889912225306034,10.0093681,9.9988106,2.6789231838160097,318.0025593417445,1004.0147914923728,3.04004681588423,,0,0.159,0.478,0.24960753532182103,0.16,0.04074761153734539,-0.006409097270456618,-0.9919355054654714,classic,0,0,0,none,0,0,0,2.5660876138303848,0.04074761153734539,0.2633037783569434,0
sensor,1768475231115,1149.339668531967,0,0.0368499755859375,0.040771484375,-1.0040283203125,0.0368499755859375,0.040771484375,-1.0040283203125,-0.02249758504331112,-0.1446639746427536,0.003911917097866535,10.0094006,9.9987809,2.7348865857156732,318.0157487740991,1003.4903394607827,3.0304050603942634,,0,0.359,0.35800000000000004,0.5006973500697349,0.08,0.038336140648262754,0.00625379043125423,-0.9943514178455939,classic,0,0,0,none,0,0,0,0.6375410849650746,0.038336140648262754,0.03605957214464083,0
sensor,1768475233138,1153.5070821715235,0,0.03021240234375,-0.015655517578125,-1.0054931640625,0.03021240234375,-0.015655517578125,-1.0054931640625,-0.0006322344415821135,0.02923591621220112,0.010268616490066051,10.0094280,9.9987549,2.7157049227627588,314.03384569304325,1003.804685221985,2.9966628027669984,,0,0.199,0.558,0.2628797886393659,0.04,0.03281089872482711,0.005485730136415334,-0.9942250318800523,classic,0,0,0,none,0,0,0,0.8213980879889536,0.03281089872482711,0.024218297575954416,0
sensor,1768475234136,1157.5572892919001,0,0.026397705078125,-0.0374298095703125,-0.970977783203125,0.026397705078125,-0.0374298095703125,-0.970977783203125,-0.021318605169653893,-0.1888628602027893,0.006518086884170771,10.0094576,9.9987334,2.7289826652559532,318.76917073433594,1003.8535309359431,2.9618493519479676,,0,0.119,0.6070000000000001,0.1639118457300275,0.071,0.03554958708784461,0.0071289016046519275,-0.994212168972711,classic,0,0,0,none,0,0,0,0.572723676961581,0.03554958708784461,0.051335758344743,0
sensor,1768475236126,1162.0980397201713,0,0.053558349609375,0.0144805908203125,-1.005889892578125,0.053558349609375,0.0144805908203125,-1.005889892578125,0.004504204262048006,0.0867127925157547,0.00026764770154841244,10.0094859,9.9987035,2.734462685979894,315.71068259085916,1004.1714197630063,2.990669168870643,,0,0.079,0.6380000000000001,0.11018131101813108,0.08,0.037026790750283124,0.004876871807890293,-0.9934902513846693,classic,0,0,0,none,0,0,0,0.5416109554371822,0.037026790750283124,0.022902115958762934,0
sensor,1768475237122,1165.5193787881988,0,0.0751800537109375,-0.26318359375,-1.0159759521484375,0.0751800537109375,-0.26318359375,-1.0159759521484375,0.015438877046108246,0.11014887690544128,0.012807673774659634,10.0095095,9.9986834,2.7796605990420944,317.13576467579793,1003.6024232422933,2.969474674279584,,0,0.12,0.677,0.15056461731493098,0,0.04088677241627986,-0.0036135972834455167,-0.9933204343024842,classic,0,0,0,none,0,0,0,2.2281777098089317,0.04088677241627986,0.26412451274893567,0
sensor,1768475239116,1170.1418672894697,0,0.008544921875,0.0988616943359375,-1.0127716064453125,0.008544921875,0.0988616943359375,-1.0127716064453125,-0.028022846207022667,-0.15072666108608246,0.013310745358467102,10.0095411,9.9986560,2.8119692268443077,317.0234704621988,1003.9134166631848,2.969480630583568,,0,0.086,0.7110000000000001,0.10790464240903386,0,0.043244205759234156,0.005398616066581352,-0.9923037129181872,classic,0,0,0,none,0,0,0,0.8658636734114662,0.043244205759234156,0.10228727815640043,0
sensor,1768475241114,1174.7496583383468,0,0.0711517333984375,-0.0175323486328125,-1.1263427734375,0.0711517333984375,-0.0175323486328125,-1.1263427734375,0.07736696302890778,-0.009907757863402367,0.03313957899808884,10.0095700,9.9986258,2.7915908143337904,313.7687263366618,1003.0421678386629,3.0207866814857343,,0,0.597,0.16000000000000006,0.7886393659180977,0.04,0.04627743130327766,0.0019052069651308524,-0.9950721616299394,classic,0,0,0,none,0,0,0,1.1457823975376602,0.04627743130327766,0.13569150503047936,0
sensor,1768475242141,1178.3315278537648,0,0.0940093994140625,-0.1898651123046875,-1.0031585693359375,0.0940093994140625,-0.1898651123046875,-1.0031585693359375,-0.02172686718404293,0.0532110221683979,0.01864851824939251,10.0095924,9.9986024,2.7911100032001017,313.49958994849004,1002.4715305790305,2.969747314997689,,0,0.478,0.16000000000000006,0.7492163009404388,0.159,0.04794682390285031,0.0032619387009153998,-0.9951659998451815,classic,0,0,0,none,0,0,0,1.0397190516689248,0.04794682390285031,0.19970357533599942,0
sensor,1768475244133,1183.628711364748,0,0.0276031494140625,0.046875,-1.010040283203125,0.0276031494140625,0.046875,-1.010040283203125,0.007214237004518509,0.018794726580381393,0.0135642783716321,10.0096256,9.9985676,2.803019377182796,313.5811489793653,1003.5028485190123,2.935776386772435,,0,0.12,0.6920000000000001,0.14778325123152708,0,0.05037975730133999,0.003034633802819208,-0.9946512896553883,classic,0,0,0,none,0,0,0,0.5754699684317214,0.05037975730133999,0.05200529386224276,0
sensor,1768475246125,1187.8280183248373,0,0.04925537109375,-0.092681884765625,-0.9842529296875,0.04925537109375,-0.092681884765625,-0.9842529296875,-0.006706904619932175,-0.08473805338144302,-0.00027297402266412973,10.0096521,9.9985403,2.770137926126465,312.93369874322394,1004.2550241174176,3.004836082829366,,0,0.08,0.678,0.10554089709762533,0.039,0.051997769175667084,0.0008886909329035997,-0.9940299443264339,classic,0,0,0,none,0,0,0,1.2154601186137952,0.051997769175667084,0.09459290608930909,0
sensor,1768475247121,1191.5018596225361,0,0.135833740234375,-0.0369720458984375,-0.9874725341796875,0.135833740234375,-0.0369720458984375,-0.9874725341796875,0.02611149474978447,0.22825686633586884,-0.009097358211874962,10.0096762,9.9985174,2.765808860877081,313.70643652543407,1003.9098898731172,3.0226722106064092,,0,0.16,0.636,0.20100502512562812,0,0.051984862227039394,0.003569048401215718,-0.9941312869559955,classic,0,0,0,none,0,0,0,0.5671677973227213,0.051984862227039394,0.09384240764939877,0
sensor,1768475249116,1195.274040104148,0,0.0975341796875,0.0211181640625,-0.9645233154296875,0.0975341796875,0.0211181640625,-0.9645233154296875,0.008403072133660316,-0.10873659700155258,0.007699731271713972,10.0097048,9.9984989,2.7069963681217004,321.8423772765214,1003.9817709000781,3.0511668456505765,,0,0.08,0.6400000000000001,0.1111111111111111,0.08,0.05441904006164437,0.0012393144053552347,-0.993433709705819,classic,0,0,0,none,0,0,0,0.9015338431500327,0.05441904006164437,0.05586615317776781,0
sensor,1768475250109,1199.590001537988,0,0.0589141845703125,-0.0395965576171875,-0.9843292236328125,0.0589141845703125,-0.0395965576171875,-0.9843292236328125,-0.0359279066324234,-0.14950719475746155,-0.006964432541280985,10.0097318,9.9984706,2.712104252216656,317.6516874889968,1003.4587853243575,3.0924223330679297,,0,0.08,0.7170000000000001,0.10037641154328733,0,0.05551126722855925,0.002445728409893259,-0.9940332725466756,classic,0,0,0,none,0,0,0,0.5388344887957629,0.05551126722855925,0.0434991573321737,0
sensor,1768475252141,1204.0644883016726,0,0.01678466796875,0.029510498046875,-0.9849853515625,0.01678466796875,0.029510498046875,-0.9849853515625,-0.0182916559278965,0.052323926240205765,-0.001088433898985386,10.0097605,9.9984419,2.7061888636603655,316.69459462142686,1003.4507520403713,3.070234514918951,,0,0.199,0.558,0.2628797886393659,0.04,0.055050696295228956,0.0018206372122278312,-0.9936278296105908,classic,0,0,0,none,0,0,0,0.7360116580114555,0.055050696295228956,0.048259102037943036,0
sensor,1768475254133,1208.8958327318223,0,0.054718017578125,0.1650238037109375,-0.968292236328125,0.054718017578125,0.1650238037109375,-0.968292236328125,0.01948501728475094,0.037348970770835876,0.009602826088666916,10.0097923,9.9984118,2.669601470391685,318.25583806597484,1003.2465020967647,3.11916807132522,,0,0.119,0.638,0.1571994715984148,0.04,0.046965740982147015,-0.0008300126615155491,-0.9931542202847483,classic,0,0,0,none,0,0,0,1.243551757199569,0.046965740982147015,0.16872963461622448,0
sensor,1768475255129,1212.7855589580033,0,0.0627288818359375,0.03753662109375,-1.005462646484375,0.0627288818359375,0.03753662109375,-1.005462646484375,-0.004508731886744499,-0.06478139013051987,0.006304767448455095,10.0098154,9.9983851,2.6730724098896106,314.95511691506823,1004.0972463050857,3.1118845549077503,,0,0.116,0.68,0.1457286432160804,0,0.04916936044128109,0.0031504820938422023,-0.993541486335426,classic,0,0,0,none,0,0,0,0.4805702778783619,0.04916936044128109,0.03903304926528416,0
sensor,1768475257121,1216.3458964825131,0,-0.031341552734375,0.0290985107421875,-0.976531982421875,-0.031341552734375,0.0290985107421875,-0.976531982421875,-0.014539261348545551,-0.004766525700688362,-0.0027979169972240925,10.0098375,9.9983616,2.626715370392268,312.8693489753525,1003.6170506970957,3.1815831098414273,,0,0.199,0.5980000000000001,0.24968632371392718,0,0.04010146675517647,0.0020649312790341936,-0.9920873540345908,classic,0,0,0,none,0,0,0,0.97848050009049,0.04010146675517647,0.07834613425687241,0
sensor,1768475258117,1220.106158565928,0,0.0691680908203125,-0.003570556640625,-1.0232391357421875,0.0691680908203125,-0.003570556640625,-1.0232391357421875,0.006269347388297319,0.06396034359931946,0.0040978058241307735,10.0098608,9.9983368,2.613404842051512,313.0785017993138,1003.1408001268283,3.148032312976709,,0,0.2,0.5170000000000001,0.2789400278940028,0.079,0.040007075077632286,0.004663817524490274,-0.9927852335073543,classic,0,0,0,none,0,0,0,0.6145640083610691,0.040007075077632286,0.04317644458381868,0
sensor,1768475260109,1224.7335749786605,0,0.0496063232421875,0.037078857421875,-0.9931182861328125,0.0496063232421875,0.037078857421875,-0.9931182861328125,0.0029976540245115757,-0.12115758657455444,0.010408698581159115,10.0098908,9.9983075,2.5845364167910607,314.17564801170505,1003.8987443968654,3.1837969619086333,,0,0.04,0.479,0.07707129094412331,0.278,0.029537140517753357,0.002483313137728505,-0.9944690167809399,classic,0,0,0,none,0,0,0,0.809563714379747,0.029537140517753357,0.0402191950408377,0
sensor,1768475261145,1227.7576173877494,0,-0.006622314453125,-0.1087188720703125,-0.9936370849609375,-0.006622314453125,-0.1087188720703125,-0.9936370849609375,-0.036805152893066406,-0.15150776505470276,0.0008199872681871057,10.0099099,9.9982878,2.58558768572296,313.98367094167344,1003.6135731637478,3.1953089509768278,,0,0.08,0.677,0.10568031704095113,0.04,0.030241914417738318,0.003400447178461674,-0.9942284123353216,classic,0,0,0,none,0,0,0,0.575076919030048,0.030241914417738318,0.11861878088448466,0
sensor,1768475263137,1232.9357927574747,0,0.03131103515625,0.0294342041015625,-1.001007080078125,0.03131103515625,0.0294342041015625,-1.001007080078125,0.0052046156488358974,0.061053499579429626,-0.0009392969077453017,10.0099454,9.9982572,2.5888450292270013,317.45293150529176,1003.5562206227332,3.1811913049718923,,0,0.359,0.43800000000000006,0.45043914680050184,0,0.03007623555789926,0.004315511350948539,-0.9940604275462909,classic,0,0,0,none,0,0,0,0.379583466618805,0.03007623555789926,0.026221901695489918,0
sensor,1768475265129,1237.4260842357166,0,0.084197998046875,0.0418853759765625,-0.9971160888671875,0.084197998046875,0.0418853759765625,-0.9971160888671875,0.009562346152961254,0.04998673498630524,0.009048089385032654,10.0099711,9.9982256,2.5597816486929865,313.7887460477556,1003.7217496884987,3.2071858171616063,,0,0.12,0.677,0.15056461731493098,0,0.03784727835368435,0.0012411351852817372,-0.993707942394917,classic,0,0,0,none,0,0,0,1.0858238893496053,0.03784727835368435,0.06205132063639078,0
sensor,1768475266124,1240.9822205723895,0,0.0410919189453125,0.089752197265625,-1.1149444580078125,0.0410919189453125,0.089752197265625,-1.1149444580078125,-0.00401737866923213,0.1289268285036087,0.0022205437999218702,10.0099925,9.9982014,2.561154581171545,313.1356392761522,1003.7648487817496,3.18393338875307,,0,0.359,0.23900000000000005,0.600334448160535,0.199,0.041973539871566254,0.005500730287738798,-0.9946331544494502,classic,0,0,0,none,0,0,0,0.8209626145866182,0.041973539871566254,0.14761864574434871,0
sensor,1768475268117,1245.398792593546,0,0.062774658203125,0.0573577880859375,-1.0739288330078125,0.062774658203125,0.0573577880859375,-1.0739288330078125,-0.004435760900378227,0.180070161819458,-0.01890391670167446,10.0100215,9.9981739,2.5428698429169203,314.77357076702714,1004.161665931344,3.18700984081989,,0,0.159,0.638,0.19949811794228356,0,0.04378913050309038,0.00331021242291692,-0.9947101142345274,classic,0,0,0,none,0,0,0,0.8901114423914224,0.04378913050309038,0.09825217382095656,0
sensor,1768475269114,1248.8240468792349,0,0.0401153564453125,-0.088409423828125,-0.989990234375,0.0401153564453125,-0.088409423828125,-0.989990234375,-0.010031328536570072,0.0556800402700901,-0.012440957129001617,10.0100428,9.9981513,2.55577574718712,314.33425747730666,1003.753348342143,3.2004106898341202,,0,0.16,0.558,0.2228412256267409,0.079,0.043301459014287086,0.005106880551513708,-0.9950690835337049,classic,0,0,0,none,0,0,0,0.5720636134627065,0.043301459014287086,0.09417919412603443,0
sensor,1768475271144,1253.2997864594756,0,0.025482177734375,0.0608367919921875,-0.9852447509765625,0.025482177734375,0.0608367919921875,-0.9852447509765625,-0.009545834735035896,-0.0174450371414423,-0.004632036201655865,10.0100692,9.9981204,2.5546080745788653,312.1758625895589,1004.162366389297,3.1656845567393437,,0,0.085,0.5930000000000001,0.12536873156342182,0.119,0.0459477811403649,0.002776643304084319,-0.9934455937358142,classic,0,0,0,none,0,0,0,0.4466888865017758,0.0459477811403649,0.06241744618179084,0
sensor,1768475272140,1256.6574164070946,0,0.0070953369140625,-0.189422607421875,-1.0386199951171875,0.0070953369140625,-0.189422607421875,-1.0386199951171875,0.011781558394432068,0.05084161087870598,-0.005006742663681507,10.0100894,9.9980976,2.57624230296787,312.1607827632664,1003.8766880473122,3.127347723120922,,0,0.239,0.558,0.29987452948557086,0,0.0444984076514287,-0.005671170459794788,-0.9937902400641261,classic,0,0,0,none,0,0,0,2.316849328415609,0.0444984076514287,0.1937726162197012,0
sensor,1768475274132,1260.9834524103871,0,0.0122528076171875,0.0763092041015625,-0.9747467041015625,0.0122528076171875,0.0763092041015625,-0.9747467041015625,-0.0013020194601267576,-0.008478173054754734,0.008129033260047436,10.0101164,9.9980692,2.5866928992229155,316.99754428211236,1003.8275244021788,3.1099578410125432,,0,0.04,0.718,0.052770448548812667,0.039,0.04442769012661017,0.005847522155051519,-0.9947719886722729,classic,0,0,0,none,0,0,0,0.5832030885164702,0.04442769012661017,0.08040881698173509,0
sensor,1768475275128,1264.0446481066504,0,0.0537109375,0.0808563232421875,-0.990234375,0.0537109375,0.0808563232421875,-0.990234375,0.011062504723668098,-0.22185170650482178,-0.0041129859164357185,10.0101352,9.9980488,2.6153781322446537,314.33821699087673,1003.7673110030591,3.1225034438441113,,0,0.096,0.7000000000000001,0.12060301507537688,0,0.04251630514194141,-0.0059014937428426605,-0.9939838454169123,classic,0,0,0,none,0,0,0,1.7388465403627642,0.04251630514194141,0.08799738025011278,0
sensor,1768475277120,1269.4877553912906,0,0.0635986328125,-0.0534820556640625,-0.940032958984375,0.0635986328125,-0.0534820556640625,-0.940032958984375,-0.026645459234714508,-0.13476474583148956,0.003900199430063367,10.0101717,9.9980156,2.614444282887894,318.0006502040052,1004.1175122754648,3.2211752322950855,,0,0.16,0.637,0.20075282308657466,0,0.041973137105072125,0.007684636340021614,-0.9937395974572724,classic,0,0,0,none,0,0,0,0.5816295857507767,0.041973137105072125,0.0846457273611548,0
sensor,1768475279114,1274.4764624254447,0,0.0418701171875,0.000518798828125,-0.9948883056640625,0.0418701171875,0.000518798828125,-0.9948883056640625,0.00561154680326581,0.0577184222638607,0.0013454289874061942,10.0102001,9.9979804,2.6071791233394843,315.80809102175147,1004.4601384783164,3.2357324105470795,,0,0.149,0.598,0.19946452476572957,0.05,0.03910129212310033,0.005545019247800861,-0.9934035724497745,classic,0,0,0,none,0,0,0,0.5645695804314266,0.03910129212310033,0.005957155909887544,0
sensor,1768475280108,1277.5440253233894,0,-0.0035247802734375,-0.1536865234375,-0.9709930419921875,-0.0035247802734375,-0.1536865234375,-0.9709930419921875,-0.022818230092525482,-0.13402117788791656,0.006773217581212521,10.0102227,9.9979644,2.6092626909106116,319.3566143934312,1004.4139053914696,3.184023990134717,,0,0.238,0.559,0.29861982434127976,0,0.038996003814004136,0.00349817333639306,-0.9937852799813617,classic,0,0,0,none,0,0,0,1.081037419026814,0.038996003814004136,0.16524805174328402,0
sensor,1768475282140,1282.6047052027975,0,0.05084228515625,0.0538330078125,-1.004730224609375,0.05084228515625,0.0538330078125,-1.004730224609375,0.008450210094451904,0.04573233425617218,0.004252269398421049,10.0102529,9.9979298,2.610564875378265,316.80104802598987,1004.7446438148618,3.1915726079110747,,0,0.239,0.47800000000000004,0.33333333333333326,0.079,0.0371060877781837,0.007888591489621058,-0.9919674902929866,classic,0,0,0,none,0,0,0,0.40509078419217837,0.0371060877781837,0.04987254173713911,0
sensor,1768475283136,1285.7888100606988,0,0.0040435791015625,-0.11920166015625,-0.99468994140625,0.0040435791015625,-0.11920166015625,-0.99468994140625,-0.03075498342514038,-0.2514130473136902,0.0024314660113304853,10.0102760,9.9979126,2.625383622462178,315.91777276722314,1004.4800566155463,3.2290998455109103,,0,0.199,0.4780000000000001,0.29394387001477107,0.12,0.03686026762681779,-0.005563671410424678,-0.9916056766526139,classic,0,0,0,none,0,0,0,2.4433670900453426,0.03686026762681779,0.11891634736356321,0
sensor,1768475285128,1289.806743913367,0,0.0466156005859375,0.00531005859375,-0.9997406005859375,0.0466156005859375,0.00531005859375,-0.9997406005859375,-0.0023816649336367846,0.003724164329469204,0.0028474517166614532,10.0103063,9.9978925,2.6220917626985587,318.23545993968764,1004.2306481776759,3.232715637528775,,0,0.199,0.5980000000000001,0.24968632371392718,0,0.03437093365570972,0.009339081227813418,-0.9904158728894698,classic,0,0,0,none,0,0,0,0.43848458433826676,0.03437093365570972,0.01598954982558737,0
sensor,1768475287120,1295.441282414216,0,0.0158233642578125,-0.007781982421875,-1.05340576171875,0.0158233642578125,-0.007781982421875,-1.05340576171875,0.010659834370017052,0.06520243734121323,0.0065039717592298985,10.0103342,9.9978496,2.612479075108415,305.0358920630988,1003.9115268951282,3.281283801154552,,0,0.199,0.5980000000000001,0.24968632371392718,0,0.030267116416879413,0.006119340794368469,-0.9895012109893817,classic,0,0,0,none,0,0,0,0.7787579779771447,0.030267116416879413,0.06731163088688782,0
sensor,1768475289113,1301.420380113267,0,0.0731201171875,0.1245269775390625,-0.9414520263671875,0.0731201171875,0.1245269775390625,-0.9414520263671875,-0.010976218618452549,-0.1860380470752716,0.028255073353648186,10.0103735,9.9978123,2.6175903757859165,311.4077092448839,1004.1066918848082,3.271170744325146,,0,0.199,0.558,0.2628797886393659,0.04,0.034886989075605696,-0.0012731757962702174,-0.9899186593896787,classic,0,0,0,none,0,0,0,0.952272130712961,0.034886989075605696,0.14083434399185285,0
sensor,1768475291143,1306.5704945953255,0,0.0897216796875,-0.2930450439453125,-0.8463592529296875,0.0897216796875,-0.2930450439453125,-0.8463592529296875,-0.029749372974038124,-0.007849400863051414,0.0008293083519674838,10.0104058,9.9977786,2.6256670418814116,313.9397092845027,1003.6209658570588,3.246296019045554,,0,0.079,0.678,0.10435931307793923,0.04,0.040722685936666184,-0.0015124362389206463,-0.9922841211664895,classic,0,0,0,none,0,0,0,2.1167013888119346,0.040722685936666184,0.3313326098738399,0
sensor,1768475293135,1311.7749744511088,0,0.056396484375,0.05975341796875,-1.0231170654296875,0.056396484375,0.05975341796875,-1.0231170654296875,-0.0031973912846297026,0.025591380894184113,0.01110165286809206,10.0104382,9.9977443,2.627263118564262,312.5153871691298,1004.2517659170553,3.256701927682358,,0,0.08,0.5970000000000001,0.11816838995568685,0.119,0.04205348505879916,0.006640272867953585,-0.9917348286126143,classic,0,0,0,none,0,0,0,0.7107187654201184,0.04205348505879916,0.06365525282224552,0
sensor,1768475294131,1314.9076606896062,0,0.0390625,0.03363037109375,-1.0058135986328125,0.0390625,0.03363037109375,-1.0058135986328125,0.012648949399590492,-0.009700830094516277,0.010263822972774506,10.0104576,9.9977235,2.6445237711325786,311.3888771540213,1004.1624397803098,3.243993199711595,,0,0.239,0.558,0.29987452948557086,0,0.04007089983024931,-0.0065864911633396785,-0.9934478594093368,classic,0,0,0,none,0,0,0,1.3069869186358296,0.04007089983024931,0.042298597742620514,0
sensor,1768475296123,1319.869041004023,0,0.037384033203125,-0.0111541748046875,-0.977996826171875,0.037384033203125,-0.0111541748046875,-0.977996826171875,-0.019591543823480606,0.011202054098248482,0.0006207828409969807,10.0104893,9.9976918,2.6400107368742765,314.06440964911457,1003.876024867408,3.315578934824629,,0,0.119,0.638,0.1571994715984148,0.04,0.03471042174116448,0.004810914098853592,-0.994542063671293,classic,0,0,0,none,0,0,0,0.5898650569726225,0.03471042174116448,0.023263176270173512,0
sensor,1768475297121,1322.8935735760049,0,0.04541015625,0.03509521484375,-0.9917755126953125,0.04541015625,0.03509521484375,-0.9917755126953125,-0.004021639470010996,-0.0458468496799469,0.02388136461377144,10.0105039,9.9976684,2.645652532738924,311.3055582476164,1003.6675829850137,3.3771342245358005,,0,0.199,0.43699999999999994,0.31289308176100633,0.16,0.0336530004075038,-0.00655581799230295,-0.9952931913452059,classic,0,0,0,none,0,0,0,0.5512194070612411,0.0336530004075038,0.04363954400151547,0
sensor,1768475299112,1328.6335837787285,0,0.0232696533203125,-0.1417694091796875,-1.0211944580078125,0.0232696533203125,-0.1417694091796875,-1.0211944580078125,-0.03750636428594589,-0.15842080116271973,0.008740494959056377,10.0105376,9.9976287,2.673255826789909,310.0448127217399,1003.9962161658332,3.3973464378481415,,0,0.08,0.6370000000000001,0.1115760111576011,0.079,0.03727024854899191,0.003493063632075623,-0.9931199207119011,classic,0,0,0,none,0,0,0,0.8148314810301849,0.03727024854899191,0.14935830628896646,0
sensor,1768475301143,1332.8292537129817,0,0.0662078857421875,0.0437469482421875,-0.9909515380859375,0.0662078857421875,0.0437469482421875,-0.9909515380859375,-0.008682438172399998,0.01740003004670143,0.005910619627684355,10.0105626,9.9976000,2.6831637216609248,310.6316924407142,1003.6182773206383,3.281563156313947,,0,0.16,0.636,0.20100502512562812,0,0.03511124879978635,0.005646768724345023,-0.9925227703593884,classic,0,0,0,none,0,0,0,0.5258225057936471,0.03511124879978635,0.049451865609129377,0
sensor,1768475302139,1336.527679507625,0,-0.009521484375,-0.01312255859375,-1.0030975341796875,-0.009521484375,-0.01312255859375,-1.0030975341796875,0.030973628163337708,0.06366126984357834,0.004281830508261919,10.0105839,9.9975741,2.7340423357847357,310.2673807288832,1003.934197133407,3.260641869940087,,0,0.199,0.3990000000000001,0.3327759197324414,0.199,0.03442889430085795,-0.006556616228564756,-0.9926129954986855,classic,0,0,0,none,0,0,0,2.524525352885374,0.03442889430085795,0.045887657000229946,0
sensor,1768475304131,1341.1049557735262,0,0.04705810546875,0.0189666748046875,-0.9783172607421875,0.04705810546875,0.0189666748046875,-0.9783172607421875,0.025246234610676765,0.14324185252189636,0.011229485273361206,10.0106106,9.9975422,2.7683342415628047,310.33836613991053,1003.6144780218601,3.1796718317785047,,0,0.079,0.558,0.12401883830455258,0.16,0.03640253453444273,0.007415322111810466,-0.9925611589251495,classic,0,0,0,none,0,0,0,0.43473860921999347,0.03640253453444273,0.021316570509732246,0
sensor,1768475306123,1344.889777966691,0,0.0968170166015625,0.02398681640625,-0.8975677490234375,0.0968170166015625,0.02398681640625,-0.8975677490234375,0.012211392633616924,0.03982224687933922,-0.008473113179206848,10.0106328,9.9975161,2.73096969365232,310.339831223922,1004.1790179265663,3.1820689822275305,,0,0.08,0.7170000000000001,0.10037641154328733,0,0.032896982019373855,0.005039266002130718,-0.9911734988806716,classic,0,0,0,none,0,0,0,0.9008492869567588,0.032896982019373855,0.11549840786249899,0
sensor,1768475307119,1349.3385385459078,0,0.0230865478515625,-0.0013427734375,-0.9458770751953125,0.0230865478515625,-0.0013427734375,-0.9458770751953125,-0.0279203150421381,-0.14104419946670532,0.004583033733069897,10.0106596,9.9974859,2.731614727377764,310.81557681317094,1003.5637871334329,3.2049252700081863,,0,0.12,0.677,0.15056461731493098,0,0.03419944237779659,0.006072856019286665,-0.9908843488853184,classic,0,0,0,none,0,0,0,0.5359823775994287,0.03419944237779659,0.04718421893387401,0
sensor,1768475309116,1353.2214668026631,0,0.063629150390625,0.0282135009765625,-0.9783935546875,0.063629150390625,0.0282135009765625,-0.9783935546875,-0.002861832967028022,0.08927741646766663,-0.006898119580000639,10.0106825,9.9974591,2.7066872361570997,310.0800162408685,1004.10868617706,3.2203649538435153,,0,0.079,0.678,0.10435931307793923,0.04,0.031906017883764,0.002775800053564472,-0.992277785979412,classic,0,0,0,none,0,0,0,0.5844415065955124,0.031906017883764,0.04318341225079302,0
sensor,1768475310107,1356.9228995493104,0,-0.0234375,-0.1440887451171875,-1.0032196044921875,-0.0234375,-0.1440887451171875,-1.0032196044921875,-0.00481233187019825,0.04489317163825035,-0.0009760485263541341,10.0107043,9.9974336,2.7080753219539266,310.40804827547373,1003.5405063023791,3.2061978107343525,,0,0.12,0.558,0.17699115044247785,0.118,0.03191776757106751,0.0025249077378959334,-0.9929378056283584,classic,0,0,0,none,0,0,0,0.8469424444306483,0.03191776757106751,0.15784169728955982,0
sensor,1768475312138,1361.738361118735,0,0.0523529052734375,0.0193634033203125,-0.957000732421875,0.0523529052734375,0.0193634033203125,-0.957000732421875,0.009155414998531342,-0.022663233801722527,0.005917810369282961,10.0107333,9.9974009,2.713294354968161,310.6203696074614,1003.8343658419326,3.2196987443387446,,0,0.12,0.676,0.1507537688442211,0,0.028149992729104498,0.005054519295655438,-0.9898867559842756,classic,0,0,0,none,0,0,0,0.38598815218852844,0.028149992729104498,0.04348421763479248,0
sensor,1768475314130,1366.6178994903942,0,0.04693603515625,0.094879150390625,-0.992889404296875,0.04693603515625,0.094879150390625,-0.992889404296875,0.007901598699390888,0.005404352676123381,0.024943966418504715,10.0107609,9.9973663,2.690719410230594,309.6456539562373,1004.3002880644053,3.2713705908587896,,0,0.04,0.677,0.05578800557880055,0.08,0.030943273370874765,0.0028422075983472075,-0.9906152521773394,classic,0,0,0,none,0,0,0,1.457971256567255,0.030943273370874765,0.09391334143796343,0
sensor,1768475315126,1370.2143390886838,0,0.0413970947265625,0.059967041015625,-0.9973297119140625,0.0413970947265625,0.059967041015625,-0.9973297119140625,-0.0034226945135742426,-0.018014952540397644,0.008222776465117931,10.0107807,9.9973403,2.696382992437973,308.36788147563607,1004.4886746350676,3.2457499659728573,,0,0.558,0.239,0.7001254705144291,0,0.031495847441113126,0.006348516044843045,-0.9905791024800004,classic,0,0,0,none,0,0,0,0.4541148315025778,0.031495847441113126,0.05521743449469734,0
sensor,1768475317118,1374.2986511564338,0,0.0058135986328125,0.0518951416015625,-1.0182647705078125,0.0058135986328125,0.0518951416015625,-1.0182647705078125,0.0020453077740967274,-0.013880128972232342,0.01769936829805374,10.0108007,9.9973090,2.666156700654786,303.4590923984856,1004.470232129097,3.303153970304827,,0,0.16,0.558,0.2228412256267409,0.079,0.03236010750143998,0.0036269185115192677,-0.9902426365632396,classic,0,0,0,none,0,0,0,1.0563286374394982,0.03236010750143998,0.06211493117050189,0
sensor,1768475318116,1378.2440303173491,0,0.0675048828125,0.0449371337890625,-0.999237060546875,0.0675048828125,0.0449371337890625,-0.999237060546875,0.0004974784678779542,-0.008036620914936066,0.005287972744554281,10.0108215,9.9972798,2.6713640058106227,304.8064467811802,1004.165222350508,3.304194644375219,,0,0.159,0.359,0.30694980694980695,0.279,0.03467929316520609,0.005106855286807591,-0.9925255949324931,classic,0,0,0,none,0,0,0,0.545626376281247,0.03467929316520609,0.05230973975236858,0
sensor,1768475320108,1381.3770527437641,0,-0.018707275390625,-0.0718994140625,-1.0897979736328125,-0.018707275390625,-0.0718994140625,-1.0897979736328125,0.05077023804187775,-0.1932711899280548,0.030310235917568207,10.0108414,9.9972597,2.6179378817775922,310.5908589123166,1005.280948436819,3.3411648023117984,,0,0.239,0.558,0.29987452948557086,0,0.03384928021655808,0.0013858576401895941,-0.9942143423297545,classic,0,0,0,none,0,0,0,1.1396133547280587,0.03384928021655808,0.13207251252948618,0
sensor,1768475321142,1385.795734166356,0,0.0565948486328125,-0.009185791015625,-1.0066070556640625,0.0565948486328125,-0.009185791015625,-1.0066070556640625,-0.022312229499220848,-0.044910214841365814,0.006934871431440115,10.0108654,9.9972275,2.603637126304379,308.14218128496503,1003.7507009161636,3.345571486524409,,0,0.04,0.757,0.050188205771643665,0,0.03315810220686485,0.00395277318016855,-0.9933942566990259,classic,0,0,0,none,0,0,0,0.5457380677511989,0.03315810220686485,0.03009175145904124,0
sensor,1768475323134,1390.2640572669825,0,-0.0083770751953125,0.01922607421875,-0.97412109375,-0.0083770751953125,0.01922607421875,-0.97412109375,0.0022365227341651917,0.04031812772154808,0.0010836402652785182,10.0108933,9.9971981,2.5763976172947065,310.52081515323925,1004.1029382748529,3.4231102248321346,,0,0.159,0.638,0.19949811794228356,0,0.03303580079776855,0.0023436999134275978,-0.9938318995346272,classic,0,0,0,none,0,0,0,0.6185327535542662,0.03303580079776855,0.04911845514339248,0
sensor,1768475324130,1393.4105506853277,0,0.045928955078125,-0.07965087890625,-0.9564361572265625,0.045928955078125,-0.07965087890625,-0.9564361572265625,-0.013560815714299679,-0.007104780990630388,0.005145759787410498,10.0109101,9.9971750,2.5800038706854003,308.72395743764827,1003.8969855159521,3.430000024171828,,0,0.239,0.558,0.29987452948557086,0,0.03247588148430209,0.0046852775456858895,-0.9931065501736233,classic,0,0,0,none,0,0,0,0.6452202871434668,0.03247588148430209,0.09340944980619574,0
sensor,1768475326122,1397.9491178641351,0,0.0476531982421875,0.020782470703125,-0.956298828125,0.0476531982421875,0.020782470703125,-0.956298828125,0.0007472829893231392,-0.03717106953263283,0.003980626817792654,10.0109350,9.9971421,2.5733959390725323,307.870137260972,1003.823680633679,3.4415721583271015,,0,0.199,0.43800000000000006,0.31240188383045525,0.16,0.0335156505258366,0.0031153512696647065,-0.993254778451425,classic,0,0,0,none,0,0,0,0.45012201203218216,0.0335156505258366,0.04355064638525076,0
sensor,1768475327118,1401.2666176801545,0,0.026702880859375,-0.2775115966796875,-1.00030517578125,0.026702880859375,-0.2775115966796875,-1.00030517578125,0.007496798411011696,0.013726198114454746,-0.002147839404642582,10.0109531,9.9971181,2.588354622894147,307.7125651440804,1003.6523476820439,3.4088207232422554,,0,0.16,0.598,0.21108179419525067,0.039,0.03491832538686999,0.001230078632979486,-0.9930447990675801,classic,0,0,0,none,0,0,0,1.2023136778386583,0.03491832538686999,0.28035901068860275,0
sensor,1768475329113,1406.3784473501541,0,0.0511016845703125,0.029144287109375,-0.996673583984375,0.0511016845703125,0.029144287109375,-0.996673583984375,-0.0008133294177241623,0.012897156178951263,0.013317936100065708,10.0109815,9.9970813,2.6119516106180583,307.40127808055064,1003.7497051181272,3.448096385780958,,0,0.12,0.677,0.15056461731493098,0,0.03593809587317813,0.0035940609718034837,-0.9922684279016161,classic,0,0,0,none,0,0,0,0.3349627046294564,0.03593809587317813,0.030186810566936492,0
sensor,1768475331141,1410.0338862796777,0,0.0112762451171875,0.051849365234375,-0.9906158447265625,0.0112762451171875,0.051849365234375,-0.9906158447265625,0.0008234494016505778,-0.12186811119318008,0.018452510237693787,10.0110017,9.9970550,2.575066703182418,309.97735966017956,1003.1266116192564,3.433612620631462,,0,0.679,0.119,0.8508771929824561,0,0.035762147593768584,0.0009021018065984895,-0.9919186914250271,classic,0,0,0,none,0,0,0,1.350881850496786,0.035762147593768584,0.056825088294892453,0
sensor,1768475332137,1413.4198874565773,0,0.0099639892578125,0.0641326904296875,-0.9903564453125,0.0099639892578125,0.0641326904296875,-0.9903564453125,-0.008760201744735241,-0.037936728447675705,0.0006111954571679235,10.0110187,9.9970294,2.5523214458618186,307.46140929994544,1002.7448711041361,3.420645430461782,,0,0.12,0.637,0.15852047556142668,0.04,0.03219407750201863,0.00497324646597084,-0.9909933153699813,classic,0,0,0,none,0,0,0,0.6242817181355248,0.03219407750201863,0.06351903691585181,0
sensor,1768475333133,1416.7540426150747,0,-0.0547943115234375,-0.0971527099609375,-1.015625,-0.0547943115234375,-0.0971527099609375,-1.015625,0.03098507970571518,0.04712729901075363,0.0067575047723948956,10.0110367,9.9970050,2.564579974825908,307.31775519068,1003.2590105375275,3.442711673519575,,0,0.119,0.678,0.14930991217063988,0,0.027711170954343122,-0.0075632459638622215,-0.9909806254125523,classic,0,0,0,none,0,0,0,2.305171447486272,0.027711170954343122,0.12488532917349705,0
sensor,1768475335125,1421.7265602188525,0,-0.0095367431640625,0.025634765625,-0.9911956787109375,-0.0095367431640625,0.025634765625,-0.9911956787109375,-0.019536683335900307,-0.02093963697552681,0.0021486382465809584,10.0110624,9.9969679,2.586194237120363,306.2210267606922,1003.579830034636,3.4734745859487886,,0,0.12,0.677,0.15056461731493098,0,0.03121663491660597,0.006607526797419516,-0.9916713289974126,classic,0,0,0,none,0,0,0,0.6451446140648022,0.03121663491660597,0.04520490719866872,0
sensor,1768475336121,1424.73974646373,0,0.0603790283203125,0.02203369140625,-1.0226593017578125,0.0603790283203125,0.02203369140625,-1.0226593017578125,0.010126137174665928,-0.08926623314619064,0.0021028320770710707,10.0110780,9.9969454,2.640038987704427,305.97858761789075,1003.743427244015,3.4727446807666924,,0,0.12,0.677,0.15056461731493098,0,0.032682177749608445,-0.007090579354950511,-0.9922758381881562,classic,0,0,0,none,0,0,0,1.084205295024678,0.032682177749608445,0.05063664816131656,0
sensor,1768475338114,1429.8432447119988,0,0.04681396484375,-0.01116943359375,-0.99407958984375,0.04681396484375,-0.01116943359375,-0.99407958984375,-0.03651779890060425,-0.12998463213443756,0.0014660701854154468,10.0111063,9.9969087,2.7157777434326307,306.96203488694033,1003.5927455825731,3.4972132558026887,,0,0.159,0.598,0.21003963011889035,0.04,0.03761364989382595,0.005922623414222898,-0.9911330789719233,classic,0,0,0,none,0,0,0,0.4207356548237311,0.03761364989382595,0.019731951234152348,0
sensor,1768475340111,1434.8317780898076,0,0.0900726318359375,0.0086517333984375,-1.0274658203125,0.0900726318359375,0.0086517333984375,-1.0274658203125,0.0012980246683582664,0.11456918716430664,-0.000179230744834058,10.0111311,9.9968707,2.748527610729237,305.3583504706891,1004.2762349098921,3.413086438943241,,0,0.16,0.598,0.21108179419525067,0.039,0.042638372544778334,0.0037855606093984413,-0.9908344538412639,classic,0,0,0,none,0,0,0,0.735649846301395,0.042638372544778334,0.06043156495359054,0
sensor,1768475341141,1438.3053926027853,0,0.1796875,-0.2520599365234375,-1.0532684326171875,0.1796875,-0.2520599365234375,-1.0532684326171875,0.0027869981713593006,0.08314734697341919,0.0013233247445896268,10.0111479,9.9968439,2.8022956150601663,304.6145664830781,1003.6979806441814,3.370997225286798,,0,0,0.7170000000000001,0,0.08,0.04617659173162264,0.0027144344260839016,-0.9908132611059285,classic,0,0,0,none,0,0,0,1.0135446590290345,0.04617659173162264,0.2958186781698459,0
sensor,1768475343133,1442.8263469273988,0,0.00927734375,0.0613861083984375,-0.9782257080078125,0.00927734375,0.0613861083984375,-0.9782257080078125,-0.009614277631044388,-0.13352423906326294,0.004026167094707489,10.0111687,9.9968085,2.827697195928765,302.3456003958214,1003.3488249666989,3.351616384690883,,0,0.119,0.638,0.1571994715984148,0.04,0.04712016584717892,0.00513666656920643,-0.9909213431039232,classic,0,0,0,none,0,0,0,0.42786857802919365,0.04712016584717892,0.06931947640612518,0
sensor,1768475344129,1446.0411801059226,0,-0.0542755126953125,-0.2146453857421875,-0.975006103515625,-0.0542755126953125,-0.2146453857421875,-0.975006103515625,0.03452308848500252,0.0513225756585598,0.0046181874349713326,10.0111850,9.9967842,2.8694479342695014,303.34256892658243,1003.3318177778274,3.3428050612443605,,0,0.082,0.7150000000000001,0.1028858218318695,0,0.040005764146505966,-0.004609253133232821,-0.9914362219164825,classic,0,0,0,none,0,0,0,2.5091540006799065,0.040005764146505966,0.23197165379710885,0
sensor,1768475346121,1451.0378362701642,0,-0.0021209716796875,0.043914794921875,-1.0240020751953125,-0.0021209716796875,0.043914794921875,-1.0240020751953125,0.011002583429217339,0.06376379728317261,-0.007424094248563051,10.0112082,9.9967452,2.9080028108816767,301.87806468149114,1003.2041411455721,3.255556204822881,,0,0.119,0.624,0.1601615074024226,0.054,0.03620795036819556,0.007321716448677041,-0.9905679990124906,classic,0,0,0,none,0,0,0,0.41496101033222665,0.03620795036819556,0.06297264091570595,0
sensor,1768475348114,1455.544711546217,0,0.054290771484375,0.0386962890625,-0.8577728271484375,0.054290771484375,0.0386962890625,-0.8577728271484375,-0.03525732457637787,-0.1661040186882019,-0.006644853390753269,10.0112300,9.9967105,2.882519235594874,301.30189759953447,1003.5900559714064,3.256905117424925,,0,0.518,0.279,0.6499372647427855,0,0.0348801365404098,0.004978078551629193,-0.9902292644267564,classic,0,0,0,none,0,0,0,0.76842344828652,0.0348801365404098,0.13874588713503355,0
sensor,1768475349114,1459.2770697309395,0,0.0715484619140625,-0.01275634765625,-1.019439697265625,0.0715484619140625,-0.01275634765625,-1.019439697265625,0.0026040389202535152,0.004144943784922361,-0.009191900491714478,10.0112503,9.9966833,2.8788359088546303,303.82020211501896,1003.1991689773276,3.2000882391034504,,0,0.12,0.676,0.1507537688442211,0,0.036209027812654046,0.006598123614393724,-0.990805290375509,classic,0,0,0,none,0,0,0,0.5055362003839681,0.036209027812654046,0.04967915968817546,0
sensor,1768475351141,1463.376098852196,0,0.037384033203125,0.0098876953125,-0.9550628662109375,0.037384033203125,0.0098876953125,-0.9550628662109375,0.007538876496255398,0.04814276099205017,0.009521067142486572,10.0112770,9.9966575,2.8159292461884315,316.0975148962468,1004.9220604579896,3.2083608926308833,,0,0.391,0.31900000000000006,0.5507042253521126,0.087,0.03415283098293369,0.005073181934307584,-0.9896378620199803,classic,0,0,0,none,0,0,0,0.531976860199556,0.03415283098293369,0.035233987067209614,0
sensor,1768475352137,1467.5120077589033,0,0.0463714599609375,-0.128753662109375,-0.9888763427734375,0.0463714599609375,-0.128753662109375,-0.9888763427734375,0.009639577940106392,0.05023574084043503,0.0005749764968641102,10.0112962,9.9966252,2.79956772354098,307.9353934763655,1004.0458410317078,3.157310170169154,,0,0.119,0.678,0.14930991217063988,0,0.035196717943676493,0.0050709356169623175,-0.989368629899495,classic,0,0,0,none,0,0,0,0.8457780432524373,0.035196717943676493,0.13496608165863647,0
sensor,1768475354128,1472.1451676570205,0,0.03985595703125,0.067352294921875,-0.9880218505859375,0.03985595703125,0.067352294921875,-0.9880218505859375,0.008094944059848785,0.02551894262433052,0.002299639629200101,10.0113202,9.9965906,2.779801112313554,304.72790576727914,1004.4740158505738,3.2519497187779005,,0,0.159,0.558,0.22175732217573219,0.08,0.033252171248324844,0.007239258926515556,-0.9896283368828788,classic,0,0,0,none,0,0,0,0.41192143024581507,0.033252171248324844,0.06080001549558962,0
sensor,1768475355124,1475.6692340433967,0,-0.0465545654296875,-0.281646728515625,-0.8484649658203125,-0.0465545654296875,-0.281646728515625,-0.8484649658203125,0.005241101142019033,-0.07537997514009476,0.012982644140720367,10.0113387,9.9965645,2.7925115184366036,305.4909726788386,1004.1236742213368,3.2301002127125136,,0,0.319,0.47800000000000004,0.4002509410288582,0,0.03441600128303977,0.0007607217940027444,-0.9895535263742846,classic,0,0,0,none,0,0,0,1.9197540268772257,0.03441600128303977,0.32754597244494454,0
sensor,1768475357116,1480.3928355297144,0,0.05865478515625,0.0405731201171875,-0.963287353515625,0.05865478515625,0.0405731201171875,-0.963287353515625,0.0011464908020570874,0.022936208173632622,-0.0017528926255181432,10.0113609,9.9965277,2.804264467304294,302.65975986965213,1003.7307171709836,3.2292847496095325,,0,0.119,0.678,0.14930991217063988,0,0.03717842626931868,0.007865193456986046,-0.9895288980203866,classic,0,0,0,none,0,0,0,0.5297775714032638,0.03717842626931868,0.0473500297570312,0
sensor,1768475358112,1483.9158709676017,0,0.02020263671875,0.0749664306640625,-1.008514404296875,0.02020263671875,0.0749664306640625,-1.008514404296875,0.02142912521958351,-0.019448265433311462,0.005088235717266798,10.0113797,9.9965018,2.862327214142191,304.2864655191688,1003.7468733964488,3.2303805852173735,,0,0.079,0.677,0.10449735449735449,0.04,0.034902672027354156,-0.006867462245248899,-0.9898129552240238,classic,0,0,0,none,0,0,0,1.8092490829737662,0.034902672027354156,0.08564926051969933,0
sensor,1768475360110,1488.7086590548715,0,0.1282501220703125,-0.0088043212890625,-0.94769287109375,0.1282501220703125,-0.0088043212890625,-0.94769287109375,-0.01679389365017414,-0.2022969126701355,-0.0036104475148022175,10.0114043,9.9964658,2.899983740487404,304.1325849961416,1003.5509208925068,3.301115001767717,,0,0.199,0.5190000000000001,0.277158774373259,0.079,0.040719531192775105,0.006489929961031557,-0.9913240632526841,classic,0,0,0,none,0,0,0,0.6737338270165659,0.040719531192775105,0.09948834732842703,0
sensor,1768475362136,1493.1886615300452,0,0.1056060791015625,0.02728271484375,-0.9304351806640625,0.1056060791015625,0.02728271484375,-0.9304351806640625,-0.01119246706366539,-0.06252463161945343,0.005119394510984421,10.0114310,9.9964353,2.882279104839819,309.9329682480048,1003.8811258748174,3.3531893402142936,,0,0.159,0.636,0.19999999999999998,0,0.03230644457881923,0.0034420334137796396,-0.991425380300308,classic,0,0,0,none,0,0,0,0.46838736856081786,0.03230644457881923,0.09878440459316258,0
sensor,1768475363132,1497.1021619558983,0,0.0140533447265625,-0.235137939453125,-1.0522003173828125,0.0140533447265625,-0.235137939453125,-1.0522003173828125,-0.01013785507529974,0.03129240870475769,-0.0028993834275752306,10.0114502,9.9964053,2.888023407573238,306.7010962206131,1003.4053728906438,3.3354454815540335,,0,0.12,0.505,0.192,0.159,0.028965928399828075,0.001158051546537525,-0.991619769678345,classic,0,0,0,none,0,0,0,1.6370949263634273,0.028965928399828075,0.24562160892897283,0
sensor,1768475365125,1501.818561829528,0,0.1192474365234375,0.05078125,-0.955291748046875,0.1192474365234375,0.05078125,-0.955291748046875,-0.011892079375684261,-0.09947971999645233,0.0006937534781172872,10.0114745,9.9963700,2.884545264561074,306.15314956880655,1003.7142617646605,3.2686229788260532,,0,0.079,0.7170000000000001,0.0992462311557789,0,0.032148381892140275,0.004435941759885159,-0.9923668259193372,classic,0,0,0,none,0,0,0,0.5469920742108794,0.032148381892140275,0.10592742797433888,0
sensor,1768475366120,1505.1310217975715,0,0.02655029296875,-0.0057830810546875,-0.9597930908203125,0.02655029296875,-0.0057830810546875,-0.9597930908203125,0.03947284072637558,0.13939623534679413,0.003531617810949683,10.0114919,9.9963455,2.892638650816043,306.4023172565362,1003.665301787667,3.2305123388038886,,0,0.119,0.677,0.1494974874371859,0,0.02990223164021244,-0.007908184387403396,-0.9932901049802112,classic,0,0,0,none,0,0,0,2.3364242279197187,0.02990223164021244,0.03390081765088372,0
sensor,1768475368118,1510.4323931179392,0,0.0596160888671875,-0.0239410400390625,-0.947479248046875,0.0596160888671875,-0.0239410400390625,-0.947479248046875,-0.01432274654507637,-0.09025798738002777,0.0003557983145583421,10.0115191,9.9963057,2.910310231660863,305.0325640105625,1003.2082383176312,3.20985327367553,,0,0.2,0.597,0.25094102885821834,0,0.03552506568725712,0.006381892046588074,-0.9939328082711916,classic,0,0,0,none,0,0,0,0.635618195238856,0.03552506568725712,0.0607835911164146,0
sensor,1768475370144,1515.1600215699996,0,0.02801513671875,0.02789306640625,-1.0177154541015625,0.02801513671875,0.02789306640625,-1.0177154541015625,0.002385925967246294,0.09315551072359085,0.0019656792283058167,10.0115461,9.9962724,2.9047152328572965,307.89754826801976,1003.2829408086836,3.2483760270471578,,0,0.478,0.31900000000000006,0.5997490589711417,0,0.035276214339510406,0.003205232955877574,-0.9945386158512316,classic,0,0,0,none,0,0,0,0.4348133811871073,0.035276214339510406,0.03480607043023545,0
sensor,1768475371140,1518.6575354785775,0,0.0347137451171875,-0.3318023681640625,-0.94390869140625,0.0347137451171875,-0.3318023681640625,-0.94390869140625,-0.014539527706801891,-0.08644673973321915,0.016138223931193352,10.0115642,9.9962462,2.911607341604012,306.54889759923606,1003.1995340632275,3.229486623765966,,0,0.199,0.5190000000000001,0.277158774373259,0.079,0.0371202311179689,-0.0002656162212812639,-0.9942580384448032,classic,0,0,0,none,0,0,0,1.768626557984754,0.0371202311179689,0.33703194412574256,0
sensor,1768475373132,1524.14093151128,0,0.0015411376953125,0.083465576171875,-1.00689697265625,0.0015411376953125,0.083465576171875,-1.00689697265625,-0.001407480682246387,0.05528615787625313,0.004459995776414871,10.0115940,9.9962063,2.925424573977542,306.22951693365115,1003.7786345509812,3.283280307530381,,0,0.119,0.638,0.1571994715984148,0.04,0.03366961594527869,0.006993242766690505,-0.9926991263182281,classic,0,0,0,none,0,0,0,0.646055603079526,0.03366961594527869,0.08457652623458638,0
sensor,1768475375163,1528.2981206815898,0,0.0128021240234375,-0.01568603515625,-1.0419921875,0.0128021240234375,-0.01568603515625,-1.0419921875,0.024277109652757645,-0.1499950885772705,0.019405389204621315,10.0116202,9.9961793,2.8849013289418943,314.17330205397,1003.7041134787723,3.2870850727090035,,0,0.119,0.678,0.14930991217063988,0,0.03576909490173914,0.003101761474915403,-0.993419536258298,classic,0,0,0,none,0,0,0,0.8174018147072495,0.03576909490173914,0.05720496280682166,0
sensor,1768475376120,1532.0209194196507,0,0.0149993896484375,-0.0228424072265625,-0.9790191650390625,0.0149993896484375,-0.0228424072265625,-0.9790191650390625,0.013542440719902515,0.09508416801691055,-0.0005906891310587525,10.0116382,9.9961506,2.8608587813124076,308.12535263468607,1002.9967421004549,3.341618310223574,,0,0.159,0.637,0.19974874371859297,0,0.036877666154442615,0.006025780317578741,-0.9929067908752143,classic,0,0,0,none,0,0,0,0.5333273866213138,0.036877666154442615,0.03898794665879377,0
sensor,1768475378112,1537.040945360793,0,0.043701171875,0.041656494140625,-0.9884796142578125,0.043701171875,0.041656494140625,-0.9884796142578125,-0.0083673857152462,0.03964701294898987,0.008617457002401352,10.0116624,9.9961119,2.814273781251547,304.9037418978588,1003.8380748201162,3.340246913993797,,0,0.079,0.7170000000000001,0.0992462311557789,0,0.033988107837489075,0.002750909849497415,-0.993329648427199,classic,0,0,0,none,0,0,0,1.1353200961286134,0.033988107837489075,0.04059494090418789,0
sensor,1768475379113,1540.6411424624628,0,0.026336669921875,-0.2045440673828125,-0.935882568359375,0.026336669921875,-0.2045440673828125,-0.935882568359375,-0.046002913266420364,-0.1771944910287857,0.006856574676930904,10.0116817,9.9960855,2.8127662775440623,305.67140384908333,1003.7520786914974,3.3616271594660776,,0,0.239,0.558,0.29987452948557086,0,0.036432536190053225,0.00010681544303057871,-0.9933418319068213,classic,0,0,0,none,0,0,0,1.3874119410676857,0.036432536190053225,0.2138732131279445,0
sensor,1768475381139,1545.500400115432,0,0.0316009521484375,0.07763671875,-1.0287933349609375,0.0316009521484375,0.07763671875,-1.0287933349609375,0.007707454264163971,0.07673605531454086,0.0012626046082004905,10.0117045,9.9960476,2.8098121182303246,303.4045341087826,1003.7004619445652,3.3411638713927174,,0,0.04,0.757,0.050188205771643665,0,0.03753095010780653,0.005663851323366394,-0.9922438164506155,classic,0,0,0,none,0,0,0,0.5145991861462106,0.03753095010780653,0.08134575412146176,0
sensor,1768475383132,1549.7644472905552,0,-0.007476806640625,0.0192413330078125,-1.03369140625,-0.007476806640625,0.0192413330078125,-1.03369140625,0.0005467469454742968,-0.1471862494945526,0.026860643178224564,10.0117252,9.9960149,2.74360550774995,302.7077677245452,1004.2182580437511,3.404203155691337,,0,0.12,0.637,0.15852047556142668,0.04,0.0349564255003271,0.00398579377076107,-0.9920507091981904,classic,0,0,0,none,0,0,0,0.8521341271996639,0.0349564255003271,0.06168642752933186,0
sensor,1768475384127,1553.728652150694,0,0.13665771484375,-0.015838623046875,-0.9346160888671875,0.13665771484375,-0.015838623046875,-0.9346160888671875,-0.0073449984192848206,0.06495077162981033,-0.0043808999471366405,10.0117469,9.9959861,2.730806464743648,304.97882257155914,1003.9402310997248,3.392353605588161,,0,0.08,0.678,0.10554089709762533,0.039,0.03656073578892175,0.006502115218530458,-0.9919114122903657,classic,0,0,0,none,0,0,0,0.582539628579636,0.03656073578892175,0.1180691433284354,0
sensor,1768475386119,1558.718551788947,0,0.0164337158203125,0.0301055908203125,-0.977447509765625,0.0164337158203125,0.0301055908203125,-0.977447509765625,0.005316734779626131,0.10456874966621399,-0.00436092633754015,10.0117724,9.9959486,2.713681052029485,305.143573181879,1004.2869712784886,3.3565498501742743,,0,0.079,0.678,0.10435931307793923,0.04,0.03937959302477107,0.003961720163041667,-0.9916064048608243,classic,0,0,0,none,0,0,0,0.5306048242804159,0.03937959302477107,0.037745211033705296,0
sensor,1768475387116,1561.9494529034964,0,0.03192138671875,-0.193267822265625,-0.959503173828125,0.03192138671875,-0.193267822265625,-0.959503173828125,-0.03604535385966301,-0.3302817642688751,-0.004621649626642466,10.0117899,9.9959251,2.719787220513583,305.9152432070232,1004.0236391890794,3.3644249701264153,,0,0.079,0.7180000000000001,0.09912170639899623,0,0.03968281049125394,0.002539221636460475,-0.9916981323353191,classic,0,0,0,none,0,0,0,1.1422624596833073,0.03968281049125394,0.19958582779832476,0
sensor,1768475389108,1567.2519056520434,0,0.0752716064453125,-0.0275421142578125,-0.98681640625,0.0752716064453125,-0.0275421142578125,-0.98681640625,-0.008832906372845173,-0.062921442091465,-0.0003448793722782284,10.0118183,9.9958862,2.7321614590371612,306.49537854441104,1003.3786064684391,3.345905676443787,,0,0.12,0.676,0.1507537688442211,0,0.035718859116337695,0.006699502141565559,-0.9905308742122456,classic,0,0,0,none,0,0,0,0.4373120911019039,0.035718859116337695,0.05271072118583217,0
sensor,1768475390183,1570.292840176732,0,-0.046875,-0.0058135986328125,-0.9914703369140625,-0.046875,-0.0058135986328125,-0.9914703369140625,0.012652944773435593,-0.03714364022016525,0.020667195320129395,10.0118350,9.9958643,2.7746235532304016,306.964402588055,1003.7833090862259,3.3739442715681762,,0,0.08,0.6380000000000001,0.11142061281337046,0.079,0.02848856443378643,-0.004144043597686138,-0.9912285836496728,classic,0,0,0,none,0,0,0,2.457140770461294,0.02848856443378643,0.07576124918072524,0
sensor,1768475392135,1575.3432551584715,0,-0.0098724365234375,0.1150665283203125,-1.0071563720703125,-0.0098724365234375,0.1150665283203125,-1.0071563720703125,0.013025786727666855,0.07910733669996262,0.008159392513334751,10.0118625,9.9958275,2.823496675466136,306.6399160108062,1003.780620132573,3.377567503276186,,0,0.159,0.358,0.30754352030947774,0.279,0.029837773471854928,0.009604978617106229,-0.9904513561231606,classic,0,0,0,none,0,0,0,0.7252977171329564,0.029837773471854928,0.1144939197363387,0
sensor,1768475394127,1579.755800489704,0,0.0273590087890625,0.0067138671875,-0.9968414306640625,0.0273590087890625,0.0067138671875,-0.9968414306640625,0.010851316154003143,-0.023510651662945747,0.008637962862849236,10.0118883,9.9957969,2.809300077144615,308.67972649972387,1003.4394984720275,3.3864745366327518,,0,0.079,0.678,0.10435931307793923,0.04,0.030198921568978146,0.006127277627560552,-0.9898254085032315,classic,0,0,0,none,0,0,0,0.6512283994128529,0.030198921568978146,0.007629839316087973,0
sensor,1768475395203,1583.2879007995907,0,0.01385498046875,-0.2902984619140625,-1.0220489501953125,0.01385498046875,-0.2902984619140625,-1.0220489501953125,-0.04345320165157318,-0.09679977595806122,0.029707029461860657,10.0119070,9.9957708,2.8096608239345335,307.14396567511824,1003.4867705516517,3.341883103475316,,0,0.239,0.43900000000000006,0.3525073746312684,0.119,0.027909493593306696,0.0013483380939026206,-0.9892920470362212,classic,0,0,0,none,0,0,0,2.068805984952837,0.027909493593306696,0.2952934168995628,0
sensor,1768475397116,1588.3908870578528,0,0.041229248046875,0.0299224853515625,-0.9688568115234375,0.041229248046875,0.0299224853515625,-0.9688568115234375,-0.0019025622168555856,0.018432537093758583,-0.004253600724041462,10.0119352,9.9957341,2.81592829880872,307.3694042533899,1003.7110092481598,3.287637209667362,,0,0.08,0.677,0.10568031704095113,0.04,0.02495261973442047,0.006116578199428746,-0.9906288711433088,classic,0,0,0,none,0,0,0,0.5263556799042997,0.02495261973442047,0.036315667848305415,0
sensor,1768475399114,1592.1838130149017,0,0.0574188232421875,0.0455169677734375,-0.9969635009765625,0.0574188232421875,0.0455169677734375,-0.9969635009765625,-0.010178601369261742,-0.06109371408820152,0.001365668955259025,10.0119608,9.9957111,2.761510016343549,319.03038539347267,1004.0622370792553,3.3172524292903014,,0,0.119,0.638,0.1571994715984148,0.04,0.02708368314762364,0.003817642102900576,-0.9914941907370557,classic,0,0,0,none,0,0,0,0.9163484843432843,0.02708368314762364,0.05211583774976934,0
sensor,1768475400155,1596.710248852678,0,-0.017303466796875,0.012786865234375,-1.0372467041015625,-0.017303466796875,0.012786865234375,-1.0372467041015625,0.013646836392581463,0.14043141901493073,0.000025832661776803434,10.0119816,9.9956756,2.7429616176746547,308.72481256734613,1003.0867739394307,3.328276301914539,,0,0.12,0.637,0.15852047556142668,0.04,0.028863011051869884,0.0075550379453953095,-0.9915339714721605,classic,0,0,0,none,0,0,0,0.5830585464258464,0.028863011051869884,0.06550705366318875,0
sensor,1768475402135,1600.8724481697918,0,0.032073974609375,0.0306396484375,-0.9649658203125,0.032073974609375,0.0306396484375,-0.9649658203125,0.006999852601438761,-0.019456256181001663,0.013729660771787167,10.0120042,9.9956453,2.6878849974538674,307.0587516741253,1003.7446688394994,3.3286013915169503,,0,0.159,0.638,0.19949811794228356,0,0.036425516294466914,0.0036267696735601974,-0.9931451692518795,classic,0,0,0,none,0,0,0,0.9606121010973948,0.036425516294466914,0.03947468546365435,0
sensor,1768475403131,1604.558184499012,0,-0.0010223388671875,-0.398590087890625,-1.005126953125,-0.0010223388671875,-0.398590087890625,-1.005126953125,-0.00418515782803297,0.04514084756374359,0.003590740030631423,10.0120239,9.9956183,2.681121403836407,306.93680950600196,1003.151352096349,3.3212972055683854,,0,0.159,0.639,0.19924812030075187,0,0.03474272811724485,0.002526561549223999,-0.9921221208084838,classic,0,0,0,none,0,0,0,1.402740517580605,0.03474272811724485,0.4049426105677448,0
sensor,1768475405123,1609.7477351328428,0,0.0675506591796875,0.0448150634765625,-1.0039215087890625,0.0675506591796875,0.0448150634765625,-1.0039215087890625,0.00986461527645588,0.10402360558509827,-0.005666407756507397,10.0120505,9.9955794,2.690629205389277,305.9021981796286,1003.933708188124,3.2962349457165376,,0,0.119,0.677,0.1494974874371859,0,0.036998414492194764,0.005873088750057355,-0.9910980031436876,classic,0,0,0,none,0,0,0,0.47172911478677126,0.036998414492194764,0.05138774497788289,0
sensor,1768475406119,1612.8362475600964,0,0.0102691650390625,-0.1139984130859375,-0.98077392578125,0.0102691650390625,-0.1139984130859375,-0.98077392578125,0.014139254577457905,0.08564992249011993,-0.001276453142054379,10.0120679,9.9955574,2.717647347150853,307.1235736030878,1003.9388408968225,3.3031715600684017,,0,0.04,0.717,0.052840158520475564,0.04,0.03910311724178779,-0.006508409162485432,-0.9906222739649405,classic,0,0,0,none,0,0,0,2.369587472373502,0.03910311724178779,0.11228648649394687,0
sensor,1768475408118,1618.3541434349327,0,0.12359619140625,-0.032684326171875,-0.9645843505859375,0.12359619140625,-0.032684326171875,-0.9645843505859375,-0.011860121041536331,-0.06210970878601074,0.0007134608458727598,10.0120991,9.9955182,2.7944300443858676,308.1587719245742,1003.4213918531314,3.3283713521747855,,0,0,0.7170000000000001,0,0.08,0.04273732188293593,0.006526928488391381,-0.9906199014147332,classic,0,0,0,none,0,0,0,0.6309269878741915,0.04273732188293593,0.09403044927228689,0
sensor,1768475410103,1622.1289843480515,0,0.0719146728515625,0.016448974609375,-0.9481964111328125,0.0719146728515625,0.016448974609375,-0.9481964111328125,0.006163353566080332,0.04982321709394455,-0.0038155107758939266,10.0121204,9.9954913,2.780598869610653,306.61712974027176,1003.055981092155,3.318828718092496,,0,0.08,0.6370000000000001,0.1115760111576011,0.08,0.04598091370985343,0.0019447157568748125,-0.9918519183550666,classic,0,0,0,none,0,0,0,0.7421781259741901,0.04598091370985343,0.053073860084697805,0
sensor,1768475411139,1626.1413909558526,0,0.064239501953125,-0.2151641845703125,-0.94921875,0.064239501953125,-0.2151641845703125,-0.94921875,-0.03816469758749008,-0.1907593011856079,0.002895388752222061,10.0121431,9.9954629,2.7897652254452794,307.66879528324597,1002.6655147951096,3.3237575834787765,,0,0.354,0.44300000000000006,0.4441656210790464,0,0.04719997478102467,0.0003470235359204351,-0.9912701264356188,classic,0,0,0,none,0,0,0,1.1363184546847744,0.04719997478102467,0.22134236873370738,0
sensor,1768475413131,1630.6676800750888,0,0.0384368896484375,0.053558349609375,-0.9821319580078125,0.0384368896484375,0.053558349609375,-0.9821319580078125,0.0032168321777135134,0.009733587503433228,0.006837932392954826,10.0121667,9.9954292,2.7923187749075002,305.7708294089417,1002.5020589260384,3.3117712202095944,,0,0.319,0.398,0.4449093444909344,0.08,0.04873180560625929,0.005190665652572088,-0.9926479431669567,classic,0,0,0,none,0,0,0,0.6006252273807116,0.04873180560625929,0.05081099405673476,0
sensor,1768475414127,1633.9528932897679,0,0.062774658203125,0.0075836181640625,-0.981109619140625,0.062774658203125,0.0075836181640625,-0.981109619140625,0.04092719405889511,0.22383975982666016,0.023133015260100365,10.0121852,9.9954058,2.820296676247063,306.58177181365784,1002.5831318683922,3.314666077668068,,0,0.08,0.6360000000000001,0.11173184357541899,0.08,0.043546824413329265,-0.007451529323371541,-0.9916767610857432,classic,0,0,0,none,0,0,0,1.901230048684583,0.043546824413329265,0.02673120744907993,0
sensor,1768475416119,1639.109078763302,0,0.0576171875,-0.01324462890625,-0.9770050048828125,0.0576171875,-0.01324462890625,-0.9770050048828125,0.0038514635525643826,-0.07769106328487396,-0.003011236200109124,10.0122140,9.9953689,2.848549556843985,307.46004905394625,1001.6420263824984,3.3430463449777506,,0,0.087,0.7100000000000001,0.10915934755332496,0,0.043973620933475045,0.007035837424218391,-0.9910090898813274,classic,0,0,0,none,0,0,0,0.5599346072597579,0.043973620933475045,0.028311731177226677,0
sensor,1768475418110,1643.7189030107575,0,0.0355377197265625,0.0308837890625,-0.9929351806640625,0.0355377197265625,0.0308837890625,-0.9929351806640625,-0.0031095067970454693,0.08957968652248383,-0.00024234765442088246,10.0122409,9.9953368,2.8299623711860113,307.74578889689195,1002.9098847582936,3.336759188824294,,0,0.159,0.318,0.33333333333333337,0.319,0.037075035701784526,0.0034395101803193886,-0.993306387308205,classic,0,0,0,none,0,0,0,0.6228470689333745,0.037075035701784526,0.027627948365081284,0
sensor,1768475419109,1647.3692321309586,0,-0.2118682861328125,-0.084747314453125,-1.0251922607421875,-0.2118682861328125,-0.084747314453125,-1.0251922607421875,-0.02684306539595127,-0.02810114249587059,0.0052086105570197105,10.0122635,9.9953127,2.831055974207679,309.8608857524066,1002.3057859763503,3.3124512525727283,,0,0.199,0.479,0.29351032448377584,0.12,0.03426480788165922,0.0032339212437313006,-0.9935728924213144,classic,0,0,0,none,0,0,0,1.090992987384458,0.03426480788165922,0.26461374890028205,0
sensor,1768475421138,1653.0787913247104,0,0.0441131591796875,0.052215576171875,-1.00909423828125,0.0441131591796875,0.052215576171875,-1.00909423828125,-0.007859254255890846,0.034625086933374405,-0.002344646956771612,10.0122983,9.9952744,2.8462242273277867,311.29404246327493,1002.8564062602818,3.323232872680923,,0,0.12,0.677,0.15056461731493098,0,0.0353653613053228,0.006742349134616145,-0.993865622307327,classic,0,0,0,none,0,0,0,0.44820450013673163,0.0353653613053228,0.048991744146172564,0
sensor,1768475423130,1657.2905304815883,0,0.0507049560546875,0.0188140869140625,-1.025238037109375,0.0507049560546875,0.0188140869140625,-1.025238037109375,-0.00962945818901062,-0.06832792609930038,-0.012299010530114174,10.0123247,9.9952468,2.8120643308204367,311.7300882585712,1003.3021650547162,3.3788131154487475,,0,0,0.637,0,0.159,0.03602531243886303,0.0051756076962385725,-0.9926531677985084,classic,0,0,0,none,0,0,0,0.8605935620087268,0.03602531243886303,0.0384449864018546,0
sensor,1768475424126,1661.12684611281,0,0.029205322265625,0.02227783203125,-0.9592132568359375,0.029205322265625,0.02227783203125,-0.9592132568359375,0.005907157436013222,-0.0012740562669932842,-0.0054397727362811565,10.0123468,9.9952198,2.8003973516638814,310.6078494857686,1002.3803489431739,3.4038767871510958,,0,0.199,0.5180000000000001,0.2775453277545328,0.08,0.035579003729763005,0.009343651679216688,-0.9941115855393879,classic,0,0,0,none,0,0,0,0.7139886913104653,0.035579003729763005,0.037949650038721715,0
sensor,1768475426118,1666.0658823590866,0,0.0457611083984375,0.032196044921875,-0.95050048828125,0.0457611083984375,0.032196044921875,-0.95050048828125,-0.002198972040787339,0.03894207254052162,0.012341354973614216,10.0123798,9.9951897,2.7769061436986964,314.33085326505125,1003.024839349091,3.395100792102592,,0,0,0.7170000000000001,0,0.08,0.03413176654124652,0.0064892959809635135,-0.9905861960171888,classic,0,0,0,none,0,0,0,0.3881747877323544,0.03413176654124652,0.04926614813972175,0
sensor,1768475427114,1669.861865852793,0,0.1060028076171875,-0.20782470703125,-0.99639892578125,0.1060028076171875,-0.20782470703125,-0.99639892578125,-0.01918914169073105,-0.08452580124139786,-0.010698450729250908,10.0124040,9.9951652,2.7958845017565808,314.43681548514326,1002.7348733646795,3.4037149602923313,,0,0,0.676,0,0.12,0.05903103517912042,-0.143129507085852,-0.9636277177193942,classic,0,0,0,none,0,0,0,1.7100269994988442,0.05903103517912042,0.08683887235889151,0
sensor,1768475429111,1675.1195286352627,0,0.0526123046875,0.0305938720703125,-1.0123443603515625,0.0526123046875,0.0305938720703125,-1.0123443603515625,0.005247758701443672,0.05518336221575737,0.00458569684997201,10.0124358,9.9951297,2.8248207531716427,313.1570528374106,1003.368543645367,3.3593570385131786,,0,0.08,0.518,0.13377926421404684,0.199,0.05647281407320801,-0.1056040022405759,-0.9703891467231393,classic,0,0,0,none,0,0,0,1.5980784350112962,0.05647281407320801,0.1432822009056413,0
sensor,1768475431138,1679.5102108249132,0,0.0692291259765625,0.0172576904296875,-1.0179901123046875,0.0692291259765625,0.0172576904296875,-1.0179901123046875,0.01961551234126091,0.018922824412584305,0.017178719863295555,10.0124642,9.9951019,2.812883473387943,314.1439894777126,1002.8032883675769,3.3928411638878706,,0,0.12,0.677,0.15056461731493098,0,0.05424458339217992,-0.08399304606667904,-0.9754745368332416,classic,0,0,0,none,0,0,0,1.2431960230326078,0.05424458339217992,0.11138935319653906,0
sensor,1768475432134,1682.9711605199298,0,0.0409698486328125,-0.06561279296875,-0.974273681640625,0.0409698486328125,-0.06561279296875,-0.974273681640625,-0.030894266441464424,-0.14001089334487915,-0.000060986389144090936,10.0124843,9.9950778,2.8108364368898147,313.02185890860744,1002.8704512594268,3.329680486693638,,0,0.319,0.16000000000000003,0.6659707724425887,0.318,0.054368628789254775,-0.07215777746591485,-0.9772730454844961,classic,0,0,0,none,0,0,0,0.8492717472941619,0.054368628789254775,0.015286967874632679,0
sensor,1768475434126,1687.853468001695,0,0.067657470703125,0.023590087890625,-0.9539031982421875,0.067657470703125,0.023590087890625,-0.9539031982421875,0.006579073145985603,0.03827468305826187,-0.001186970854178071,10.0125132,9.9950442,2.7813681706525153,311.6143697604615,1003.4396633701399,3.339804299131572,,0,0.159,0.637,0.19974874371859297,0,0.051260983089911574,-0.055714946534169606,-0.9801300589026124,classic,0,0,0,none,0,0,0,0.8032311303591231,0.051260983089911574,0.0855510866135937,0
sensor,1768475435122,1691.633746435588,0,0.063629150390625,-0.283660888671875,-1.0056610107421875,0.063629150390625,-0.283660888671875,-1.0056610107421875,-0.045703571289777756,0.14470285177230835,-0.012792760506272316,10.0125361,9.9950186,2.7877079833480045,311.68932693013704,1003.1552305324003,3.369706055295526,,0,0.08,0.678,0.10554089709762533,0.039,0.05260639095218582,-0.05454000430460073,-0.9812576766299245,classic,0,0,0,none,0,0,0,1.4694332325615669,0.05260639095218582,0.23183950355771546,0
sensor,1768475437115,1696.7193725364073,0,0.0006561279296875,0.0474853515625,-1.0181427001953125,0.0006561279296875,0.0474853515625,-1.0181427001953125,0.0012402341235429049,0.011826299130916595,0.006176935974508524,10.0125672,9.9949846,2.792911154617743,312.2733861478221,1003.4999853344634,3.3282971685672607,,0,0.199,0.43799999999999994,0.31240188383045525,0.159,0.05198160345957745,-0.03555847936378292,-0.9833363841674635,classic,0,0,0,none,0,0,0,0.9266106069614581,0.05198160345957745,0.10416474263131062,0
sensor,1768475438115,1699.9862621950347,0,0.100799560546875,0.055999755859375,-0.9988861083984375,0.100799560546875,0.055999755859375,-0.9988861083984375,0.035104990005493164,0.11570955812931061,0.007662713527679443,10.0125880,9.9949636,2.825338219075067,312.42958341260993,1003.3411209927872,3.3138892920432044,,0,0.079,0.5970000000000001,0.11686390532544379,0.121,0.04949434597957477,-0.044609204892219256,-0.9847308709269413,classic,0,0,0,none,0,0,0,1.5371505240887218,0.04949434597957477,0.11439092833758363,0
sensor,1768475440142,1704.4402535640054,0,0.0167999267578125,-0.0784149169921875,-0.986785888671875,0.0167999267578125,-0.0784149169921875,-0.986785888671875,-0.00866459496319294,0.07101159542798996,-0.0003968109958805144,10.0126173,9.9949358,2.8199654189175436,314.181609506874,1003.4382712729275,3.3394861673502048,,0,0.079,0.7180000000000001,0.09912170639899623,0,0.046337193409579834,-0.021490735441250394,-0.9855281632368009,classic,0,0,0,none,0,0,0,0.7760943812304352,0.046337193409579834,0.06446587495632622,0
sensor,1768475441138,1708.4750330108538,0,0.0746917724609375,0.124542236328125,-0.9556732177734375,0.0746917724609375,0.124542236328125,-0.9556732177734375,0.011961054988205433,0.019904466345906258,-0.010636133141815662,10.0126396,9.9949067,2.826090173297307,312.307972712052,1003.1683234646916,3.332964988285038,,0,0.2,0.5579999999999999,0.2638522427440633,0.039,0.04137927631888052,-0.02766245156740318,-0.9856351242501991,classic,0,0,0,none,0,0,0,1.2128900674736096,0.04137927631888052,0.1594595340604145,0
sensor,1768475443130,1713.8976989102641,0,0.048248291015625,-0.3507080078125,-1.0216064453125,0.048248291015625,-0.3507080078125,-1.0216064453125,0.05434153601527214,0.1312837153673172,-0.004284759983420372,10.0126793,9.9948780,2.833618048249628,315.8562585768078,1003.0764323603362,3.4048949998132287,,0,0.119,0.5980000000000001,0.16596931659693162,0.08,0.0412187303533408,-0.02456641640982078,-0.9879401828611104,classic,0,0,0,none,0,0,0,2.4456565047948837,0.0412187303533408,0.32959793952721417,0
sensor,1768475445122,1719.1267317484374,0,0.110626220703125,-0.0065765380859375,-0.974151611328125,0.110626220703125,-0.0065765380859375,-0.974151611328125,-0.004595284350216389,0.0076065207831561565,0.0035838158801198006,10.0127084,9.9948405,2.8252879540196223,315.5909194451948,1003.6215912764892,3.377544061632013,,0,0.08,0.6370000000000001,0.1115760111576011,0.08,0.04264871556228726,-0.008235652465619765,-0.98868962740769,classic,0,0,0,none,0,0,0,0.6950226480446483,0.04264871556228726,0.06988392745336615,0
sensor,1768475446118,1722.3466489496852,0,0.0504913330078125,0.0715484619140625,-1.0352630615234375,0.0504913330078125,0.0715484619140625,-1.0352630615234375,0.004297276493161917,0.07316608726978302,-0.005633384454995394,10.0127346,9.9948279,2.8270424863347543,315.51094955268707,1003.3965323008597,3.446077443921464,,0,0.119,0.678,0.14930991217063988,0,0.04044513504758384,-0.019250128655647927,-0.9883645208961881,classic,0,0,0,none,0,0,0,0.9616174051317684,0.04044513504758384,0.10320381413840085,0
sensor,1768475447114,1725.4486950726841,0,0.0406341552734375,0.004180908203125,-0.989288330078125,0.0406341552734375,0.004180908203125,-0.989288330078125,-0.0010338390711694956,0.009494967758655548,-0.007220362313091755,10.0127566,9.9948105,2.825556909270925,312.833427933757,1003.8308840217069,3.49721964413847,,0,0.119,0.47900000000000004,0.1989966555183946,0.199,0.042334929658145296,-0.00870752024788759,-0.9879969425680352,classic,0,0,0,none,0,0,0,0.5405334873128108,0.042334929658145296,0.013129794683942268,0
sensor,1768475449107,1730.4127083610035,0,0.071563720703125,0.14190673828125,-0.98114013671875,0.071563720703125,0.14190673828125,-0.98114013671875,0.011892878450453281,0.01853719912469387,0.02678793855011463,10.0127843,9.9947750,2.8221883265298513,314.76114405163605,1003.6650398476049,3.4395452504921233,,0,0.398,0.23900000000000002,0.6248037676609105,0.16,0.03545709340511607,-0.012600336518971954,-0.9884638480392429,classic,0,0,0,none,0,0,0,1.0198275531689136,0.03545709340511607,0.15963697562416188,0
sensor,1768475451137,1736.1796687363924,0,0.0594024658203125,-0.268524169921875,-0.9699859619140625,0.0594024658203125,-0.268524169921875,-0.9699859619140625,0.0012029499048367143,0.15502500534057617,0.00039228363311849535,10.0128219,9.9947387,2.8178470754313336,316.86929919264855,1003.7123886970803,3.4228494021783558,,0,0.398,0.319,0.5550906555090656,0.08,0.03851114711096199,-0.013350715442720524,-0.9907747058855416,classic,0,0,0,none,0,0,0,2.688044714742743,0.03851114711096199,0.2581606358653635,0
sensor,1768475452133,1739.546891999933,0,0.0942230224609375,0.099609375,-0.9996337890625,0.0942230224609375,0.099609375,-0.9996337890625,0.0013760552974417806,-0.11042611300945282,0.0419652946293354,10.0128398,9.9947139,2.82522657664492,311.1066753256837,1004.3541971342638,3.3838350108299498,,0,0.08,0.677,0.10568031704095113,0.04,0.03930450689906022,-0.0031700159654928835,-0.9905747555267546,classic,0,0,0,none,0,0,0,1.2575872109079556,0.03930450689906022,0.11747068262374465,0
sensor,1768475454125,1744.8744936855308,0,0.0322418212890625,0.0672760009765625,-1.017669677734375,0.0322418212890625,0.0672760009765625,-1.017669677734375,0.009309612214565277,0.09038954973220825,0.01739736646413803,10.0128779,9.9946845,2.8325828281004326,313.3343931151354,1004.0396345360205,3.3781028324868205,,0,0.08,0.676,0.10582010582010583,0.04,0.035600022624648515,-0.01144621150269897,-0.991199028212603,classic,0,0,0,none,0,0,0,1.0132947296024697,0.035600022624648515,0.08353904954337794,0
sensor,1768475456117,1749.879641482877,0,0.0840606689453125,-0.143768310546875,-0.9442596435546875,0.0840606689453125,-0.143768310546875,-0.9442596435546875,-0.008594286628067493,0.012865731492638588,0.005915679503232241,10.0129075,9.9946500,2.826603720138298,313.3482705813451,1004.095238651149,3.4661099847832797,,0,0.199,0.558,0.2628797886393659,0.04,0.036193061425612426,0.0008653116919516534,-0.9902866154918458,classic,0,0,0,none,0,0,0,0.6978130664624359,0.036193061425612426,0.15994959774450335,0
sensor,1768475458112,1755.31918257654,0,0.01226806640625,0.0511322021484375,-1.019500732421875,0.01226806640625,0.0511322021484375,-1.019500732421875,-0.004280498716980219,0.017972076311707497,0.011547733098268509,10.0129421,9.9946149,2.81510951370868,311.1630787293655,1004.3686246424913,3.5315834436828073,,0,0.119,0.5980000000000001,0.16596931659693162,0.08,0.036713274777271834,0.0013127780514356415,-0.9907314761042348,classic,0,0,0,none,0,0,0,0.523227591540424,0.036713274777271834,0.06282181531130554,0
sensor,1768475460101,1761.0351792299105,0,0.021240234375,0.1005096435546875,-1.021087646484375,0.021240234375,0.1005096435546875,-1.021087646484375,-0.017719607800245285,-0.1328592449426651,0.003973170183598995,10.0129741,9.9945740,2.80999620770376,305.23121591563813,1003.9214329589158,3.5677443039888215,,0,0.19,0.479,0.28400597907324365,0.128,0.03801655784368566,0.0011583160711464732,-0.9900482070775448,classic,0,0,0,none,0,0,0,1.4792533516239974,0.03801655784368566,0.10596024321723722,0
sensor,1768475462133,1766.0745658848784,0,0.07366943359375,0.0337982177734375,-1.0117034912109375,0.07366943359375,0.0337982177734375,-1.0117034912109375,-0.0143507095053792,-0.2576533854007721,0.019238408654928207,10.0130020,9.9945378,2.805145194829047,308.771513481124,1003.6158140851185,3.5283099573848045,,0,0.159,0.598,0.21003963011889035,0.04,0.043458596904369914,-0.009402858480179768,-0.9916975240352229,classic,0,0,0,none,0,0,0,1.0767638023220947,0.043458596904369914,0.05666832513706908,0
sensor,1768475464125,1771.2293089047294,0,0.0535736083984375,-0.1181182861328125,-1.015289306640625,0.0535736083984375,-0.1181182861328125,-1.015289306640625,-0.0035057852510362864,0.003547064261510968,0.011226555332541466,10.0130279,9.9944987,2.7913642587753738,309.4604052703845,1003.0069956015795,3.5279387278789818,,0,0.359,0.43800000000000006,0.45043914680050184,0,0.04559388240299697,0.0020807532709793903,-0.9919358227760051,classic,0,0,0,none,0,0,0,0.7293325223634559,0.04559388240299697,0.12332305483285937,0
sensor,1768475466117,1776.1239532599566,0,0.0647125244140625,0.045196533203125,-0.9778289794921875,0.0647125244140625,0.045196533203125,-0.9778289794921875,-0.00152359448838979,-0.00464721629396081,0.004159857518970966,10.0130539,9.9944627,2.764215505581923,307.21727065286177,1002.9686716385186,3.5291029405761947,,0,0.12,0.677,0.15056461731493098,0,0.04366743573372349,0.003146419675822879,-0.9905316491450351,classic,0,0,0,none,0,0,0,0.3985647129722946,0.04366743573372349,0.04895272624032442,0
sensor,1768475468114,1781.1640554002295,0,0.0647125244140625,0.0659637451171875,-1.0375823974609375,0.0647125244140625,0.0659637451171875,-1.0375823974609375,-0.00395585922524333,-0.0003249056462664157,0.03687386214733124,10.0130839,9.9944282,2.7445355141464995,304.62235106759334,1002.95562001504,3.5217973140248193,,0,0.16,0.597,0.21136063408190225,0.039,0.04877147194689021,0.002254789078378596,-0.9910100084899713,classic,0,0,0,none,0,0,0,1.1075884493818442,0.04877147194689021,0.08091504440322882,0
sensor,1768475470108,1786.735096370741,0,0.0977325439453125,0.0540924072265625,-0.961761474609375,0.0977325439453125,0.0540924072265625,-0.961761474609375,-0.01563888043165207,-0.20335711538791656,0.033374201506376266,10.0131135,9.9943872,2.7351868420811853,302.14307139693074,1003.0233385795727,3.5758767627610326,,0,0.12,0.676,0.1507537688442211,0,0.04983408593714377,-0.006240434929347532,-0.9905592220862564,classic,0,0,0,none,0,0,0,0.8588710242186636,0.04983408593714377,0.08265452982526929,0
sensor,1768475472133,1791.6704968309944,0,-0.0546112060546875,-0.29241943359375,-1.0963134765625,-0.0546112060546875,-0.29241943359375,-1.0963134765625,0.024281105026602745,0.15219512581825256,0.020506341010332108,10.0131376,9.9943493,2.7358089929172156,300.16349711335084,1002.6750867757946,3.575876763480544,,0,0.12,0.677,0.15056461731493098,0,0.04257667664916455,0.00013595394147028136,-0.9916462726354849,classic,0,0,0,none,0,0,0,2.14908706076019,0.04257667664916455,0.3271960559929427,0
sensor,1768475474125,1796.607321524304,0,0.05621337890625,0.0589599609375,-0.999114990234375,0.05621337890625,0.0589599609375,-0.999114990234375,0.0041065942496061325,0.032712407410144806,0.006743922829627991,10.0131597,9.9943102,2.7222512172180955,299.0506030599274,1002.7950459271669,3.792799620411327,,0,0.08,0.677,0.10568031704095113,0.04,0.03977546706679387,0.0064781519554920845,-0.9908712337755363,classic,0,0,0,none,0,0,0,0.4721473909901537,0.03977546706679387,0.055889742184508366,0
sensor,1768475475121,1799.813091645223,0,0.0114898681640625,0.0089569091796875,-1.008331298828125,0.0114898681640625,0.0089569091796875,-1.008331298828125,-0.004367318004369736,-0.0633012056350708,0.017489245161414146,10.0131722,9.9942838,2.7228830472918455,298.54999564183333,1002.5859568938613,3.8550800533297735,,0,0.08,0.7170000000000001,0.10037641154328733,0,0.038351010105670824,-0.007656934367131814,-0.9919253535962914,classic,0,0,0,none,0,0,0,2.2273751181604804,0.038351010105670824,0.035769517470841145,0
sensor,1768475476117,1803.5569004620374,0,0.1082000732421875,-0.060333251953125,-1.0952606201171875,0.1082000732421875,-0.060333251953125,-1.0952606201171875,-0.01823093555867672,-0.18214130401611328,0.018011225387454033,10.0131861,9.9942527,2.7430299496997645,298.5009682251677,1003.9805665006861,3.9111229362285145,,0,0.239,0.558,0.29987452948557086,0,0.03931183815538752,0.003334541220523529,-0.9924430868035345,classic,0,0,0,none,0,0,0,0.9546208545726631,0.03931183815538752,0.13987777071541957,0
sensor,1768475478112,1808.5943463812116,0,0.0659942626953125,0.0875244140625,-0.9853057861328125,0.0659942626953125,0.0875244140625,-0.9853057861328125,0.003319896524772048,-0.013177587650716305,0.0215939749032259,10.0132080,9.9942124,2.791169857383861,298.74562585261054,1003.4301934884861,3.8534254773474723,,0,0.159,0.638,0.19949811794228356,0,0.0411745702702308,-0.00552636959472458,-0.9928213018227721,classic,0,0,0,none,0,0,0,0.8509937141250326,0.0411745702702308,0.09708224579088663,0
sensor,1768475480141,1812.9014976518674,0,-0.0124359130859375,-0.3703765869140625,-0.99493408203125,-0.0124359130859375,-0.3703765869140625,-0.99493408203125,-0.024397484958171844,-0.15842346847057343,-0.0030341395176947117,10.0132257,9.9941774,2.782438450098726,296.9755608673985,1003.4763345168903,3.8279284228149715,,0,0.239,0.47800000000000004,0.33333333333333326,0.08,0.04360456300855689,-0.0003517524297923821,-0.9942854577806002,classic,0,0,0,none,0,0,0,1.6608509436772885,0.04360456300855689,0.37612564664956233,0
sensor,1768475481137,1817.4664799910242,0,0.0523834228515625,0.16253662109375,-0.99127197265625,0.0523834228515625,0.16253662109375,-0.99127197265625,-0.006324208807200193,-0.07640289515256882,0.01564846746623516,10.0132462,9.9941413,2.826397857219462,298.38286779747375,1003.8374275928363,3.790484834246316,,0,0.119,0.678,0.14930991217063988,0,0.046019603520668785,-0.0001321560325266755,-0.9934833923543833,classic,0,0,0,none,0,0,0,1.503929498753828,0.046019603520668785,0.16362636140650894,0
sensor,1768475483128,1821.7700898298688,0,-0.0998077392578125,-0.0820770263671875,-1.009552001953125,-0.0998077392578125,-0.0820770263671875,-1.009552001953125,0.005688245873898268,-0.07022329419851303,0.012596218846738338,10.0132667,9.9941080,2.84495383062902,299.88871855440794,1003.7013420891017,3.8398261174934745,,0,0.079,0.7160000000000001,0.09937106918238993,0,0.014634702097162984,-0.15089594260752034,-0.9767751550312264,classic,0,0,0,none,0,0,0,1.3223199915067787,0.014634702097162984,0.13819529389230656,0
sensor,1768475484124,1825.895277319653,0,0.026092529296875,0.0310211181640625,-0.978485107421875,0.026092529296875,0.0310211181640625,-0.978485107421875,-0.007793474476784468,0.11530182510614395,-0.0043774377554655075,10.0132816,9.9940735,2.934074762458765,296.92444654266,1003.3362602479756,3.848466872099158,,0,0.12,0.637,0.15852047556142668,0.04,0.01528830156461948,-0.12306362841712509,-0.9779798540695219,classic,0,0,0,none,0,0,0,2.1968824214355096,0.01528830156461948,0.15524009836712982,0
sensor,1768475487116,1832.3059684953664,0,-0.001068115234375,0.00628662109375,-0.896484375,-0.001068115234375,0.00628662109375,-0.896484375,-0.001600826159119606,-0.15476587414741516,0.021345235407352448,10.0133033,9.9940192,2.9539746900482613,297.21730796278825,1003.5315870381892,3.85815642613172,,0,0.08,0.6370000000000001,0.1115760111576011,0.08,0.016563534440538936,-0.08449971650416122,-0.983401958967875,classic,0,0,0,none,0,0,0,1.1223118866646085,0.016563534440538936,0.1275538856923682,0
sensor,1768475489107,1837.8580211392864,0,0.0715484619140625,0.15728759765625,-0.9635467529296875,0.0715484619140625,0.15728759765625,-0.9635467529296875,0.017620006576180458,0.018151573836803436,0.029106486588716507,10.0133228,9.9939726,2.9569721251118604,295.2610920342518,1003.7620912035927,3.8529160721592133,,0,0.119,0.638,0.1571994715984148,0.04,0.020523907088674263,-0.07173862091975097,-0.9837142551614275,classic,0,0,0,none,0,0,0,1.7199841587013527,0.020523907088674263,0.23668980165426357,0
sensor,1768475491136,1843.282996559875,0,0.0108184814453125,-0.2763824462890625,-0.955657958984375,0.0108184814453125,-0.2763824462890625,-0.955657958984375,-0.004068511072546244,-0.0225596372038126,0.005939914379268885,10.0133434,9.9939276,2.9499085791322304,296.1438324490039,1003.7210947824642,3.7373118478602874,,0,0.274,0.398,0.40773809523809523,0.124,0.023167932814313417,-0.05955111107056173,-0.985351753745603,classic,0,0,0,none,0,0,0,1.9753283863295015,0.023167932814313417,0.2203047590108583,0
sensor,1768475493128,1847.626684522185,0,0.1731414794921875,0.029510498046875,-0.9737548828125,0.1731414794921875,0.029510498046875,-0.9737548828125,0.005547896958887577,0.11174464225769043,0.0019896477460861206,10.0133617,9.9938926,2.925077271201273,297.37151232162984,1003.8510889308527,3.704190100450818,,0,0.199,0.239,0.454337899543379,0.358,0.031079837462232765,-0.03667410989589016,-0.9886360332382859,classic,0,0,0,none,0,0,0,1.272423528582431,0.031079837462232765,0.15821841212540932,0
sensor,1768475495120,1852.7329184712758,0,0.079345703125,0.0089874267578125,-1.0272674560546875,0.079345703125,0.0089874267578125,-1.0272674560546875,0.043467048555612564,0.02725638821721077,-0.0059846555814146996,10.0133866,9.9938534,2.888938404295506,291.74582457964965,1003.9508328223601,3.722872638328514,,0,0.079,0.5970000000000001,0.11686390532544379,0.12,0.03652826560377228,-0.0318037896208947,-0.9900687341600263,classic,0,0,0,none,0,0,0,0.7794720478941646,0.03652826560377228,0.07021523868130222,0
sensor,1768475497112,1858.4741725349927,0,0.0560302734375,0.15106201171875,-0.97589111328125,0.0560302734375,0.15106201171875,-0.97589111328125,0.014756042510271072,0.01666792668402195,0.0013254552613943815,10.0134048,9.9938044,2.870337735416185,295.6167302180579,1004.0033884970471,3.706485140089194,,0,0.199,0.5180000000000001,0.2775453277545328,0.08,0.03729854560689371,-0.027832061808985776,-0.9896202124974584,classic,0,0,0,none,0,0,0,1.4683483876613526,0.03729854560689371,0.18130178418097187,0
sensor,1768475499112,1863.7131505542131,0,-0.004180908203125,-0.18768310546875,-1.001678466796875,-0.004180908203125,-0.18768310546875,-1.001678466796875,0.02606116235256195,0.12192617356777191,0.013348562642931938,10.0134250,9.9937612,2.8583147286675947,298.8884098258567,1003.6735307686031,3.7022262973951587,,0,0.159,0.598,0.21003963011889035,0.04,0.038137334023184824,-0.02871314466984139,-0.990888001152735,classic,0,0,0,none,0,0,0,2.7265424369026103,0.038137334023184824,0.16568812706700495,0
sensor,1768475501136,1869.0183381245392,0,0.073883056640625,0.03448486328125,-1.0396575927734375,0.073883056640625,0.03448486328125,-1.0396575927734375,-0.025010012090206146,-0.05337933450937271,0.006195311434566975,10.0134467,9.9937180,2.8313910820242576,299.0997573242541,1003.9282647939399,3.6676609092523393,,0,0.467,0.33,0.5859473023839398,0,0.04080413498535637,-0.01059741571372162,-0.9922729778923014,classic,0,0,0,none,0,0,0,0.7578320702312291,0.04080413498535637,0.07366175092162228,0
sensor,1768475503128,1874.045951755339,0,0.006103515625,0.02301025390625,-0.9546966552734375,0.006103515625,0.02301025390625,-0.9546966552734375,-0.005281314719468355,0.07895740121603012,-0.011064102873206139,10.0134675,9.9936773,2.79357485706529,296.24251308669034,1003.6395327737555,3.552782277151999,,0,0.438,0.35900000000000004,0.5495608531994981,0,0.03407359961578424,-0.010434596929459538,-0.9909560830970463,classic,0,0,0,none,0,0,0,0.8381633433621194,0.03407359961578424,0.05699148041282437,0
sensor,1768475505120,1879.875428299066,0,0.0674896240234375,0.122344970703125,-0.991607666015625,0.0674896240234375,0.122344970703125,-0.991607666015625,0.01088886708021164,0.02155322954058647,-0.034982483834028244,10.0134980,9.9936340,2.776270892709126,299.5708764091697,1003.2146003171802,3.516657751127076,,0,0.16,0.597,0.21136063408190225,0.04,0.027772729868816303,-0.012849107484663301,-0.9917070046633479,classic,0,0,0,none,0,0,0,0.9568769234639233,0.027772729868816303,0.14161542372090963,0
sensor,1768475507112,1884.7057976472759,0,0.0071563720703125,-0.3021240234375,-0.9703216552734375,0.0071563720703125,-0.3021240234375,-0.9703216552734375,0.011720571666955948,0.012855344451963902,0.005976932588964701,10.0135228,9.9935977,2.7597565377346585,303.81549462398874,1003.0629418129101,3.4848265107520966,,0,0.518,0.23900000000000002,0.6842800528401586,0.039,0.034990941723117265,-0.01283773260831939,-0.9904594901297155,classic,0,0,0,none,0,0,0,2.5607163832525686,0.034990941723117265,0.2927830766517217,0
sensor,1768475509110,1889.5029278556983,0,0.1633453369140625,-0.0018157958984375,-0.9504852294921875,0.1633453369140625,-0.0018157958984375,-0.9504852294921875,0.009380985051393509,-0.06800009310245514,-0.0013403689954429865,10.0135479,9.9935621,2.7297974816850403,302.4605092187578,1003.4459297871217,3.509329997912594,,0,0.199,0.2790000000000001,0.4163179916317991,0.319,0.04221034114953886,0.0010240494893103593,-0.990756013790768,classic,0,0,0,none,0,0,0,0.864460609929725,0.04221034114953886,0.1283267463672578,0
sensor,1768475510140,1892.8851484828688,0,0.022003173828125,0.01983642578125,-1.005462646484375,0.022003173828125,0.01983642578125,-1.005462646484375,0.009148224256932735,-0.005885053426027298,-0.021497035399079323,10.0135669,9.9935380,2.7186150758823464,303.4157736442321,1003.3958943327889,3.5100774350067185,,0,0.12,0.677,0.15056461731493098,0,0.03630820442915425,-0.010142744925393125,-0.9915659783687494,classic,0,0,0,none,0,0,0,0.8668423023950543,0.03630820442915425,0.03618791056498139,0
sensor,1768475512132,1897.7378522794604,0,0.0214691162109375,-0.1024322509765625,-0.9907989501953125,0.0214691162109375,-0.1024322509765625,-0.9907989501953125,-0.013137639500200748,0.009614810347557068,-0.0031526500824838877,10.0135914,9.9935013,2.6986690352426206,306.26515293530446,1003.8782884860411,3.524813136532172,,0,0.079,0.7180000000000001,0.09912170639899623,0,0.031466387382490905,0.0021512173841351633,-0.9928067094458453,classic,0,0,0,none,0,0,0,0.5245157724639751,0.031466387382490905,0.10560742799488336,0
sensor,1768475513128,1900.8823111310626,0,0.0835723876953125,0.101348876953125,-0.96826171875,0.0835723876953125,0.101348876953125,-0.96826171875,0.0014743260107934475,-0.03218004107475281,-0.016017848625779152,10.0136075,9.9934777,2.687021131994909,302.61405817491715,1003.9534366289154,3.4754422152697955,,0,0.239,0.43900000000000006,0.3525073746312684,0.119,0.031798145402558,-0.005674702549418315,-0.993391968350634,classic,0,0,0,none,0,0,0,0.872284687655092,0.031798145402558,0.12212667420314714,0
sensor,1768475515120,1905.9165140501887,0,0.0397186279296875,-0.265838623046875,-0.981201171875,0.0397186279296875,-0.265838623046875,-0.981201171875,-0.04207128658890724,0.07330537587404251,-0.01518960576504469,10.0136333,9.9934399,2.675289135246879,308.5313191853414,1003.703890779987,3.3975178632111125,,0,0.159,0.562,0.2205270457697642,0.075,0.03361209844459395,-0.003617911074618961,-0.9924843197103222,classic,0,0,0,none,0,0,0,2.26748235308838,0.03361209844459395,0.263853648686572,0
sensor,1768475517113,1910.5677322752565,0,0.0240478515625,0.0732574462890625,-1.04046630859375,0.0240478515625,0.0732574462890625,-1.04046630859375,0.0009568737586960196,-0.002310824813321233,0.0041097900830209255,10.0136565,9.9934046,2.6160237424559534,306.2624659274021,1004.0034967269748,3.447585048526725,,0,0.08,0.518,0.13377926421404684,0.199,0.03291706824933735,0.0042574228517125515,-0.9925530622839217,classic,0,0,0,none,0,0,0,0.5456682302091842,0.03291706824933735,0.08489545103278291,0
sensor,1768475518111,1914.7144532615782,0,0.0734405517578125,0.058074951171875,-0.9696197509765625,0.0734405517578125,0.058074951171875,-0.9696197509765625,0.04283534735441208,0.24632109701633453,0.012352007441222668,10.0136793,9.9933746,2.601301427822479,306.9483130123959,1004.141874124296,3.4376846787575874,,0,0.158,0.598,0.20899470899470898,0.041,0.03155208253657679,-0.008267095637260037,-0.9925500915763481,classic,0,0,0,none,0,0,0,2.151279309757807,0.03155208253657679,0.0821524993792629,0
sensor,1768475520140,1918.0019887825629,0,0.036041259765625,0.0017547607421875,-0.976470947265625,0.036041259765625,0.0017547607421875,-0.976470947265625,-0.014358166605234146,0.010208961553871632,0.0021550299134105444,10.0136982,9.9933515,2.5155596477166977,308.66131432345463,1003.511163322255,3.4110873015282293,,0,0.319,0.43800000000000006,0.4214002642007925,0.04,0.03452434873342446,0.00497456756502212,-0.9914006908457809,classic,0,0,0,none,0,0,0,0.5396414551638071,0.03452434873342446,0.015425266887127687,0
sensor,1768475521136,1921.8862012699012,0,0.0692291259765625,0.06182861328125,-0.9903717041015625,0.0692291259765625,0.06182861328125,-0.9903717041015625,-0.007226487621665001,-0.07773767411708832,0.04181935265660286,10.0137204,9.9933241,2.48801757208788,305.3778128950512,1004.0137941455469,3.41108731231934,,0,0.188,0.43800000000000006,0.30031948881789133,0.17,0.04043659981858716,-0.00778051965896237,-0.9926589497254525,classic,0,0,0,none,0,0,0,0.892568731760248,0.04043659981858716,0.07574231315026864,0
sensor,1768475523128,1926.9995725440754,0,0.01263427734375,-0.3198089599609375,-0.9935760498046875,0.01263427734375,-0.3198089599609375,-0.9935760498046875,-0.004293814767152071,0.011234278790652752,-0.0023936491925269365,10.0137507,9.9932891,2.484633421000724,304.20787939253626,1003.6502968799323,3.5516348296375164,,0,0.159,0.637,0.19974874371859297,0,0.04213953209177444,0.00003728762673264061,-0.9931125553446367,classic,0,0,0,none,0,0,0,1.2057386787819353,0.04213953209177444,0.3228186964705001,0
sensor,1768475524124,1930.3105557040446,0,0.0469818115234375,0.2003936767578125,-0.993865966796875,0.0469818115234375,0.2003936767578125,-0.993865966796875,0.013745373114943504,0.00012650014832615852,0.01919100433588028,10.0137630,9.9932615,2.4991393139723197,301.7549779544748,1003.8559881458059,3.5220742973475274,,0,0.079,0.6380000000000001,0.11018131101813108,0.08,0.04274099838910773,-0.0021074020967967915,-0.9932234304203472,classic,0,0,0,none,0,0,0,1.2827290676417866,0.04274099838910773,0.20356432067535818,0
sensor,1768475526116,1936.0507045421016,0,0.0069732666015625,-0.238128662109375,-0.9822845458984375,0.0069732666015625,-0.238128662109375,-0.9822845458984375,0.005390770733356476,-0.05186612531542778,0.005381183233112097,10.0137912,9.9932176,2.520130185220631,303.91799566971724,1003.7402531467378,3.474282762203366,,0,0.119,0.518,0.1868131868131868,0.16,0.04355931128400865,-0.008704492753623937,-0.9933926208939484,classic,0,0,0,none,0,0,0,2.7175618422779704,0.04355931128400865,0.23375721545454892,0
sensor,1768475528115,1940.419089641935,0,0.1195220947265625,0.016510009765625,-0.974639892578125,0.1195220947265625,0.016510009765625,-0.974639892578125,0.00044022052315995097,0.020654145628213882,0.0028421254828572273,10.0138150,9.9931858,2.540884991096385,299.1065939560663,1003.7191854100674,3.532374268242038,,0,0.119,0.677,0.1494974874371859,0,0.043146594915648914,0.004794899801722683,-0.9918449282158626,classic,0,0,0,none,0,0,0,0.6532895491151732,0.043146594915648914,0.07955885810429932,0
sensor,1768475529110,1943.647761851844,0,-0.02337646484375,0.028594970703125,-0.9661407470703125,-0.02337646484375,0.028594970703125,-0.9661407470703125,0.024696825072169304,0.008800415322184563,0.006745786871761084,10.0138305,9.9931609,2.563814097036874,301.7646479844995,1003.5906089013442,3.549192014062024,,0,0.08,0.7170000000000001,0.10037641154328733,0,0.036750674771054676,-0.00787617941622349,-0.991071471148765,classic,0,0,0,none,0,0,0,1.17690851598816,0.036750674771054676,0.07498698968734739,0
sensor,1768475531136,1948.5487346068758,0,0.127655029296875,-0.064300537109375,-0.9536895751953125,0.127655029296875,-0.064300537109375,-0.9536895751953125,-0.014198643155395985,-0.026630012318491936,0.0032802154310047626,10.0138499,9.9931207,2.5767685287870536,301.03840497427274,1003.1238793926314,3.527638279505166,,0,0.119,0.638,0.1571994715984148,0.04,0.03833677968211546,0.003785118046881229,-0.9898974851011296,classic,0,0,0,none,0,0,0,0.6905238445361744,0.03833677968211546,0.11859474869644172,0
sensor,1768475532132,1951.795408252531,0,0.018890380859375,0.1109161376953125,-0.9813995361328125,0.018890380859375,0.1109161376953125,-0.9813995361328125,0.023603595793247223,0.1246844083070755,0.01810363680124283,10.0138628,9.9930941,2.5986367223393696,301.475905991645,1003.8118028277531,3.5299017214846904,,0,0.239,0.42600000000000005,0.3593984962406015,0.12,0.03591074502928439,-0.005603770511674203,-0.9903421194181913,classic,0,0,0,none,0,0,0,0.8708421105423266,0.03591074502928439,0.11868896378921386,0
sensor,1768475534124,1956.9559533146146,0,-0.0006866455078125,-0.3632965087890625,-0.9464874267578125,-0.0006866455078125,-0.3632965087890625,-0.9464874267578125,0.047206394374370575,-0.004128965083509684,0.0026849990244954824,10.0138909,9.9930567,2.624720439162133,301.66021584793856,1003.6806346941739,3.5456686010504805,,0,0.08,0.7170000000000001,0.10037641154328733,0,0.034272686361552486,-0.0019104002907485216,-0.9901968228228663,classic,0,0,0,none,0,0,0,1.5573562247489463,0.034272686361552486,0.36753232332867786,0
sensor,1768475536116,1961.6036464009098,0,0.0420379638671875,0.031982421875,-1.01873779296875,0.0420379638671875,0.031982421875,-1.01873779296875,0.00899695698171854,0.05811656638979912,0.003099653171375394,10.0139163,9.9930229,2.619549230611128,302.1186721827774,1003.6996175227687,3.6613566521464156,,0,0.239,0.47900000000000004,0.3328690807799443,0.079,0.03705816194394349,0.0037044471921903292,-0.9911542499609239,classic,0,0,0,none,0,0,0,0.49066948048705206,0.03705816194394349,0.04001583136901558,0
sensor,1768475537114,1964.777633553971,0,0.130645751953125,-0.113677978515625,-0.9993743896484375,0.130645751953125,-0.113677978515625,-0.9993743896484375,0.02750938944518566,0.17975671589374542,0.0065740132704377174,10.0139299,9.9929975,2.626478153724825,301.9539570971854,1003.4943181583658,3.6909766541028626,,0,0,0.797,0,0,0.039068074096144156,-0.009134738107045164,-0.9907347799025341,classic,0,0,0,none,0,0,0,2.413120204667255,0.039068074096144156,0.13994917334621693,0
sensor,1768475539111,1969.6846229934224,0,0.028717041015625,0.0135345458984375,-0.9892730712890625,0.028717041015625,0.0135345458984375,-0.9892730712890625,-0.00987260416150093,0.020987041294574738,-0.0014769891276955605,10.0139469,9.9929561,2.618195169674372,300.4424519502096,1003.4956695530564,3.7366115503032646,,0,0.199,0.5980000000000001,0.24968632371392718,0,0.043843311312411266,0.004349270368013513,-0.9904323402423454,classic,0,0,0,none,0,0,0,0.5487644996447999,0.043843311312411266,0.01782375279366541,0
sensor,1768475540108,1972.9828731426762,0,0.0700225830078125,0.0374603271484375,-0.9908294677734375,0.0700225830078125,0.0374603271484375,-0.9908294677734375,-0.0023390543647110462,-0.038959648460149765,-0.00755059439688921,10.0139625,9.9929305,2.6234179769130033,301.0867446775228,1003.7081715734676,3.7117406419967387,,0,0.08,0.677,0.10568031704095113,0.04,0.04324659883088562,-0.007467911327160263,-0.9908764208638426,classic,0,0,0,none,0,0,0,0.7171690143698144,0.04324659883088562,0.052564852384702085,0
sensor,1768475542132,1977.4420488455694,0,0.0329742431640625,-0.1925048828125,-0.980316162109375,0.0329742431640625,-0.1925048828125,-0.980316162109375,0.010897655040025711,0.06647622585296631,-0.009416671469807625,10.0139827,9.9928953,2.6279425152220672,302.17753433607123,1003.5091411089525,3.6416507775471283,,0,0.239,0.517,0.3161375661375661,0.04,0.0438769994277241,0.0035526683285700966,-0.9912134688354388,classic,0,0,0,none,0,0,0,0.7443834391025712,0.0438769994277241,0.19765087090239597,0
sensor,1768475543128,1980.8766207231936,0,0.0947723388671875,0.1307830810546875,-0.9589996337890625,0.0947723388671875,0.1307830810546875,-0.9589996337890625,0.01344763208180666,0.0011414308100938797,0.01872255466878414,10.0139979,9.9928680,2.655139226727503,301.207729636297,1003.6470537818968,3.586312347792001,,0,0.239,0.557,0.30025125628140703,0,0.044745988492679065,-0.0026497102858145626,-0.9912413340031402,classic,0,0,0,none,0,0,0,1.0632987139474004,0.044745988492679065,0.14683851409934642,0
sensor,1768475545120,1986.7825027237777,0,-0.114654541015625,-0.251312255859375,-1.0399169921875,-0.114654541015625,-0.251312255859375,-1.0399169921875,0.012133361771702766,0.16260088980197906,-0.0024519723374396563,10.0140238,9.9928209,2.6552606081110706,301.56719894040816,1003.1340287365019,3.539265506709365,,0,0.12,0.5970000000000001,0.16736401673640164,0.079,0.039575676133282306,-0.0021557424858775964,-0.9920668142084744,classic,0,0,0,none,0,0,0,2.0193957268386398,0.039575676133282306,0.29840204300418305,0
sensor,1768475546116,1989.9491773815046,0,0.046630859375,0.126251220703125,-0.9801788330078125,0.046630859375,0.126251220703125,-0.9801788330078125,0.005787848029285669,-0.06609353423118591,0.007783886976540089,10.0140381,9.9927959,2.690742680594011,300.01907388550427,1003.1496026208624,3.570527014926871,,0,0.16,0.5399999999999999,0.2285714285714286,0.04,0.042631818721590865,0.0016724342046911624,-0.9912401512099424,classic,0,0,0,none,0,0,0,1.5055007026408878,0.042631818721590865,0.1257616140482852,0
sensor,1768475548110,1995.057823911429,0,0.0202484130859375,-0.0144805908203125,-1.0447998046875,0.0202484130859375,-0.0144805908203125,-1.0447998046875,0.015455123037099838,0.1361280083656311,0.016498548910021782,10.0140617,9.9927559,2.7132218819300173,301.12923372795393,1003.4108431013301,3.515883648860458,,0,0.077,0.7200000000000001,0.09661229611041405,0,0.036197825374023905,-0.007328935154400977,-0.992241059088453,classic,0,0,0,none,0,0,0,2.201255438915317,0.036197825374023905,0.05566743057427041,0
sensor,1768475549144,1998.4904733149717,0,0.0377044677734375,0.0869293212890625,-1.0329742431640625,0.0377044677734375,0.0869293212890625,-1.0329742431640625,0.0036828855518251657,-0.2628563940525055,0.025861691683530807,10.0140784,9.9927295,2.7827793145989936,301.8833343029948,1003.6487447312102,3.494308242385688,,0,0.119,0.678,0.14930991217063988,0,0.03688465980984089,0.004662852977724897,-0.9924203468531129,classic,0,0,0,none,0,0,0,0.8008036272576008,0.03688465980984089,0.09218366577747146,0
sensor,1768475551136,2003.5894853710843,0,0.0439605712890625,0.0919952392578125,-1.0070343017578125,0.0439605712890625,0.0919952392578125,-1.0070343017578125,0.011118963360786438,0.055505335330963135,0.008036088198423386,10.0141019,9.9926896,2.842613873143189,301.28654337933847,1003.5088886171579,3.4105163265089447,,0,0.239,0.508,0.31994645247657294,0,0.032234883696071526,-0.003436756775677311,-0.9917521801464956,classic,0,0,0,none,0,0,0,0.6677919030043937,0.032234883696071526,0.09784579453147069,0
sensor,1768475553128,2007.8654107910536,0,0.029022216796875,-0.1092529296875,-0.9870147705078125,0.029022216796875,-0.1092529296875,-0.9870147705078125,-0.012604475021362305,0.13298441469669342,0.004805407952517271,10.0141236,9.9926573,2.836007327167435,303.53898417430696,1003.8702153339982,3.420138514469399,,0,0,0.757,0,0.04,0.03393734321028295,0.007066389373621202,-0.9905107988581844,classic,0,0,0,none,0,0,0,0.5723246864724664,0.03393734321028295,0.11706090138769847,0
sensor,1768475554124,2012.3813740114053,0,0.0576019287109375,0.137115478515625,-0.9621429443359375,0.0576019287109375,0.137115478515625,-0.9621429443359375,0.021337779238820076,0.06432759016752243,0.030900390818715096,10.0141431,9.9926211,2.8825524071848436,300.88375657919937,1003.9118353044614,3.3875067210171093,,0,0.319,0.31800000000000006,0.5007849293563579,0.16,0.03413113215795704,-0.0024321994467048796,-0.9917326535754732,classic,0,0,0,none,0,0,0,0.8561108806251175,0.03413113215795704,0.1452947399562102,0
sensor,1768475556116,2016.3655295189321,0,-0.098052978515625,-0.2229766845703125,-1.0562744140625,-0.098052978515625,-0.2229766845703125,-1.0562744140625,-0.07285236567258835,-0.13327789306640625,0.005782521795481443,10.0141621,9.9925903,2.887754647875467,301.25574558544133,1003.3578267702833,3.4177675564351158,,0,0.239,0.524,0.3132372214941022,0.04,0.0342225947243031,0.0007554950626540082,-0.9922208759565345,classic,0,0,0,none,0,0,0,1.4500113344192815,0.0342225947243031,0.2690311119023163,0
sensor,1768475557112,2020.7462834871942,0,0.06121826171875,0.203369140625,-0.99383544921875,0.06121826171875,0.203369140625,-0.99383544921875,0.012867861427366734,0.02365499548614025,0.018019480630755424,10.0141834,9.9925567,2.970723748267515,301.05315290981065,1004.3508365619928,3.4306229244087505,,0,0.159,0.638,0.19949811794228356,0,0.03241330680320694,0.0025014459743153247,-0.9909809966632057,classic,0,0,0,none,0,0,0,1.4571961423002602,0.03241330680320694,0.2039624249030023,0
sensor,1768475559112,2024.8895901855362,0,-0.0184783935546875,-0.267669677734375,-1.0036773681640625,-0.0184783935546875,-0.267669677734375,-1.0036773681640625,-0.009826797991991043,-0.11046632379293442,0.006000634748488665,10.0142026,9.9925243,2.9902431390868314,301.23684127813044,1003.4988912064582,3.4908638190392356,,0,0.239,0.518,0.3157199471598415,0.04,0.03747788415190591,-0.005278404546784363,-0.9922150620057164,classic,0,0,0,none,0,0,0,2.4594431812264244,0.03747788415190591,0.2698855888654402,0
sensor,1768475560140,2028.448941258984,0,0.050750732421875,0.0543670654296875,-0.98004150390625,0.050750732421875,0.0543670654296875,-0.98004150390625,-0.008921323344111443,-0.10569580644369125,0.0024200144689530134,10.0142176,9.9924956,3.0445181029902666,300.05813075410276,1003.8084876621142,3.5208497594481347,,0,0.239,0.518,0.3157199471598415,0.04,0.03829637479054533,0.004316689381640388,-0.9922118079595865,classic,0,0,0,none,0,0,0,1.099359343859648,0.03829637479054533,0.05325938579261251,0
sensor,1768475562132,2032.2579138515935,0,0.0980072021484375,0.1520843505859375,-1.03411865234375,0.0980072021484375,0.1520843505859375,-1.03411865234375,0.013878265395760536,0.03899986296892166,0.007735684048384428,10.0142370,9.9924668,3.049397493010844,301.3491404480525,1004.9168105078861,3.5333071269344143,,0,0.04,0.757,0.050188205771643665,0,0.03912629953370633,-0.008492976063905597,-0.9915133463129163,classic,0,0,0,none,0,0,0,2.0417449619772916,0.03912629953370633,0.17714476794446282,0
sensor,1768475563128,2036.142358339911,0,0.074615478515625,0.056671142578125,-1.03814697265625,0.074615478515625,0.056671142578125,-1.03814697265625,-0.030254308134317398,-0.33955490589141846,0.03020131215453148,10.0142574,9.9924381,3.104620683193085,303.7927994387479,1004.7066534683108,3.5641988182700652,,0,0.12,0.637,0.15852047556142668,0.04,0.04024453078768275,0.002306458186545666,-0.9912219019060194,classic,0,0,0,none,0,0,0,0.6235106008321732,0.04024453078768275,0.0800169373097662,0
sensor,1768475565120,2040.988672642508,0,0.0601959228515625,0.04681396484375,-0.9958648681640625,0.0601959228515625,0.04681396484375,-0.9958648681640625,0.002359294332563877,-0.006884004920721054,0.0038631814531981945,10.0142750,9.9923976,3.1508615071674675,298.7089620778031,1004.8289469983429,3.6412076603063293,,0,0.04,0.717,0.052840158520475564,0.04,0.040912604597358966,-0.007296616752131501,-0.9915302654016734,classic,0,0,0,none,0,0,0,0.6454768050703736,0.040912604597358966,0.05789668946048414,0
sensor,1768475567112,2045.215648838883,0,0.0811920166015625,-0.0365447998046875,-0.971435546875,0.0811920166015625,-0.0365447998046875,-0.971435546875,-0.007290403358638287,0.07088056206703186,0.011304053477942944,10.0142944,9.9923644,3.1219307265615086,297.5992604941314,1005.383903353475,3.728509963407355,,0,0,0.757,0,0.04,0.040861890210760726,0.004817836261075152,-0.9904800863989925,classic,0,0,0,none,0,0,0,0.6863412120444118,0.040861890210760726,0.06113396292471906,0
sensor,1768475568113,2049.280821480292,0,0.0626068115234375,0.1083526611328125,-0.970062255859375,0.0626068115234375,0.1083526611328125,-0.970062255859375,-0.004837099462747574,-0.11762836575508118,0.040530648082494736,10.0143125,9.9923322,3.1147690693713663,298.28577811571915,1005.1790243405849,3.7536288416371715,,0,0.079,0.4790000000000001,0.14157706093189962,0.239,0.04502937513816695,-0.004575132003209336,-0.9914342837949403,classic,0,0,0,none,0,0,0,0.8191936406609606,0.04502937513816695,0.1168529895063267,0
sensor,1768475570140,2053.9185894818183,0,-0.0569915771484375,-0.184417724609375,-0.9874725341796875,-0.0569915771484375,-0.184417724609375,-0.9874725341796875,0.004141481593251228,0.028834577649831772,-0.0017395768081769347,10.0143316,9.9922945,3.0683823738479417,296.8647301925835,1004.8261579331011,3.6748383511111333,,0,0.239,0.47800000000000004,0.33333333333333326,0.08,0.04045339001781769,0.002515154592499904,-0.9941459475061896,classic,0,0,0,none,0,0,0,1.0307532751600905,0.04045339001781769,0.21197206337340344,0
sensor,1768475571136,2057.8078225829736,0,0.062713623046875,0.163848876953125,-0.992645263671875,0.062713623046875,0.163848876953125,-0.992645263671875,0.02461879327893257,0.06599153578281403,0.005113801918923855,10.0143464,9.9922623,3.063139629677807,296.16940416506014,1005.1015144689009,3.658470839375561,,0,0.124,0.713,0.14814814814814814,0,0.039081614984432425,-0.000023833863953006806,-0.992837036490389,classic,0,0,0,none,0,0,0,1.211063308402523,0.039081614984432425,0.16640003432197037,0
sensor,1768475573128,2062.434889266543,0,0.014434814453125,-0.238372802734375,-0.99383544921875,0.014434814453125,-0.238372802734375,-0.99383544921875,0.015467639081180096,0.03660941123962402,0.0024895230308175087,10.0143656,9.9922248,3.039112808927638,296.3320869722796,1005.0137935662642,3.6543367758010383,,0,0.12,0.637,0.15852047556142668,0.04,0.04094170368039784,-0.0018918545664074766,-0.9938911429120633,classic,0,0,0,none,0,0,0,2.0345156481166335,0.04094170368039784,0.23915767001331814,0
sensor,1768475574124,2065.7440182969926,0,0.0576324462890625,0.07513427734375,-1.0070037841796875,0.0576324462890625,0.07513427734375,-1.0070037841796875,0.005142031237483025,0.019347598776221275,0.024342091754078865,10.0143816,9.9921994,3.0404822607230924,301.2730515008456,1005.2326289471239,3.675403335857535,,0,0.239,0.399,0.3746081504702194,0.159,0.04204358632568488,0.002955397782693497,-0.9928593839100329,classic,0,0,0,none,0,0,0,1.4444527661764208,0.04204358632568488,0.07556336910548962,0
sensor,1768475577114,2072.270842784562,0,0.0242462158203125,0.0333099365234375,-0.9986572265625,0.0242462158203125,0.0333099365234375,-0.9986572265625,-0.01673929952085018,-0.10329443216323853,0.003762513864785433,10.0143976,9.9921420,3.029154901108681,294.28179423793364,1004.3516979534179,3.616498478673149,,0,0.199,0.558,0.2628797886393659,0.04,0.035862212681963296,0.0026807027532973564,-0.9921359291918422,classic,0,0,0,none,0,0,0,0.9847829454020335,0.035862212681963296,0.033568571349285654,0
sensor,1768475579109,2077.8580220579797,0,0.082489013671875,0.0506439208984375,-1.010711669921875,0.082489013671875,0.0506439208984375,-1.010711669921875,-0.00293373828753829,-0.05783986300230026,0.011724832467734814,10.0144214,9.9920971,3.01648133619023,296.9456453141172,1004.3946615345776,3.60457016808516,,0,0,0.796,0,0,0.03471184674616556,-0.00727568493836242,-0.9919753479921238,classic,0,0,0,none,0,0,0,1.3537516129450093,0.03471184674616556,0.07777354436515516,0
sensor,1768475581136,2082.7136076543843,0,0.1189422607421875,-0.001434326171875,-0.9757232666015625,0.1189422607421875,-0.001434326171875,-0.9757232666015625,-0.018142251297831535,-0.034755315631628036,-0.00033209618413820863,10.0144433,9.9920587,2.9847746539168054,296.814148970621,1003.8946776222438,3.663710051962807,,0,0.239,0.5379999999999999,0.3075933075933076,0.04,0.04052362290189059,0.004828628270744276,-0.9929523461794488,classic,0,0,0,none,0,0,0,0.7006823758823756,0.04052362290189059,0.08093759143256916,0
sensor,1768475583128,2088.0065507138825,0,0.0426483154296875,0.02532958984375,-0.9582061767578125,0.0426483154296875,0.02532958984375,-0.9582061767578125,-0.0170919019728899,0.005881058517843485,0.0007030745036900043,10.0144610,9.9920139,2.932413036196064,293.32758426861426,1003.9668444888666,3.616357842285584,,0,0.159,0.598,0.21003963011889035,0.04,0.04006966720006015,0.0035938859165661093,-0.9914423860175723,classic,0,0,0,none,0,0,0,0.878639124271402,0.04006966720006015,0.03999615973410225,0
sensor,1768475585120,2093.3431040550604,0,0.0529022216796875,0.120269775390625,-0.9778900146484375,0.0529022216796875,0.120269775390625,-0.9778900146484375,0.01630973070859909,0.054600927978754044,0.020310331135988235,10.0144844,9.9919713,2.8938169344571576,295.8794895546265,1004.0821482473984,3.5408684426813,,0,0.199,0.558,0.2628797886393659,0.04,0.04154109211345027,-0.0040629737806278255,-0.9909342691361146,classic,0,0,0,none,0,0,0,0.8850053528732024,0.04154109211345027,0.12616112209474692,0
sensor,1768475587112,2098.276106833662,0,0.0095672607421875,-0.2713775634765625,-0.9810943603515625,0.0095672607421875,-0.2713775634765625,-0.9810943603515625,-0.024382837116718292,0.016317985951900482,0.013796771876513958,10.0145056,9.9919317,2.8620590982775362,295.5792913144186,1003.9397341329604,3.5462218350909875,,0,0.079,0.6350000000000001,0.11064425770308123,0.08,0.04264563329334394,-0.0014440888252937204,-0.9930756001818903,classic,0,0,0,none,0,0,0,1.4682165280675794,0.04264563329334394,0.27358439756528313,0
sensor,1768475589112,2103.2985021466675,0,0.056793212890625,0.0347900390625,-1.0088348388671875,0.056793212890625,0.0347900390625,-1.0088348388671875,-0.0098419776186347,0.014038853347301483,0.005992378573864698,10.0145177,9.9918876,2.8031579316429105,292.93651174327726,1003.5439756000414,3.5787555251728813,,0,0.12,0.557,0.17725258493353027,0.12,0.04275731797065315,0.004208181225250031,-0.9936444213523341,classic,0,0,0,none,0,0,0,0.4585057099160058,0.04275731797065315,0.037104421866201075,0
sensor,1768475590108,2106.563015261275,0,0.0087890625,-0.2448272705078125,-0.9681243896484375,0.0087890625,-0.2448272705078125,-0.9681243896484375,0.01587723381817341,0.11207327246665955,0.007602259516716003,10.0145329,9.9918620,2.7671529754634845,294.817580841036,1003.6164811775088,3.557242756911913,,0,0.16,0.545,0.22695035460992907,0.079,0.03795210705178344,-0.0071263708641909704,-0.9916771589447573,classic,0,0,0,none,0,0,0,2.697244709049069,0.03795210705178344,0.24184783499961218,0
sensor,1768475592132,2111.06226660059,0,0.071258544921875,0.049468994140625,-0.9860076904296875,0.071258544921875,0.049468994140625,-0.9860076904296875,-0.00529702752828598,0.07356715947389603,-0.0027321369852870703,10.0145508,9.9918252,2.7238604456236093,296.3056263833455,1004.075419601053,3.5426229344765896,,0,0.119,0.637,0.1574074074074074,0.04,0.03632730397390778,0.004633118720372347,-0.9908791698028014,classic,0,0,0,none,0,0,0,0.46417646691955283,0.03632730397390778,0.057332068837316265,0
sensor,1768475593128,2114.2912999949185,0,0.0428619384765625,0.051116943359375,-1.00665283203125,0.0428619384765625,0.051116943359375,-1.00665283203125,0.04881707578897476,0.3002932369709015,-0.002656236756592989,10.0145625,9.9917982,2.7040011654381875,293.67851499920107,1004.1593105001375,3.5477283639329933,,0,0.08,0.677,0.10568031704095113,0.04,0.03207844214690129,-0.006976637705402953,-0.9907369356121892,classic,0,0,0,none,0,0,0,1.3878641863960306,0.03207844214690129,0.06149952088231945,0
sensor,1768475594124,2117.6130662359024,0,0.008880615234375,0.0269622802734375,-1.003173828125,0.008880615234375,0.0269622802734375,-1.003173828125,0.008872587233781815,0.12612943351268768,0.00013129384024068713,10.0145764,9.9917714,2.705450929530358,299.02548203350966,1004.3118631895632,3.533057250168283,,0,0.199,0.5980000000000001,0.24968632371392718,0,0.03445356167143776,0.003096591951380419,-0.9899803874385785,classic,0,0,0,none,0,0,0,0.5585821210620504,0.03445356167143776,0.03757253259201755,0
sensor,1768475596116,2122.504742848781,0,0.0273284912109375,0.089935302734375,-0.98577880859375,0.0273284912109375,0.089935302734375,-0.98577880859375,0.01654675230383873,0.13833896815776825,0.014482536353170872,10.0145936,9.9917303,2.7137575404426775,295.65289043385803,1004.2242733687162,3.4988995609165823,,0,0.02,0.677,0.02869440459110473,0.1,0.029831504484227084,-0.0044403963545411014,-0.9916986982540256,classic,0,0,0,none,0,0,0,0.7149291070800233,0.029831504484227084,0.0950696543772632,0
sensor,1768475598116,2127.6330597048086,0,0.0264892578125,-0.071807861328125,-0.9830169677734375,0.0264892578125,-0.071807861328125,-0.9830169677734375,-0.01588255912065506,-0.0685335174202919,0.0007832356495782733,10.0146180,9.9916905,2.724761789461642,297.89593489772784,1003.7108751591295,3.4877835126615433,,0,0.08,0.7170000000000001,0.10037641154328733,0,0.034521131753406736,0.004986822704874387,-0.9924330750024286,classic,0,0,0,none,0,0,0,0.6130948405091452,0.034521131753406736,0.07817646950917038,0
sensor,1768475599105,2131.2349440190533,0,0.06207275390625,0.1389312744140625,-0.949951171875,0.06207275390625,0.1389312744140625,-0.949951171875,0.006718090269714594,-0.05008314177393913,0.024047812446951866,10.0146280,9.9916592,2.7716600652126626,295.04692511092503,1004.8697848683223,3.373968244215848,,0,0.16,0.637,0.20075282308657466,0,0.033799482691295055,-0.0026968105110924756,-0.9902235845327272,classic,0,0,0,none,0,0,0,0.9925462515137177,0.033799482691295055,0.1506859463049337,0
sensor,1768475601137,2135.714597283221,0,0.0974578857421875,-0.3662109375,-0.9156036376953125,0.0974578857421875,-0.3662109375,-0.9156036376953125,0.01824318617582321,0.10838665813207626,0.021981464698910713,10.0146461,9.9916227,2.768973789132889,295.92531754330463,1004.4619917999953,3.383322729465495,,0,0.159,0.638,0.19949811794228356,0,0.030435503017226428,-0.0035993940986181125,-0.9893186176206609,classic,0,0,0,none,0,0,0,2.1508628204545457,0.030435503017226428,0.37793893274226126,0
sensor,1768475602132,2139.407174927612,0,0.0424346923828125,0.0615997314453125,-0.9993438720703125,0.0424346923828125,0.0615997314453125,-0.9993438720703125,0.009186307899653912,0.015023957006633282,0.019786221906542778,10.0146591,9.9915917,2.7971437024841244,294.33277684676216,1004.2970103183761,3.379948866069531,,0,0.08,0.7170000000000001,0.10037641154328733,0,0.036016534911047865,0.0004906360897641279,-0.9884184876508247,classic,0,0,0,none,0,0,0,1.5035692709061528,0.036016534911047865,0.06272257300070405,0
sensor,1768475604125,2143.2882451912988,0,0.0970611572265625,0.025909423828125,-1.0386505126953125,0.0970611572265625,0.025909423828125,-1.0386505126953125,0.036008067429065704,0.058089934289455414,0.0016812535468488932,10.0146732,9.9915592,2.8036129195053814,294.3293016110934,1003.7774239126593,3.3754989098817463,,0,0.12,0.677,0.15056461731493098,0,0.034647923519126475,-0.009482688769879089,-0.9887442928488293,classic,0,0,0,none,0,0,0,1.819323459588697,0.034647923519126475,0.08783852992016797,0
sensor,1768475605121,2147.927060051453,0,0.0413665771484375,0.017059326171875,-1.0157623291015625,0.0413665771484375,0.017059326171875,-1.0157623291015625,0.0037260286044329405,-0.10362572968006134,0.008143946528434753,10.0146910,9.9915209,2.9108167968292924,294.5436658351134,1004.1021239999682,3.3533533086028493,,0,0.279,0.394,0.4145616641901932,0.12,0.03807659472913348,0.002242799069777279,-0.9887084391361218,classic,0,0,0,none,0,0,0,0.6178733197907952,0.03807659472913348,0.03117630094010954,0
sensor,1768475607113,2151.883988458658,0,0.0067596435546875,0.059661865234375,-0.98883056640625,0.0067596435546875,0.059661865234375,-0.98883056640625,0.023671241477131844,0.11081573367118835,0.014150972478091717,10.0147056,9.9914880,2.973623622538743,294.22128714061927,1004.0011239871383,3.3933646765752834,,0,0.12,0.398,0.23166023166023164,0.279,0.039975619025959544,-0.007511347918330379,-0.9894427461020636,classic,0,0,0,none,0,0,0,1.1030672770193293,0.039975619025959544,0.07531599789317596,0
sensor,1768475609112,2156.146394580784,0,0.086456298828125,0.0005340576171875,-0.97869873046875,0.086456298828125,0.0005340576171875,-0.97869873046875,0.002794188680127263,0.07545960694551468,0.00138084904756397,10.0147215,9.9914525,2.9476607392713525,293.92867546987304,1004.4986646389589,3.35797840166005,,0,0.12,0.677,0.15056461731493098,0,0.0352773027786529,0.005038098763036109,-0.9896400757460969,classic,0,0,0,none,0,0,0,0.3915058058639625,0.0352773027786529,0.05279289995207563,0
sensor,1768475610107,2160.558776595985,0,0.0254058837890625,0.0867462158203125,-0.955352783203125,0.0254058837890625,0.0867462158203125,-0.955352783203125,0.005030977539718151,0.03566931560635567,0.000996821210719645,10.0147365,9.9914153,2.951275674189487,293.2979523225819,1004.5533254975453,3.383993227612848,,0,0.2,0.516,0.2793296089385475,0.079,0.03189557138445593,-0.004840036801795782,-0.9901812309346577,classic,0,0,0,none,0,0,0,0.8703980241652803,0.03189557138445593,0.09869315255368717,0
sensor,1768475612133,2164.944916936396,0,0.0387420654296875,-0.063140869140625,-0.983245849609375,0.0387420654296875,-0.063140869140625,-0.983245849609375,-0.016473514959216118,-0.006534065585583448,0.007012635935097933,10.0147541,9.9913794,2.9193763046038796,294.8037630310347,1004.8491817070171,3.4526042194327085,,0,0.359,0.35800000000000004,0.5006973500697349,0.08,0.03479169416943817,0.0048041520380372685,-0.9903162242473597,classic,0,0,0,none,0,0,0,0.4593511629786299,0.03479169416943817,0.06876987904464923,0
sensor,1768475613129,2168.4813581492363,0,0.0425262451171875,0.116455078125,-0.9793548583984375,0.0425262451171875,0.116455078125,-0.9793548583984375,0.001240766723640263,-0.0052442969754338264,-0.003994741477072239,10.0147680,9.9913503,2.908013554757404,295.6857522822199,1004.5963656483218,3.4253381394715494,,0,0.08,0.678,0.10554089709762533,0.04,0.033034331075468944,-0.0031235046736650326,-0.9912260102856627,classic,0,0,0,none,0,0,0,0.8237841576947427,0.033034331075468944,0.12114642293500397,0
sensor,1768475615121,2172.68242030447,0,-0.03204345703125,-0.1947174072265625,-0.99658203125,-0.03204345703125,-0.1947174072265625,-0.99658203125,-0.023921044543385506,-0.1974768489599228,0.005591040477156639,10.0147824,9.9913149,2.871401303549764,294.3004305674536,1004.1944195935503,3.4064638213152776,,0,0.119,0.677,0.1494974874371859,0,0.032588308057216346,0.0029591160729060097,-0.9919717600712662,classic,0,0,0,none,0,0,0,0.8305748252880532,0.032588308057216346,0.2090706582968066,0
sensor,1768475616117,2177.048948325148,0,0.04473876953125,0.140045166015625,-0.9859619140625,0.04473876953125,0.140045166015625,-0.9859619140625,-0.0005699164466932416,-0.11275237798690796,-0.01943282037973404,10.0147972,9.9912780,2.9091574641982056,293.2374928997166,1003.9723735461012,3.4202778060811134,,0,0.147,0.61,0.19418758256274768,0.04,0.030604579041152918,-0.0011799640426349673,-0.9920750086544453,classic,0,0,0,none,0,0,0,1.1788133807592505,0.030604579041152918,0.14277612977323015,0
sensor,1768475618109,2180.1111460248226,0,0.00018310546875,-0.186126708984375,-1.011016845703125,0.00018310546875,-0.186126708984375,-1.011016845703125,0.0014972290955483913,0.18888603150844574,0.0070547135546803474,10.0148110,9.9912537,2.9308525428848586,296.2800871551708,1003.0733174346387,3.40717696305515,,0,0.04,0.718,0.052770448548812667,0.039,0.03206496476005952,-0.00043521649339929775,-0.9925051369117854,classic,0,0,0,none,0,0,0,1.4384530376304294,0.03206496476005952,0.19026712126025114,0
sensor,1768475620110,2184.8328562691568,0,0.05487060546875,0.0400238037109375,-0.9957733154296875,0.05487060546875,0.0400238037109375,-0.9957733154296875,-0.0008849684381857514,-0.00032916670897975564,0.005079447291791439,10.0148351,9.9912182,2.9231630227941308,296.03937741240156,1003.4776375005022,3.4543087891887274,,0,0.119,0.518,0.1868131868131868,0.16,0.03512067606329207,0.0035976531145643395,-0.9914309207530176,classic,0,0,0,none,0,0,0,0.4216375070165583,0.03512067606329207,0.041872060048557216,0
sensor,1768475621137,2188.860606192839,0,0.0594940185546875,-0.2322845458984375,-0.9924163818359375,0.0594940185546875,-0.2322845458984375,-0.9924163818359375,-0.0070078419521451,-0.026071548461914062,0.013424462638795376,10.0148522,9.9911858,2.934792896511844,296.48650724391723,1002.9225082295015,3.47870068226533,,0,0.08,0.7160000000000001,0.10050251256281406,0,0.03524658285667385,-0.005327575482757145,-0.9918795940597317,classic,0,0,0,none,0,0,0,2.4884001416999197,0.03524658285667385,0.22939617077425192,0
sensor,1768475623129,2193.0706772186245,0,0.0675201416015625,0.0493621826171875,-1.0085296630859375,0.0675201416015625,0.0493621826171875,-1.0085296630859375,-0.005535380449146032,-0.035357724875211716,-0.007692806888371706,10.0148648,9.9911496,2.913351063076398,290.7764954587058,1003.1230303840712,3.5438629033300653,,0,0,0.558,0,0.25,0.033719431121997545,0.005526691685298369,-0.9911645075416946,classic,0,0,0,none,0,0,0,0.7263907314865782,0.033719431121997545,0.0583052047663391,0
sensor,1768475625121,2198.7175901414453,0,-0.0612945556640625,0.0161285400390625,-1.0171966552734375,-0.0612945556640625,0.0161285400390625,-1.0171966552734375,0.0037521275226026773,-0.013638047501444817,-0.00881825853139162,10.0148866,9.9911030,2.886765506616136,299.7451580740633,1004.0106068225577,3.5605098932102828,,0,0.597,0.20000000000000007,0.7490589711417817,0,0.03317013388350669,0.00367317663089023,-0.9920329329377962,classic,0,0,0,none,0,0,0,0.7456521003572267,0.03317013388350669,0.0990443290523485,0
sensor,1768475627113,2203.8323372163513,0,0.0341949462890625,0.0617218017578125,-0.9731903076171875,0.0341949462890625,0.0617218017578125,-0.9731903076171875,0.011897405609488487,0.006068279035389423,0.0021025657188147306,10.0149033,9.9910595,2.8537359862834237,296.5879530740428,1003.7069628993049,3.549075474136929,,0,0.279,0.438,0.3891213389121339,0.08,0.035061425554741,-0.004697982152370422,-0.9931360871918009,classic,0,0,0,none,0,0,0,0.955182704360123,0.035061425554741,0.06970392752940636,0
sensor,1768475629114,2209.1419555436205,0,0.1451873779296875,-0.018035888671875,-0.9556121826171875,0.1451873779296875,-0.018035888671875,-0.9556121826171875,-0.015724368393421173,0.035600870847702026,-0.006362291984260082,10.0149241,9.9910158,2.820837581034448,298.11409900301743,1003.3822131454945,3.5551488278431402,,0,0.12,0.517,0.18838304552590265,0.159,0.039021036088198305,0.006003774415289261,-0.9908860790190284,classic,0,0,0,none,0,0,0,0.6104948979463883,0.039021036088198305,0.11500160154575256,0
sensor,1768475631138,2213.965102301937,0,0.0727691650390625,0.0162506103515625,-0.962890625,0.0727691650390625,0.0162506103515625,-0.962890625,0.010952516458928585,-0.026186862960457802,0.010975685901939869,10.0149473,9.9909786,2.7704414802928135,298.91517314987277,1003.400414175354,3.5660859793952255,,0,0.08,0.677,0.10568031704095113,0.04,0.04115928112309867,0.00399504038703167,-0.9928147210377029,classic,0,0,0,none,0,0,0,0.9718058494290861,0.04115928112309867,0.045447090383239075,0
sensor,1768475633130,2219.41396653113,0,0.100555419921875,0.08856201171875,-0.9595184326171875,0.100555419921875,0.08856201171875,-0.9595184326171875,-0.009957026690244675,-0.10735815018415451,0.010608169250190258,10.0149672,9.9909331,2.737054469112684,296.2808718754382,1003.7028027083725,3.4858515181501617,,0,0.079,0.678,0.10435931307793923,0.04,0.04713714206735936,-0.004324877885339191,-0.9930683291572432,classic,0,0,0,none,0,0,0,0.6715996190676118,0.04713714206735936,0.11284549137527428,0
sensor,1768475635122,2224.270672088617,0,0.0093536376953125,-0.21923828125,-0.98602294921875,0.0093536376953125,-0.21923828125,-0.98602294921875,-0.027872378006577492,-0.13148638606071472,0.00159443449229002,10.0149882,9.9908943,2.708184181872137,293.2824194043824,1003.6828435407951,3.541206018567906,,0,0.119,0.678,0.14930991217063988,0,0.047157218613656626,0.0039186213923954084,-0.9927235076972681,classic,0,0,0,none,0,0,0,1.1720018212376404,0.047157218613656626,0.2275733130197592,0
sensor,1768475637114,2229.01893612686,0,0.0477142333984375,0.0342864990234375,-0.9591217041015625,0.0477142333984375,0.0342864990234375,-0.9591217041015625,-0.0026288062799721956,-0.0014080132823437452,-0.0008524778531864285,10.0150139,9.9908597,2.6673061548544723,298.83772050476773,1003.5421472033486,3.6003178698944898,,0,0,0.757,0,0.039,0.03931635591856014,0.005643664666861197,-0.9915238386462747,classic,0,0,0,none,0,0,0,0.30493140999105767,0.03931635591856014,0.044276286142890676,0
sensor,1768475638110,2232.056716750445,0,-0.0171051025390625,-0.233856201171875,-1.0148162841796875,-0.0171051025390625,-0.233856201171875,-1.0148162841796875,-0.0013701963471248746,-0.22079576551914215,-0.0009419600828550756,10.0150259,9.9908347,2.6462599284340014,298.8115911605852,1003.3842562381178,3.6369693652756783,,0,0.518,0.279,0.6499372647427855,0,0.03897840741343307,0.001022251449069867,-0.9918660542405089,classic,0,0,0,none,0,0,0,1.7048953365643982,0.03897840741343307,0.24378843872702508,0
sensor,1768475640107,2236.4957443517956,0,0.056610107421875,0.03271484375,-0.98150634765625,0.056610107421875,0.03271484375,-0.98150634765625,0.00381417921744287,0.036849625408649445,0.0016538230702280998,10.0150441,9.9907987,2.611010545989623,296.6217167582877,1003.5172625342384,3.635331472047792,,0,0.239,0.558,0.29987452948557086,0,0.03848226362405313,0.006008154166531192,-0.9912124931904838,classic,0,0,0,none,0,0,0,0.29585240042710087,0.03848226362405313,0.03387509085087094,0
sensor,1768475641104,2240.0679617718947,0,0.09283447265625,-0.24371337890625,-0.9553070068359375,0.09283447265625,-0.24371337890625,-0.9553070068359375,0.0033838124945759773,0.05979409068822861,0.008259261026978493,10.0150627,9.9907721,2.602638635286272,299.22008375756707,1003.3513712957501,3.69394256227553,,0,0.318,0.399,0.44351464435146437,0.08,0.03784088367893221,-0.005297261366831836,-0.9905475682393653,classic,0,0,0,none,0,0,0,2.6620387337602414,0.03784088367893221,0.2484434248462092,0
sensor,1768475643130,2245.235878976301,0,0.0865936279296875,0.0162811279296875,-0.988372802734375,0.0865936279296875,0.0162811279296875,-0.988372802734375,0.01865437813103199,0.021705562248826027,0.008141282945871353,10.0150860,9.9907312,2.5946925721565264,300.38826412879047,1004.0243673948571,3.8025231210700694,,0,0.159,0.439,0.26588628762541805,0.199,0.03950518808432254,0.006901385381353647,-0.9895007403798988,classic,0,0,0,none,0,0,0,0.4839805189509501,0.03950518808432254,0.04826813507889143,0
sensor,1768475645122,2250.360856311334,0,0.042083740234375,0.00311279296875,-0.9619598388671875,0.042083740234375,0.00311279296875,-0.9619598388671875,0.016081232577562332,-0.17813484370708466,0.0222706850618124,10.0151041,9.9906882,2.5905105694802146,295.7991809453376,1003.93590883445,3.81476822932749,,0,0.478,0.15900000000000006,0.7503924646781789,0.159,0.04014910137774075,0.004015611201323002,-0.9907222021740023,classic,0,0,0,none,0,0,0,0.6838652944743246,0.04014910137774075,0.02898642046997521,0
sensor,1768475647114,2255.708939730399,0,0.0147247314453125,0.036102294921875,-1.0281829833984375,0.0147247314453125,0.036102294921875,-1.0281829833984375,0.02238333597779274,0.08014410734176636,0.013293967582285404,10.0151278,9.9906457,2.595370316840755,300.2416976499206,1003.8984889602289,3.8596404264296917,,0,0.159,0.598,0.21003963011889035,0.04,0.04196679569786422,-0.006072796335699199,-0.9897991371082452,classic,0,0,0,none,0,0,0,1.0139832601911958,0.04196679569786422,0.06351717482336539,0
sensor,1768475649107,2260.511282810579,0,0.079254150390625,-0.007843017578125,-0.9581298828125,0.079254150390625,-0.007843017578125,-0.9581298828125,0.005819805897772312,0.037942055612802505,-0.0054914383217692375,10.0151515,9.9906091,2.598005159389914,297.80830976634104,1003.2115812618285,3.9176836668737707,,0,0.319,0.48700000000000004,0.39578163771712155,0,0.04232311531776489,0.005178463336455227,-0.9887030528552301,classic,0,0,0,none,0,0,0,0.49064114418982796,0.04232311531776489,0.049930423480408145,0
sensor,1768475650106,2263.704045174765,0,0.04071044921875,0.0709991455078125,-1.015594482421875,0.04071044921875,0.0709991455078125,-1.015594482421875,-0.00509862182661891,0.03490924835205078,0.023925572633743286,10.0151632,9.9905824,2.6143631990012706,297.1061444296947,1003.4579735640436,3.891000133558611,,0,0.079,0.7170000000000001,0.0992462311557789,0,0.041283944069661946,-0.006037120498450155,-0.9891210554059991,classic,0,0,0,none,0,0,0,0.7722181043620432,0.041283944069661946,0.0818695065955316,0
sensor,1768475652135,2268.4773386513343,0,0.0469818115234375,-0.0030670166015625,-0.967071533203125,0.0469818115234375,-0.0030670166015625,-0.967071533203125,-0.015273761004209518,-0.049490854144096375,0.00941853504627943,10.0151854,9.9905451,2.62125627979861,296.8740247880355,1003.1371128931642,3.949364656985569,,0,0.199,0.5180000000000001,0.2775453277545328,0.08,0.04525323787567524,0.004499838940478227,-0.9904127305725506,classic,0,0,0,none,0,0,0,0.48034251031859204,0.04525323787567524,0.0247215091695296,0
sensor,1768475654127,2273.3297112142127,0,0.070953369140625,0.0107879638671875,-0.9758148193359375,0.070953369140625,0.0107879638671875,-0.9758148193359375,-0.023623570799827576,0.10971477627754211,-0.014330736361443996,10.0152008,9.9905036,2.608687031738749,294.80780801492745,1003.393928851001,3.9311315726507856,,0,0.243,0.47800000000000004,0.3370319001386962,0.08,0.05100143928342642,0.0025855930178098683,-0.9900267728432169,classic,0,0,0,none,0,0,0,0.4875606619243645,0.05100143928342642,0.025962699808364034,0
sensor,1768475655123,2276.490101104605,0,0.1048431396484375,-0.037353515625,-0.99896240234375,0.1048431396484375,-0.037353515625,-0.99896240234375,-0.016996560618281364,0.012957876548171043,-0.00028336033574305475,10.0152155,9.9904790,2.5990420683852995,294.8627741681352,1003.4861070755869,3.909017720452489,,0,0.119,0.558,0.17577548005908417,0.12,0.05159761987239035,0.0036407113299713975,-0.9902241228383399,classic,0,0,0,none,0,0,0,0.4793955096300331,0.05159761987239035,0.06810459567602575,0
sensor,1768475656119,2279.5879616230723,0,0.072265625,0.103912353515625,-0.9803466796875,0.072265625,0.103912353515625,-0.9803466796875,-0.003221892286092043,-0.013017531484365463,-0.0070222229696810246,10.0152251,9.9904524,2.600195422550567,295.7904803190968,1003.5825278963894,3.852471313361648,,0,0.156,0.597,0.20717131474103587,0.043,0.04947537157405002,-0.004680326660191404,-0.9907301557349717,classic,0,0,0,none,0,0,0,0.7488713152264738,0.04947537157405002,0.11200319618417329,0
sensor,1768475658111,2283.729159019086,0,0.0447235107421875,-0.0442962646484375,-0.957366943359375,0.0447235107421875,-0.0442962646484375,-0.957366943359375,-0.0110443951562047,-0.03749065101146698,-0.008562861941754818,10.0152449,9.9904204,2.6018970527500205,300.10893049992416,1003.230818904005,3.8579225943985946,,0,0.12,0.558,0.17699115044247785,0.119,0.050723943556634496,0.0031810920561032817,-0.9896334099086357,classic,0,0,0,none,0,0,0,0.558666356777163,0.050723943556634496,0.05800683813184653,0
sensor,1768475660107,2288.5669855957212,0,0.0663604736328125,0.0216827392578125,-0.9739990234375,0.0663604736328125,0.0216827392578125,-0.9739990234375,0.0006117281154729426,0.04194718226790428,0.003933222498744726,10.0152731,9.9903868,2.5943409572549827,303.5625782021174,1003.4119884381071,3.891975611617886,,0,0.08,0.6370000000000001,0.1115760111576011,0.08,0.04827041961155487,0.002556537096587358,-0.9904301165360931,classic,0,0,0,none,0,0,0,0.45482958323779044,0.04827041961155487,0.031188870155780025,0
sensor,1768475661100,2292.1466466556058,0,-0.043853759765625,-0.1750030517578125,-0.986175537109375,-0.043853759765625,-0.1750030517578125,-0.986175537109375,-0.009250489994883537,0.0428534559905529,0.003606186481192708,10.0152847,9.9903562,2.6023163688231903,297.81742580133385,1002.8174064261839,3.895096044435456,,0,0.12,0.676,0.1507537688442211,0,0.043694027455697886,0.002208548891054522,-0.9907741597968494,classic,0,0,0,none,0,0,0,1.0584689573130766,0.043694027455697886,0.19870471135988077,0
sensor,1768475663131,2297.057414625441,0,0.05010986328125,0.0118865966796875,-0.9806976318359375,0.05010986328125,0.0118865966796875,-0.9806976318359375,0.002567820018157363,0.020915135741233826,0.0017832526937127113,10.0153034,9.9903156,2.5938608708226165,299.2697035207542,1003.2405061181635,3.8738093258863917,,0,0.279,0.438,0.3891213389121339,0.08,0.03769325874653118,0.005057742766629991,-0.9893888999943065,classic,0,0,0,none,0,0,0,0.26448419037594295,0.03769325874653118,0.01670711691164168,0
sensor,1768475665123,2302.1592158133085,0,0.0923614501953125,0.1841888427734375,-0.985992431640625,0.0923614501953125,0.1841888427734375,-0.985992431640625,0.007752461824566126,-0.053553506731987,0.017076455056667328,10.0153257,9.9902749,2.5793444444950215,301.32203185290007,1003.3875624909997,3.742009419491988,,0,0.12,0.637,0.15852047556142668,0.04,0.043801660098792286,-0.00030276503022630896,-0.9893237491729475,classic,0,0,0,none,0,0,0,1.2183345335019742,0.043801660098792286,0.19176317705319146,0
sensor,1768475667116,2307.7539833146334,0,-0.0818634033203125,-0.27801513671875,-0.8966064453125,-0.0818634033203125,-0.27801513671875,-0.8966064453125,0.020978517830371857,-0.08389889448881149,-0.006710633169859648,10.0153492,9.9902297,2.572429289785614,300.7936858103596,1003.3146024690941,3.7385946882507914,,0,0.119,0.47800000000000004,0.19932998324958123,0.2,0.03884095429215634,-0.005250719751169048,-0.9913829558800579,classic,0,0,0,none,0,0,0,2.3906500370970387,0.03884095429215634,0.31454646294665956,0
sensor,1768475669109,2312.695118423173,0,0.0253448486328125,0.0800628662109375,-0.99267578125,0.0253448486328125,0.0800628662109375,-0.99267578125,-0.0009773800848051906,-0.06064337491989136,-0.0008186557097360492,10.0153677,9.9901887,2.554341687163419,292.48901714315707,1002.5873129554093,3.757959166680833,,0,0.12,0.5990000000000001,0.16689847009735742,0.079,0.03767238404686437,0.0037290074599913374,-0.9915239747919985,classic,0,0,0,none,0,0,0,0.4591165890151415,0.03767238404686437,0.07772004778330688,0
sensor,1768475670106,2315.8020069133536,0,-0.0076751708984375,-0.2184906005859375,-0.9895782470703125,-0.0076751708984375,-0.2184906005859375,-0.9895782470703125,0.06498032808303833,0.17317578196525574,0.004289287142455578,10.0153858,9.9901671,2.5508092204141777,301.7020352333742,1002.4429450202733,3.7533087367632705,,0,0,0.757,0,0.04,0.03130056403079977,-0.00801856192169028,-0.9924534690990074,classic,0,0,0,none,0,0,0,2.6325167008475865,0.03130056403079977,0.21514546801932674,0
sensor,1768475672136,2319.798818076209,0,0.041778564453125,0.0747528076171875,-1.03521728515625,0.041778564453125,0.0747528076171875,-1.03521728515625,-0.0234089195728302,-0.1041993722319603,0.0005440838285721838,10.0154062,9.9901371,2.525871132233993,298.8957219630287,1002.5601157071069,3.7234509735799772,,0,0,0.797,0,0,0.03324229434417779,0.004316907050818824,-0.9917411471724641,classic,0,0,0,none,0,0,0,0.5809864579949443,0.03324229434417779,0.0836302813515771,0
sensor,1768475674128,2325.131677158258,0,-0.058258056640625,-0.182861328125,-0.939697265625,-0.058258056640625,-0.182861328125,-0.939697265625,0.007459514308720827,-0.16466990113258362,0.012585033662617207,10.0154350,9.9900981,2.4998140613382316,300.9735655988683,1003.6926361685619,3.7460488412382364,,0,0.16,0.598,0.21108179419525067,0.039,0.03228085842704754,0.0011772794805657598,-0.9917233859053209,classic,0,0,0,none,0,0,0,0.9847085226858963,0.03228085842704754,0.21266251251961363,0
sensor,1768475676120,2330.8749186990076,0,-0.0474700927734375,0.036224365234375,-0.98052978515625,-0.0474700927734375,0.036224365234375,-0.98052978515625,0.02359933592379093,0.03347193822264671,0.01601438596844673,10.0154656,9.9900559,2.5005217588143873,301.75924784964155,1003.1877073515207,3.7249128159754803,,0,0.04,0.717,0.052840158520475564,0.04,0.031631435571934555,-0.010079695421229344,-0.9919552996882592,classic,0,0,0,none,0,0,0,1.4907243138424182,0.031631435571934555,0.09283114224914647,0
sensor,1768475678112,2335.5763803156556,0,0.0181732177734375,0.0511474609375,-1.00396728515625,0.0181732177734375,0.0511474609375,-1.00396728515625,-0.023970313370227814,-0.07401803135871887,-0.0028216191567480564,10.0154933,9.9900235,2.49817025122803,305.6745435082842,1002.767557926476,3.794788511099292,,0,0.079,0.558,0.12401883830455258,0.16,0.033556980104081736,0.004102901415836823,-0.9923088782422347,classic,0,0,0,none,0,0,0,0.5562192827296374,0.033556980104081736,0.0511059888982294,0
sensor,1768475680144,2340.85688312538,0,-0.0095977783203125,0.009521484375,-0.9844512939453125,-0.0095977783203125,0.009521484375,-0.9844512939453125,0.004619519226253033,0.049138784408569336,0.004217648413032293,10.0155125,9.9899794,2.4943350526620702,301.1743009480806,1003.0526698678732,3.9263065982709757,,0,0.08,0.672,0.10638297872340426,0.04,0.026605391147393718,0.0026784964466945236,-0.9922882759515261,classic,0,0,0,none,0,0,0,0.7919987417764746,0.026605391147393718,0.037857767039928165,0
sensor,1768475682136,2346.246676956926,0,0.0434417724609375,0.08038330078125,-0.972076416015625,0.0434417724609375,0.08038330078125,-0.972076416015625,0.0019206717843189836,0.05842043459415436,0.004878378473222256,10.0155342,9.9899354,2.499089867247753,301.77550063662693,1002.9656495079398,3.8466606057628767,,0,0.159,0.638,0.19949811794228356,0,0.023801910702196363,-0.005422525497293117,-0.9922228293270119,classic,0,0,0,none,0,0,0,0.9557369360056782,0.023801910702196363,0.0907546145002488,0
sensor,1768475684128,2350.879009375657,0,0.010528564453125,-0.0875244140625,-0.9877166748046875,0.010528564453125,-0.0875244140625,-0.9877166748046875,-0.026451846584677696,0.001472461735829711,-0.013336045667529106,10.0155553,9.9898989,2.5029453970751203,300.3702411928271,1002.7370934821665,3.893723582001686,,0,0.358,0.31800000000000006,0.529585798816568,0.12,0.027126113691020116,0.004259656553668315,-0.9931616423078852,classic,0,0,0,none,0,0,0,0.6952529297405272,0.027126113691020116,0.09390098748312395,0
sensor,1768475686121,2355.8707856770566,0,0.0663299560546875,0.0290985107421875,-0.9850006103515625,0.0663299560546875,0.0290985107421875,-0.9850006103515625,-0.011743474751710892,0.00015180018090177327,0.005799832288175821,10.0155779,9.9898595,2.5022408725345504,300.99518682091826,1002.8606461957097,3.9313527928082004,,0,0,0.797,0,0,0.03094842508428079,0.003816399675481281,-0.9927792197653972,classic,0,0,0,none,0,0,0,0.4267834248114617,0.03094842508428079,0.044398281862587936,0
sensor,1768475688113,2361.7937762161514,0,0.096221923828125,0.1614837646484375,-0.9803924560546875,0.096221923828125,0.1614837646484375,-0.9803924560546875,0.03250361606478691,0.055445946753025055,0.027470240369439125,10.0156044,9.9898126,2.5083751130000302,297.79931520770657,1002.6370259262621,3.8557315722397436,,0,0.159,0.598,0.21003963011889035,0.04,0.030068068341983376,-0.0012573210768977525,-0.9939621757195547,classic,0,0,0,none,0,0,0,1.06900527089948,0.030068068341983376,0.1770816935321459,0
sensor,1768475690113,2367.1981807471693,0,-0.0093994140625,-0.2191314697265625,-1.0189971923828125,-0.0093994140625,-0.2191314697265625,-1.0189971923828125,-0.03129667043685913,-0.05976639315485954,0.0028037759475409985,10.0156278,9.9897693,2.5225400147375328,299.11221608572527,1002.2154370779172,3.7867774061470887,,0,0.199,0.4780000000000001,0.29394387001477107,0.12,0.030845446546148094,0.0006572103282157641,-0.9942570580694784,classic,0,0,0,none,0,0,0,1.345599980811039,0.030845446546148094,0.22593802388727743,0
sensor,1768475692137,2371.8466196029854,0,0.0605926513671875,0.0081024169921875,-0.9995880126953125,0.0605926513671875,0.0081024169921875,-0.9995880126953125,0.002441585995256901,0.05372181907296181,0.004920722916722298,10.0156494,9.9897330,2.5406585047249175,302.1433496077067,1002.1228164620697,3.7146166105211846,,0,0.08,0.7160000000000001,0.10050251256281406,0,0.028660349583724008,0.004086595187607055,-0.993397582253409,classic,0,0,0,none,0,0,0,0.3556323003316037,0.028660349583724008,0.03293846462679739,0
sensor,1768475694129,2376.806901862919,0,0.088043212890625,0.1869354248046875,-0.97772216796875,0.088043212890625,0.1869354248046875,-0.97772216796875,0.006268814671784639,-0.06976017355918884,0.0038802255876362324,10.0156759,9.9896966,2.550694366459026,297.04372211444064,1002.0918964548036,3.8008548265187816,,0,0.159,0.638,0.19949811794228356,0,0.026765151760008134,0.0007176462459694405,-0.9928506929261983,classic,0,0,0,none,0,0,0,1.1431205138097305,0.026765151760008134,0.19761189857312444,0
sensor,1768475696121,2381.964319746685,0,-0.087890625,-0.300811767578125,-0.964874267578125,-0.087890625,-0.300811767578125,-0.964874267578125,0.030818099156022072,0.05516711622476578,-0.011593272909522057,10.0156947,9.9896535,2.5415262499540607,297.1638815295767,1002.6199153903872,3.803532119417615,,0,0.159,0.638,0.19949811794228356,0,0.02448552373577463,-0.0014935789935573442,-0.9925216755556799,classic,0,0,0,none,0,0,0,2.053636326269834,0.02448552373577463,0.3225240660440012,0
sensor,1768475697117,2385.534769372324,0,0.0472259521484375,0.1398468017578125,-1.0041656494140625,0.0472259521484375,0.1398468017578125,-1.0041656494140625,0.007138070650398731,-0.023729031905531883,0.014753912575542927,10.0157105,9.9896251,2.5687831407631285,297.93041988193096,1001.9747763341293,3.8295221853711117,,0,0.12,0.677,0.15056461731493098,0,0.02943266552457544,0.0024935052434681268,-0.9917615114604342,classic,0,0,0,none,0,0,0,1.488506394562904,0.02943266552457544,0.1397541256152502,0
sensor,1768475699116,2390.132725931726,0,-0.0025634765625,-0.3104705810546875,-0.9827880859375,-0.0025634765625,-0.3104705810546875,-0.9827880859375,0.003215500619262457,0.06902274489402771,-0.009021990932524204,10.0157288,9.9895875,2.5856919244690957,298.69006652134215,1002.2930150534958,3.7880064018328423,,0,0.148,0.478,0.2364217252396166,0.171,0.03171439546230604,-0.004614871867411662,-0.9893533493238543,classic,0,0,0,none,0,0,0,2.4052439397372916,0.03171439546230604,0.30938746427703573,0
sensor,1768475701142,2393.582350439858,0,0.0428924560546875,0.014556884765625,-0.989776611328125,0.0428924560546875,0.014556884765625,-0.989776611328125,-0.004580370616167784,-0.013188506476581097,-0.008695486932992935,10.0157453,9.9895608,2.545630844944055,298.8678995056863,1003.5129555631429,3.7928823644324114,,0,0.151,0.606,0.19947159841479523,0.04,0.03687253872629024,0.0035881041236991663,-0.9898591986688061,classic,0,0,0,none,0,0,0,0.5416540948613803,0.03687253872629024,0.012575285230224992,0
sensor,1768475702098,2397.9313166144893,0,0.0547332763671875,-0.268402099609375,-1.012115478515625,0.0547332763671875,-0.268402099609375,-1.012115478515625,0.013789582066237926,-0.07305343449115753,0.021088240668177605,10.0157640,9.9895259,2.5357969286986872,299.3256601899516,1003.2425097543746,3.7849955948033833,,0,0.12,0.677,0.15056461731493098,0,0.0365522157475887,-0.00441988880351769,-0.9898915608619989,classic,0,0,0,none,0,0,0,2.2719743658231937,0.0365522157475887,0.2668735571781096,0
sensor,1768475703134,2401.2753087832343,0,0.0137786865234375,0.0549163818359375,-0.99749755859375,0.0137786865234375,0.0549163818359375,-0.99749755859375,0.005832589231431484,0.030055103823542595,0.002416286151856184,10.0157745,9.9894973,2.5723121370524376,293.9550624592091,1004.0630606235936,3.731742126326338,,0,0.12,0.677,0.15056461731493098,0,0.03471296349666069,0.0030835612927391878,-0.9900891320141816,classic,0,0,0,none,0,0,0,1.3268009883874565,0.03471296349666069,0.05667281363313198,0
sensor,1768475706122,2407.3238859539874,0,0.0171356201171875,0.061614990234375,-0.989593505859375,0.0171356201171875,0.061614990234375,-0.989593505859375,0.007355917245149612,0.007439007982611656,0.0032144354190677404,10.0158090,9.9894546,2.592414270524469,298.7960861144631,1003.9727172367275,3.6729983853635613,,0,0.12,0.637,0.15852047556142668,0.04,0.03505874538239481,0.0024238516748443526,-0.9897105283013407,classic,0,0,0,none,0,0,0,1.25842659490984,0.03505874538239481,0.062156095559034695,0
sensor,1768475708114,2412.5937728054055,0,-0.0243682861328125,-0.25408935546875,-0.9705657958984375,-0.0243682861328125,-0.25408935546875,-0.9705657958984375,-0.007178284227848053,-0.14712660014629364,0.00180881901178509,10.0158350,9.9894144,2.621318114892045,301.01149158525965,1003.8220614893362,3.632381723390278,,0,0.079,0.678,0.10435931307793923,0.04,0.03301052523931214,-0.0034492840665679265,-0.9894115596420384,classic,0,0,0,none,0,0,0,2.116233587367151,0.03301052523931214,0.2591093091692727,0
sensor,1768475710114,2417.271926344577,0,0.043182373046875,0.055694580078125,-1.0283203125,0.043182373046875,0.055694580078125,-1.0283203125,0.008278968743979931,0.04086301103234291,0.0021856562234461308,10.0158604,9.9893804,2.614380147007545,296.46988958665713,1003.3569622160867,3.673223055862737,,0,0,0.757,0,0.048,0.0345744517295963,0.003820393112814281,-0.9884198973300143,classic,0,0,0,none,0,0,0,0.3843071549224263,0.0345744517295963,0.06633981001725221,0
sensor,1768475711105,2420.757508617834,0,-0.1087188720703125,-0.226531982421875,-0.986541748046875,-0.1087188720703125,-0.226531982421875,-0.986541748046875,0.030186131596565247,-0.20835506916046143,0.011607919819653034,10.0158757,9.9893526,2.6230618831409633,300.0734010703573,1003.1815342400223,3.663504781299115,,0,0.079,0.7180000000000001,0.09912170639899623,0,0.036998150977864214,-0.004481274198261553,-0.9889980335626396,classic,0,0,0,none,0,0,0,2.2239803769950948,0.036998150977864214,0.26693967038211586,0
sensor,1768475713134,2424.508759218608,0,0.0767669677734375,0.0108489990234375,-1.0129547119140625,0.0767669677734375,0.0108489990234375,-1.0129547119140625,0.002124669961631298,0.03921957314014435,0.001469798618927598,10.0158921,9.9893227,2.603280876364501,303.41470641907085,1003.3750746883452,3.7186580860142695,,0,0.08,0.677,0.10568031704095113,0.04,0.039920568832256705,0.004127066639467085,-0.9901177768740055,classic,0,0,0,none,0,0,0,0.30397947107404527,0.039920568832256705,0.04408804893183412,0
sensor,1768475715126,2429.9434516528127,0,0.0712890625,0.147308349609375,-0.99432373046875,0.0712890625,0.147308349609375,-0.99432373046875,0.014856710098683834,0.03457768261432648,-0.0002668487431947142,10.0159195,9.9892815,2.5876906782427707,300.6199481423938,1002.9503902932629,3.7059327169425016,,0,0.079,0.5980000000000001,0.11669128508124076,0.12,0.03382573266527402,0.0022598782983284976,-0.9907763934021606,classic,0,0,0,none,0,0,0,1.1874093607654153,0.03382573266527402,0.15060342155246492,0
sensor,1768475717118,2435.1809678939185,0,0.0239715576171875,-0.254730224609375,-0.8900299072265625,0.0239715576171875,-0.254730224609375,-0.8900299072265625,-0.012687832117080688,-0.21933208405971527,0.006667490117251873,10.0159395,9.9892383,2.5733932870077516,301.2078062956981,1002.7866792390123,3.650999424386896,,0,0,0.757,0,0.04,0.03174300026666096,-0.0029107279213798787,-0.9903757241010981,classic,0,0,0,none,0,0,0,2.26262132241244,0.03174300026666096,0.27255039401385245,0
sensor,1768475718115,2438.1821786609707,0,0.06646728515625,0.1357269287109375,-0.97216796875,0.06646728515625,0.1357269287109375,-0.97216796875,0.008352206088602543,0.004954811185598373,-0.009918676689267159,10.0159532,9.9892146,2.570199753783867,303.3266269210919,1002.9491237672046,3.675620565527861,,0,0.119,0.677,0.1494974874371859,0,0.030159120548383662,0.0035697427654962427,-0.9900499879433708,classic,0,0,0,none,0,0,0,1.466206575355117,0.030159120548383662,0.1389102203460018,0
sensor,1768475720107,2443.1011238149504,0,-0.038665771484375,-0.1302642822265625,-1.0109710693359375,-0.038665771484375,-0.1302642822265625,-1.0109710693359375,-0.03154540807008743,-0.2091606706380844,0.009572732262313366,10.0159762,9.9891762,2.5723558791461065,303.9872721528572,1002.920790371485,3.6034646366096337,,0,0.125,0.47800000000000004,0.20729684908789386,0.199,0.03146291214444631,-0.004547821803783142,-0.9885630262640289,classic,0,0,0,none,0,0,0,2.3335991936418115,0.03146291214444631,0.14641936836220182,0
sensor,1768475721114,2446.3759149621133,0,0.0641021728515625,0.09295654296875,-0.990234375,0.0641021728515625,0.09295654296875,-0.990234375,-0.011273160576820374,-0.06798651069402695,-0.003820570884272456,10.0159843,9.9891475,2.5912795303135128,292.66057145235004,1003.3201730605215,3.5486175187900417,,0,0.12,0.677,0.15056461731493098,0,0.031364732439401195,0.005189658560823771,-0.9878487414605998,classic,0,0,0,none,0,0,0,1.1150035600101493,0.031364732439401195,0.09417496894309738,0
sensor,1768475723135,2451.480112389787,0,0.06280517578125,0.0146331787109375,-1.01019287109375,0.06280517578125,0.0146331787109375,-1.01019287109375,-0.0030032468494027853,-0.09470093995332718,0.001520132296718657,10.0160165,9.9891142,2.6119920445629217,302.2563241098984,1003.5243099164218,3.464924450550156,,0,0.08,0.6380000000000001,0.11142061281337046,0.079,0.03523109609794869,-0.0056570863994558065,-0.98796504536323,classic,0,0,0,none,0,0,0,1.484094606602234,0.03523109609794869,0.04102301513603922,0
sensor,1768475724131,2454.6963469336915,0,0.0234222412109375,-0.0281982421875,-1.0348663330078125,0.0234222412109375,-0.0281982421875,-1.0348663330078125,0.01913880743086338,0.01335708424448967,0.002877545543015003,10.0160238,9.9890858,2.6524181476909092,288.69744370049534,1002.9610187541693,3.466849821861674,,0,0.24,0.517,0.31704095112285335,0.039,0.03598155503634018,0.0035924021169551103,-0.9886680546611338,classic,0,0,0,none,0,0,0,0.6667177999617508,0.03598155503634018,0.05775758249925038,0
sensor,1768475726123,2458.780178093342,0,0.055419921875,0.034637451171875,-0.997802734375,0.055419921875,0.034637451171875,-0.997802734375,0.014752847142517567,0.08567948639392853,-0.004805674310773611,10.0160514,9.9890612,2.6608442404373824,305.0746304354281,1003.0547504900023,3.4429634849234994,,0,0.101,0.6960000000000001,0.12672521957340024,0,0.0338924825953228,-0.005176535221332786,-0.9896824649394517,classic,0,0,0,none,0,0,0,0.6087007012776855,0.0338924825953228,0.046215017176187013,0
sensor,1768475728115,2463.504175241227,0,0.0858917236328125,-0.0293121337890625,-0.970489501953125,0.0858917236328125,-0.0293121337890625,-0.970489501953125,-0.02323688007891178,-0.10531763732433319,0.003192331176251173,10.0160778,9.9890275,2.656805966266528,305.6847974232486,1003.2923933984712,3.432300854162331,,0,0.12,0.47800000000000004,0.20066889632107018,0.199,0.039364274224160736,0.005543638242405579,-0.9902922101659669,classic,0,0,0,none,0,0,0,0.5378934488016153,0.039364274224160736,0.06172421882750881,0
sensor,1768475730108,2468.125918109317,0,0.1194000244140625,-0.001953125,-0.988922119140625,0.1194000244140625,-0.001953125,-0.988922119140625,0.009526127018034458,-0.06607755273580551,0.00504029868170619,10.0161067,9.9889971,2.6418561887164467,310.4575937221612,1002.913761173375,3.3991643484791316,,0,0.319,0.36100000000000004,0.46911764705882353,0.119,0.03838281015597273,0.004795646641473075,-0.9912017074690781,classic,0,0,0,none,0,0,0,0.5272834682230181,0.03838281015597273,0.08173846206134681,0
sensor,1768475732140,2473.0877019873333,0,0.0995941162109375,0.08209228515625,-0.948699951171875,0.0995941162109375,0.08209228515625,-0.948699951171875,-0.0027798074297606945,-0.13057266175746918,0.007784153334796429,10.0161333,9.9889607,2.6275892936003604,305.0374764669516,1002.9576915577054,3.485752379969679,,0,0.199,0.4080000000000001,0.3278418451400329,0.19,0.044038704913244485,-0.005059386221300865,-0.9917890601499139,classic,0,0,0,none,0,0,0,0.7825871197376832,0.044038704913244485,0.11253808441951904,0
sensor,1768475734132,2477.9404651295044,0,0.07342529296875,-0.1492767333984375,-1.05078125,0.07342529296875,-0.1492767333984375,-1.05078125,-0.014553110115230083,0.0025443839840590954,0.008637430146336555,10.0161592,9.9889250,2.613156376500021,306.9749785314396,1002.9923816146329,3.4691924830901666,,0,0.278,0.47800000000000004,0.36772486772486773,0.041,0.04349826351544851,0.0037169676264751984,-0.990719375195962,classic,0,0,0,none,0,0,0,0.8961592914013381,0.04349826351544851,0.16790276065961618,0
sensor,1768475736124,2483.514211261527,0,0.0471954345703125,0.0388946533203125,-0.9912261962890625,0.0471954345703125,0.0388946533203125,-0.9912261962890625,-0.0025092302821576595,0.019221898168325424,0.002606702037155628,10.0161832,9.9888804,2.565552818619519,304.69779703751317,1003.0693819047883,3.4113884031362662,,0,0.279,0.47800000000000004,0.368560105680317,0.04,0.041614316571318664,0.003214168734863827,-0.9924271348798533,classic,0,0,0,none,0,0,0,0.5026637056551394,0.041614316571318664,0.03631588600799973,0
sensor,1768475737120,2486.5627397219905,0,-0.0933837890625,-0.2465972900390625,-1.0175018310546875,-0.0933837890625,-0.2465972900390625,-1.0175018310546875,-0.036140959709882736,0.034865304827690125,-0.02329094149172306,10.0162004,9.9888587,2.527303661450573,306.585506795412,1003.1946345865726,3.3844478205345228,,0,0.08,0.7170000000000001,0.10037641154328733,0,0.03838338688524153,-0.004314381532178699,-0.9923164223635039,classic,0,0,0,none,0,0,0,2.3564683333123284,0.03838338688524153,0.27833553701896785,0
sensor,1768475738116,2490.704201726853,0,0.0627593994140625,0.151153564453125,-0.9733734130859375,0.0627593994140625,0.151153564453125,-0.9733734130859375,0.0007227819296531379,-0.09235735982656479,-0.013681191019713879,10.0162227,9.9888284,2.5642644371196104,306.15770712608554,1002.7425638297573,3.3862648189568256,,0,0.12,0.638,0.15831134564643798,0.039,0.03761210651846076,0.001560339580099946,-0.99143672404269,classic,0,0,0,none,0,0,0,1.440145118951386,0.03761210651846076,0.15353153583960924,0
sensor,1768475740112,2494.056949448783,0,-0.02972412109375,-0.215301513671875,-0.9947509765625,-0.02972412109375,-0.215301513671875,-0.9947509765625,0.03237977623939514,-0.15816514194011688,0.001761148450896144,10.0162418,9.9888047,2.576276612711555,306.896131361314,1003.5400091838092,3.3573663278049475,,0,0.239,0.518,0.3157199471598415,0.04,0.036229627091988084,-0.004571446522312698,-0.9927646167398436,classic,0,0,0,none,0,0,0,2.1296736211899123,0.036229627091988084,0.2219285816930538,0
sensor,1768475741109,2498.2131881096357,0,0.0739898681640625,0.1809539794921875,-0.97021484375,0.0739898681640625,0.1809539794921875,-0.97021484375,0.0031502533238381147,-0.030878286808729172,0.0014626081101596355,10.0162662,9.9887759,2.6726340810382996,309.03764928007445,1003.3616278842092,3.4304032476894806,,0,0.258,0.23900000000000005,0.5191146881287726,0.3,0.037855770589282293,0.0016711847168364973,-0.991873731537731,classic,0,0,0,none,0,0,0,1.4567179868262357,0.037855770589282293,0.18509141737870718,0
sensor,1768475742108,2502.5206746286767,0,0.124176025390625,0.0309906005859375,-0.9888916015625,0.124176025390625,0.0309906005859375,-0.9888916015625,-0.00022423815971706063,-0.0036842171102762222,-0.0016556872287765145,10.0162918,9.9887465,3.0502112230212677,310.294305830408,1003.2757542338222,3.430403253324324,,0,0.2,0.5920000000000001,0.25252525252525254,0,0.039090607849725484,0.005589726823685513,-0.9915403951760415,classic,0,0,0,none,0,0,0,0.5249799869354501,0.039090607849725484,0.08928192489625879,0
sensor,1768475744132,2505.809527232649,0,-0.002655029296875,-0.014984130859375,-0.989105224609375,-0.002655029296875,-0.014984130859375,-0.989105224609375,0.0026615632232278585,0.005547896958887577,0.009374060668051243,10.0163109,9.9887235,3.0587495729156458,308.67561838312577,1003.8396815396845,3.446441782506822,,0,0.16,0.558,0.2228412256267409,0.079,0.04014386661254563,0.0026605808461685034,-0.9915815150461297,classic,0,0,0,none,0,0,0,1.0911726673593332,0.04014386661254563,0.04659257196694788,0
sensor,1768475747121,2512.333911096325,0,0.067840576171875,0.0142364501953125,-1.0416717529296875,0.067840576171875,0.0142364501953125,-1.0416717529296875,0.00762835843488574,0.19221392273902893,0.000666322885081172,10.0163510,9.9886800,3.059297996733064,311.3824334615603,1002.7746994579211,3.4448833741916456,,0,0.119,0.638,0.1571994715984148,0.04,0.041302578146665915,0.003892345728191176,-0.9922679354497742,classic,0,0,0,none,0,0,0,0.7377178232471544,0.041302578146665915,0.05731290068242075,0
sensor,1768475749113,2517.744673516481,0,0.0131378173828125,0.0527191162109375,-0.984466552734375,0.0131378173828125,0.0527191162109375,-0.984466552734375,0.0020841897930949926,-0.025677932426333427,0.029158150777220726,10.0163796,9.9886400,3.0841681398153926,307.24535726363257,1003.4650527471676,3.4078044937693717,,0,0.12,0.649,0.15604681404421325,0.028,0.046073913325466814,-0.004568736878389763,-0.9910202490481416,classic,0,0,0,none,0,0,0,0.6956851630933338,0.046073913325466814,0.06673878002234448,0
sensor,1768475751114,2521.481834268588,0,0.032135009765625,-0.1232147216796875,-0.99432373046875,0.032135009765625,-0.1232147216796875,-0.99432373046875,-0.006032059900462627,0.04139484465122223,0.0010809770319610834,10.0163999,9.9886129,3.0481029807346003,306.6861687773253,1003.1850842628628,3.446251689526535,,0,0.2,0.6060000000000001,0.24813895781637718,0,0.04181047238048658,0.005831737769399161,-0.9903738829325053,classic,0,0,0,none,0,0,0,0.595385088874743,0.04181047238048658,0.1301195304846511,0
sensor,1768475752111,2525.580981605069,0,0.043426513671875,0.1122894287109375,-0.9842681884765625,0.043426513671875,0.1122894287109375,-0.9842681884765625,0.008810269646346569,-0.006217682268470526,-0.005775064695626497,10.0164202,9.9885816,3.0433399198964466,304.898673766406,1003.7147150784731,3.424810130180427,,0,0.08,0.677,0.10568031704095113,0.04,0.03698758751367068,-0.0008242074408206519,-0.9900426794679842,classic,0,0,0,none,0,0,0,0.9356792368925613,0.03698758751367068,0.1140138845904312,0
sensor,1768475754133,2529.89050592831,0,0.042266845703125,-0.347625732421875,-1.0654144287109375,0.042266845703125,-0.347625732421875,-1.0654144287109375,0.025377795100212097,0.09631801396608353,-0.017838651314377785,10.0164446,9.9885510,2.9964507722778566,307.18214246909304,1003.4491408318281,3.465362776753249,,0,0.358,0.35900000000000004,0.4993026499302649,0.08,0.03958127668690294,-0.0008142359116392148,-0.9937909323327652,classic,0,0,0,none,0,0,0,1.9688963635078183,0.03958127668690294,0.35591989884753666,0
sensor,1768475755129,2533.41017286149,0,-0.005218505859375,0.1245269775390625,-0.996734619140625,-0.005218505859375,0.1245269775390625,-0.996734619140625,0.0028162929229438305,-0.09317335486412048,0.005880525801330805,10.0164634,9.9885252,2.988954738261588,306.51536671952675,1003.4781431034207,3.438938080429389,,0,0.278,0.47900000000000004,0.3672391017173051,0.04,0.04077183830110743,0.0003871987242846112,-0.9926995424431636,classic,0,0,0,none,0,0,0,1.2000968691581546,0.04077183830110743,0.1331120713873751,0
sensor,1768475757121,2537.6282856657676,0,-0.093109130859375,-0.2012481689453125,-1.0115203857421875,-0.093109130859375,-0.2012481689453125,-1.0115203857421875,0.008971390314400196,-0.016204535961151123,0.004054130055010319,10.0164860,9.9884943,2.9668523650647876,306.6999699465901,1003.0934153739363,3.5031612275101045,,0,0.08,0.7170000000000001,0.10037641154328733,0,0.03197996009397606,-0.005039905516575566,-0.9926973379997959,classic,0,0,0,none,0,0,0,2.6606206836412807,0.03197996009397606,0.23462390758450144,0
sensor,1768475758117,2541.6848185149897,0,0.06439208984375,0.06109619140625,-0.9893035888671875,0.06439208984375,0.06109619140625,-0.9893035888671875,0.008671518415212631,0.011152786202728748,-0.011285144835710526,10.0165054,9.9884629,2.998873173886294,305.0629669801899,1002.9638496935368,3.5228848510410375,,0,0.16,0.597,0.21136063408190225,0.04,0.03244747201424412,0.00322446578888585,-0.9917816126859845,classic,0,0,0,none,0,0,0,1.3238589754015266,0.03244747201424412,0.06648175371051851,0
sensor,1768475760113,2545.074221150407,0,0.074798583984375,0.04534912109375,-0.9998626708984375,0.074798583984375,0.04534912109375,-0.9998626708984375,0.00517691858112812,0.0797872394323349,0.008794290944933891,10.0165236,9.9884381,2.995264730449554,306.57641447913977,1003.6694121947512,3.440565655619956,,0,0.119,0.637,0.1574074074074074,0.04,0.031217609516443163,-0.005236550336325656,-0.9923896061165219,classic,0,0,0,none,0,0,0,0.9813386583954711,0.031217609516443163,0.0675243629684419,0
sensor,1768475761106,2548.193629556566,0,-0.0110321044921875,0.0338592529296875,-1.00555419921875,-0.0110321044921875,0.0338592529296875,-1.00555419921875,0.010981012135744095,-0.0807582288980484,0.012466789223253727,10.0165414,9.9884160,2.996463162760125,307.25282636162075,1003.535721745342,3.4990034111673514,,0,0.12,0.677,0.15056461731493098,0,0.03240624639583262,0.004715181148901063,-0.9922827296830882,classic,0,0,0,none,0,0,0,0.5974346923602113,0.03240624639583262,0.054237837699130355,0
sensor,1768475763138,2553.5835913787046,0,0.0377197265625,0.0992889404296875,-0.9741058349609375,0.0377197265625,0.0992889404296875,-0.9741058349609375,-0.01522822119295597,-0.08285386860370636,0.03628024458885193,10.0165682,9.9883750,3.0066783033902045,305.1144152394318,1003.8235742663965,3.486773624236143,,0,0.319,0.35900000000000004,0.47050147492625366,0.119,0.03469281668735328,-0.002173273761763039,-0.9917008697146391,classic,0,0,0,none,0,0,0,0.7758296326788754,0.03469281668735328,0.10353870273025727,0
sensor,1768475765130,2557.5434053255894,0,0.1053314208984375,-0.2993011474609375,-1.023406982421875,0.1053314208984375,-0.2993011474609375,-1.023406982421875,0.024700552225112915,-0.020380638539791107,0.031729165464639664,10.0165887,9.9883455,2.9741957783039847,305.77969865218597,1003.2827083310112,3.491056078073677,,0,0.24,0.557,0.30112923462986196,0,0.034541531528709715,-0.0001605571249104832,-0.9920817029397341,classic,0,0,0,none,0,0,0,1.9482913092579546,0.034541531528709715,0.31054719280459364,0
sensor,1768475766126,2560.992808945135,0,0.0599517822265625,0.1520843505859375,-0.9790191650390625,0.0599517822265625,0.1520843505859375,-0.9790191650390625,0.002537992550060153,-0.12080178409814835,-0.01005130261182785,10.0166057,9.9883191,2.9624618090043757,304.17827218823277,1003.2222703266889,3.4728843034041437,,0,0.2,0.597,0.25094102885821834,0,0.03909418262844387,0.0007181211597439717,-0.9915585687804451,classic,0,0,0,none,0,0,0,1.225647552193421,0.03909418262844387,0.154080583656182,0
sensor,1768475768118,2565.22895200515,0,0.061798095703125,-0.1472625732421875,-1.0097198486328125,0.061798095703125,-0.1472625732421875,-1.0097198486328125,0.0449935719370842,0.22323255240917206,0.0022184131667017937,10.0166300,9.9882893,2.9290399856489593,306.3365035611061,1003.2156362580135,3.5549418921256093,,0,0.119,0.558,0.17577548005908417,0.12,0.03521940347573936,-0.007245882678377625,-0.9910084180763015,classic,0,0,0,none,0,0,0,2.204652989108845,0.03521940347573936,0.14446241836152943,0
sensor,1768475769114,2568.554375599244,0,0.0255279541015625,0.0963592529296875,-1.0040130615234375,0.0255279541015625,0.0963592529296875,-1.0040130615234375,0.00017017599020618945,-0.005363340023905039,-0.001439971150830388,10.0166486,9.9882655,2.936484283542154,306.90258434843656,1001.9805892780423,3.601088920091506,,0,0.159,0.638,0.19949811794228356,0,0.03770002402087109,0.0031546889913160047,-0.9911734119162674,classic,0,0,0,none,0,0,0,0.9635211737616298,0.03770002402087109,0.0953456198769184,0
sensor,1768475771110,2572.3863969596773,0,0.08111572265625,0.0390777587890625,-0.97711181640625,0.08111572265625,0.0390777587890625,-0.97711181640625,0.007791610434651375,-0.08792932331562042,0.017377125099301338,10.0166694,9.9882377,2.9219000685031746,306.78230590584116,1002.4960883697495,3.6120420618746043,,0,0.2,0.5170000000000001,0.2789400278940028,0.079,0.0388785588472119,-0.005822981748837878,-0.9921173860701525,classic,0,0,0,none,0,0,0,1.359813934338978,0.0388785588472119,0.06376345161292238,0
sensor,1768475772108,2575.663379425845,0,-0.035430908203125,-0.0090484619140625,-0.9905853271484375,-0.035430908203125,-0.0090484619140625,-0.9905853271484375,-0.014272146858274937,-0.0364602729678154,0.010008425451815128,10.0166881,9.9882146,2.9241943521289167,307.56333668232014,1002.5369917126372,3.5575744713663524,,0,0.08,0.43800000000000006,0.15444015444015444,0.279,0.03788750761153917,0.003712240627953603,-0.9920538175341163,classic,0,0,0,none,0,0,0,0.8497210157390077,0.03788750761153917,0.07480913208443761,0
sensor,1768475774134,2579.7909855798575,0,0.0536956787109375,0.0623321533203125,-0.964935302734375,0.0536956787109375,0.0623321533203125,-0.964935302734375,-0.014192517846822739,-0.14774870872497559,0.02581668272614479,10.0167099,9.9881841,2.9192126683482384,306.0575241993381,1002.4140803683549,3.57192640439952,,0,0.079,0.7180000000000001,0.09912170639899623,0,0.03943783891374441,-0.003891375712154292,-0.990735013748675,classic,0,0,0,none,0,0,0,0.6258169727766438,0.03943783891374441,0.07285196139571556,0
sensor,1768475776127,2584.502298238736,0,0.1117706298828125,-0.132965087890625,-0.9806671142578125,0.1117706298828125,-0.132965087890625,-0.9806671142578125,-0.019401127472519875,-0.00971308071166277,-0.007220362313091755,10.0167348,9.9881492,2.890197603008094,305.3056032797935,1002.48583135847,3.574862239101125,,0,0.119,0.678,0.14930991217063988,0,0.041073347644779525,0.0018653803816392818,-0.9899558497937958,classic,0,0,0,none,0,0,0,1.5844662392715603,0.041073347644779525,0.15329068592472453,0
sensor,1768475778119,2587.77019442164,0,0.0322113037109375,0.074188232421875,-1.01678466796875,0.0322113037109375,0.074188232421875,-1.01678466796875,0.013447898440063,-0.030973361805081367,0.004759867675602436,10.0167532,9.9881260,2.542265237431906,306.29749621628116,1002.3245624704286,3.5754455258796014,,0,0.239,0.35900000000000004,0.3996655518394648,0.199,0.041048102281949515,0.006948811235831822,-0.9924092437449202,classic,0,0,0,none,0,0,0,0.5158015814632468,0.041048102281949515,0.07242731594193998,0
sensor,1768475779115,2591.3297598833933,0,-0.009765625,-0.1965484619140625,-0.9882965087890625,-0.009765625,-0.1965484619140625,-0.9882965087890625,0.02948572114109993,0.08955465257167816,-0.004020574036985636,10.0167701,9.9880984,2.4999798962410487,304.05696876079236,1002.0230864528567,3.578223384067665,,0,0.08,0.518,0.13377926421404684,0.199,0.035235325008523354,-0.004843203229838538,-0.99327438838675,classic,0,0,0,none,0,0,0,2.639128624762067,0.035235325008523354,0.19796895788047075,0
sensor,1768475780111,2595.312229414006,0,0.031768798828125,-0.0102081298828125,-0.96575927734375,0.031768798828125,-0.0102081298828125,-0.96575927734375,-0.006738063879311085,-0.030068419873714447,-0.01962004043161869,10.0167907,9.9880686,2.5316110029335213,303.6424669625558,1002.3477722899988,3.5725977823387725,,0,0.199,0.5980000000000001,0.24968632371392718,0,0.03573711610083617,0.005429662798404701,-0.9923265077717782,classic,0,0,0,none,0,0,0,1.1136134703388876,0.03573711610083617,0.03123843525061267,0
sensor,1768475782104,2599.3576715203985,0,0.0347442626953125,0.1224212646484375,-0.989044189453125,0.0347442626953125,0.1224212646484375,-0.989044189453125,0.022895196452736855,0.17016027867794037,0.008638761937618256,10.0168133,9.9880396,2.5574600359623396,306.4582992329956,1002.7957160510123,3.6058201932169993,,0,0.08,0.5970000000000001,0.11816838995568685,0.119,0.0277128332623778,-0.005241459562017695,-0.9923564657732064,classic,0,0,0,none,0,0,0,1.6336721045381095,0.0277128332623778,0.12854182297861635,0
sensor,1768475783105,2602.843317126241,0,0.0863189697265625,0.0390625,-1.02532958984375,0.0863189697265625,0.0390625,-1.02532958984375,-0.006464557256549597,-0.08866702020168304,0.008726646192371845,10.0168332,9.9880150,2.6459276729176513,307.2297261322979,1002.2875420851633,3.631958026832279,,0,0.12,0.676,0.1507537688442211,0,0.029444715000891103,0.004940173578670123,-0.9919427186930273,classic,0,0,0,none,0,0,0,0.7758421522356461,0.029444715000891103,0.07462741084529731,0
sensor,1768475785131,2606.3956051355863,0,0.0478668212890625,0.04718017578125,-0.9871063232421875,0.0478668212890625,0.04718017578125,-0.9871063232421875,0.008857940323650837,0.022462697699666023,0.02033509872853756,10.0168521,9.9879889,2.6741683157886262,306.47648088212753,1002.7766462322325,3.560565115466433,,0,0.279,0.399,0.4115044247787611,0.119,0.02996664838326978,-0.004781375508385361,-0.9911387655952003,classic,0,0,0,none,0,0,0,0.8081522692054747,0.02996664838326978,0.05538299078785302,0
sensor,1768475787124,2610.867029312823,0,0.070953369140625,-0.0291900634765625,-0.9996337890625,0.070953369140625,-0.0291900634765625,-0.9996337890625,-0.027238812297582626,-0.054177217185497284,-0.0013371731620281935,10.0168754,9.9879556,2.6559558057997714,308.122897674588,1002.6672525946051,3.5422833265599896,,0,0.12,0.558,0.17699115044247785,0.119,0.03349748670383008,0.007293796147556054,-0.9907095803381113,classic,0,0,0,none,0,0,0,0.5665712967995253,0.03349748670383008,0.05331046473166083,0
sensor,1768475788120,2614.5851468574197,0,0.0495758056640625,0.0869903564453125,-0.963897705078125,0.0495758056640625,0.0869903564453125,-0.963897705078125,0.0032147017773240805,0.028367726132273674,0.027185548096895218,10.0168938,9.9879273,2.6672409594301225,305.32394595302804,1002.9989296253771,3.498792338843818,,0,0.081,0.676,0.10700132100396302,0.039,0.030619863747363144,-0.0015739694560786398,-0.9907836054086913,classic,0,0,0,none,0,0,0,0.7621964330328638,0.030619863747363144,0.0949513102186687,0
sensor,1768475790113,2618.5725929973805,0,0.0661163330078125,-0.1555023193359375,-0.9803314208984375,0.0661163330078125,-0.1555023193359375,-0.9803314208984375,0.0027923244051635265,-0.04363376274704933,0.005905293393880129,10.0169140,9.9878972,2.6450518831691388,306.0282418372628,1002.683890324086,3.5027638865523345,,0,0.08,0.5980000000000001,0.11799410029498525,0.119,0.03293660763626941,0.005506284769184871,-0.9900151025685324,classic,0,0,0,none,0,0,0,0.737839857920677,0.03293660763626941,0.1655042911053434,0
sensor,1768475791108,2622.2465398372183,0,0.0058441162109375,0.1145782470703125,-1.00262451171875,0.0058441162109375,0.1145782470703125,-1.00262451171875,-0.0018442390719428658,-0.05690695717930794,0.020376378670334816,10.0169316,9.9878688,2.6504237106813067,303.9785588502196,1002.7668822836131,3.490327519151804,,0,0.08,0.7170000000000001,0.10037641154328733,0,0.033167971508387635,-0.00025995838818087375,-0.989425624472587,classic,0,0,0,none,0,0,0,0.8930816856662648,0.033167971508387635,0.11937658288787785,0
sensor,1768475793109,2626.7036792187037,0,0.070526123046875,-0.3119964599609375,-1.05755615234375,0.070526123046875,-0.3119964599609375,-1.05755615234375,0.0382525809109211,0.008645419962704182,0.009814281016588211,10.0169546,9.9878354,2.643328345345958,304.30255057988154,1002.5016967663541,3.4176982135913008,,0,0.159,0.518,0.23485967503692762,0.12,0.034847740661820926,-0.0003284900472773462,-0.9886158129016674,classic,0,0,0,none,0,0,0,2.2009828345050186,0.034847740661820926,0.3228034329963661,0
sensor,1768475794136,2630.2567858652665,0,0.0554351806640625,0.1547698974609375,-0.9746551513671875,0.0554351806640625,0.1547698974609375,-0.9746551513671875,-0.011302988044917583,-0.17482826113700867,0.0007198524544946849,10.0169713,9.9878078,2.672572209211872,303.08202283187427,1002.5698699960485,3.437780349854467,,0,0.16,0.598,0.21108179419525067,0.039,0.038983440447392805,0.0029857664210617713,-0.9882623243234597,classic,0,0,0,none,0,0,0,1.3953429031258944,0.038983440447392805,0.1540485430304574,0
sensor,1768475797124,2636.622737128999,0,0.015594482421875,0.0457763671875,-1.028167724609375,0.015594482421875,0.0457763671875,-1.028167724609375,-0.00811891257762909,-0.016335031017661095,-0.009309878572821617,10.0170014,9.9877583,2.705885635372402,300.50490564271,1003.5989347752184,3.4200623608666962,,0,0,0.756,0,0.04,0.03793542452008078,0.004536306612867236,-0.9883631304246908,classic,0,0,0,none,0,0,0,1.0569760727621142,0.03793542452008078,0.06182551570593979,0
sensor,1768475799117,2641.618806773279,0,0.0305938720703125,0.0292816162109375,-1.0159912109375,0.0305938720703125,0.0292816162109375,-1.0159912109375,0.002682868391275406,-0.021809691563248634,0.025203092023730278,10.0170297,9.9877229,2.78112826419745,304.5325099444553,1003.2780953263864,3.393908919023125,,0,0,0.797,0,0,0.03792183075944822,-0.006407153963629281,-0.9895123040372734,classic,0,0,0,none,0,0,0,1.2670134775987962,0.03792183075944822,0.04526541906835551,0
sensor,1768475800113,2645.200154638205,0,0.0979156494140625,0.0378875732421875,-0.948577880859375,0.0979156494140625,0.0378875732421875,-0.948577880859375,0.05175773799419403,-0.23048967123031616,0.0321989506483078,10.0170504,9.9876978,2.890418518358327,306.68045866492963,1002.9926707474515,3.3658106188728274,,0,0.079,0.7170000000000001,0.0992462311557789,0,0.037793972783239704,0.003030738688258152,-0.9894726174060375,classic,0,0,0,none,0,0,0,0.7804981569638222,0.037793972783239704,0.08104014596601264,0
sensor,1768475802112,2649.218940592095,0,0.08203125,0.05059814453125,-0.97698974609375,0.08203125,0.05059814453125,-0.97698974609375,-0.002844256116077304,-0.05963669717311859,0.003293531248345971,10.0170699,9.9876669,2.9732091250308494,304.38301103392484,1003.109225875698,3.362524443262112,,0,0.159,0.638,0.19949811794228356,0,0.03832574231128713,-0.004598583583409909,-0.9900274596454707,classic,0,0,0,none,0,0,0,0.7346851198042601,0.03832574231128713,0.07196170915987911,0
sensor,1768475804137,2653.1284432077287,0,-0.060760498046875,-0.347564697265625,-0.9782562255859375,-0.060760498046875,-0.347564697265625,-0.9782562255859375,-0.00968671590089798,0.02406592108309269,0.0005001416429877281,10.0170910,9.9876384,2.956721336285167,305.06169294196843,1002.9544602548704,3.3948068616703635,,0,0.08,0.678,0.10554089709762533,0.039,0.035814014492160144,0.0024866325422011944,-0.9890250135211834,classic,0,0,0,none,0,0,0,1.25148434600337,0.035814014492160144,0.3651140738564889,0
sensor,1768475805133,2657.5926745630154,0,0.0596160888671875,0.1855316162109375,-0.9807891845703125,0.0596160888671875,0.1855316162109375,-0.9807891845703125,-0.006355367600917816,-0.14014512300491333,0.00509915454313159,10.0171138,9.9876049,2.9768846163943024,304.48247779686744,1003.5196942389011,3.430050316248361,,0,0.08,0.678,0.10554089709762533,0.039,0.03610009655332461,0.0004017587852067731,-0.9889974809398221,classic,0,0,0,none,0,0,0,1.2531922592881908,0.03610009655332461,0.1877365471084164,0
sensor,1768475807125,2662.0749560678896,0,0.00848388671875,-0.2824249267578125,-0.9675750732421875,0.00848388671875,-0.2824249267578125,-0.9675750732421875,0.02226056531071663,0.09813881665468216,0.007207312621176243,10.0171347,9.9875699,2.9678438368387816,303.2634678945025,1003.3061911975965,3.4049112381234607,,0,0.169,0.628,0.2120451693851945,0,0.03792511250036527,-0.004825785805537184,-0.9897924802681497,classic,0,0,0,none,0,0,0,2.30591210892382,0.03792511250036527,0.28144594491934,0
sensor,1768475808121,2666.1482068756377,0,0.0572357177734375,0.0561370849609375,-0.9845733642578125,0.0572357177734375,0.0561370849609375,-0.9845733642578125,0.0024860608391463757,-0.04634725674986839,0.0021555626299232244,10.0171549,9.9875389,2.9975902681382567,303.2791219548383,1003.7125896830112,3.36600980262322,,0,0.199,0.5980000000000001,0.24968632371392718,0,0.04005448712163361,0.0008788419457738661,-0.9897246634204521,classic,0,0,0,none,0,0,0,1.14842872437877,0.04005448712163361,0.05838844808108726,0
sensor,1768475810114,2669.8423094806326,0,-0.0140838623046875,0.047332763671875,-0.9914093017578125,-0.0140838623046875,0.047332763671875,-0.9914093017578125,0.0357646569609642,0.04008829593658447,0.013189571909606457,10.0171737,9.9875111,2.989416252340106,304.5106063665626,1003.5788447717205,3.3686101427801876,,0,0.199,0.3590000000000001,0.35663082437275984,0.239,0.03701426511078181,-0.0055807462649446705,-0.9896428995574421,classic,0,0,0,none,0,0,0,1.671822033248922,0.03701426511078181,0.07394948878578828,0
sensor,1768475811110,2672.97056724115,0,-0.0331878662109375,0.017120361328125,-0.9368438720703125,-0.0331878662109375,0.017120361328125,-0.9368438720703125,0.02540229633450508,-0.08129245787858963,0.03339657187461853,10.0171912,9.9874887,2.988123973852743,305.44500867963006,1003.0003505302593,3.3866233466381956,,0,0.159,0.638,0.19949811794228356,0,0.037585669500220256,0.004345981757333797,-0.98917012509431,classic,0,0,0,none,0,0,0,0.84482224739447,0.037585669500220256,0.08938575542786922,0
sensor,1768475813110,2677.713833996757,0,0.0833587646484375,0.0464630126953125,-0.9966583251953125,0.0833587646484375,0.0464630126953125,-0.9966583251953125,-0.0051686628721654415,-0.12304922938346863,0.04379488527774811,10.0172145,9.9874524,2.9852772143485304,303.42755802064977,1003.2294510556385,3.3810153870951987,,0,0.159,0.598,0.21003963011889035,0.04,0.044462577217531586,-0.0055868009331463565,-0.9915664604015638,classic,0,0,0,none,0,0,0,0.8148271078258813,0.044462577217531586,0.06550438578794479,0
sensor,1768475815134,2681.625512283126,0,0.0522613525390625,-0.0188751220703125,-1.01708984375,0.0522613525390625,-0.0188751220703125,-1.01708984375,-0.02058303914964199,-0.06028570979833603,0.0041673146188259125,10.0172319,9.9874213,2.9225122662198215,302.24371440057996,1002.8943497454748,3.398550089734138,,0,0.159,0.638,0.19949811794228356,0,0.04537448156582367,0.00362277195383731,-0.9916985279010548,classic,0,0,0,none,0,0,0,0.4536166550293876,0.04537448156582367,0.0347904678755319,0
sensor,1768475816130,2685.2725498802947,0,0.0429534912109375,0.0928955078125,-0.9682769775390625,0.0429534912109375,0.0928955078125,-0.9682769775390625,0.018636267632246017,0.15942667424678802,0.014336861670017242,10.0172476,9.9873921,2.9000665797076843,300.2850363839465,1003.0346975270659,3.378563472927322,,0,0.079,0.7180000000000001,0.09912170639899623,0,0.043491787562880566,-0.00448747652938019,-0.9913170137915205,classic,0,0,0,none,0,0,0,0.5737326190649672,0.043491787562880566,0.10057574554389485,0
sensor,1768475818122,2689.4549594352907,0,-0.016876220703125,-0.137847900390625,-1.001373291015625,-0.016876220703125,-0.137847900390625,-1.001373291015625,-0.040455013513565063,-0.14530207216739655,0.0021086910273879766,10.0172667,9.9873592,2.8523158196933003,299.8880056597515,1002.8692243304104,3.376161901093509,,0,0.119,0.678,0.14930991217063988,0,0.040345233952199855,0.0037075772251753893,-0.9892199416545637,classic,0,0,0,none,0,0,0,0.712539146993812,0.040345233952199855,0.15393609984957665,0
sensor,1768475819118,2692.7753568408352,0,0.0631103515625,0.123626708984375,-0.9606170654296875,0.0631103515625,0.123626708984375,-0.9606170654296875,0.0073388731107115746,-0.01392859872430563,-0.011687282472848892,10.0172814,9.9873328,2.8515817994560373,299.38414479776543,1002.9335284605622,3.3898072497304756,,0,0.239,0.43800000000000006,0.3530280649926144,0.12,0.034365607995991775,-0.0018770619273866197,-0.9893660227796288,classic,0,0,0,none,0,0,0,0.7470461792845472,0.034365607995991775,0.13258700159357995,0
sensor,1768475821110,2696.3918920928345,0,-0.0000457763671875,-0.085968017578125,-1.0225677490234375,-0.0000457763671875,-0.085968017578125,-1.0225677490234375,-0.014300376176834106,-0.016825051978230476,0.00020905814017169178,10.0172975,9.9873041,2.8122992000742393,300.7413721802969,1002.067757550627,3.283721385750095,,0,0.08,0.677,0.10568031704095113,0.04,0.03783806862221136,0.00362460436076983,-0.990005794128944,classic,0,0,0,none,0,0,0,0.6810585960976681,0.03783806862221136,0.10309375362225362,0
sensor,1768475822110,2700.1067270059007,0,0.0235443115234375,0.15728759765625,-0.9949798583984375,0.0235443115234375,0.15728759765625,-0.9949798583984375,0.005627259146422148,-0.059060391038656235,0.03044179454445839,10.0173133,9.9872742,2.821121584743289,298.6120682559691,1002.5237977709621,3.2195352818060003,,0,0.239,0.398,0.37519623233908944,0.16,0.03620394292444257,-0.0005714871693237825,-0.9902947123361916,classic,0,0,0,none,0,0,0,1.0113841278197413,0.03620394292444257,0.1592313406834968,0
sensor,1768475824107,2704.5371082092247,0,0.0381011962890625,-0.253448486328125,-1.034149169921875,0.0381011962890625,-0.253448486328125,-1.034149169921875,-0.05138516053557396,0.017972875386476517,-0.007897604256868362,10.0173351,9.9872403,2.8163569820477403,301.5966878026808,1002.3222375288606,3.2466398302869326,,0,0.119,0.637,0.1574074074074074,0.04,0.03974899879827818,-0.0003974020715211249,-0.9891811273829351,classic,0,0,0,none,0,0,0,1.6214954640700143,0.03974899879827818,0.25831236124928003,0
sensor,1768475826131,2708.1299060301017,0,0.102325439453125,0.0233306884765625,-0.98358154296875,0.102325439453125,0.0233306884765625,-0.98358154296875,0.017799504101276398,0.14941558241844177,0.0004732437082566321,10.0173524,9.9872127,2.58467023874969,305.03846521162757,1001.9578859321773,3.2077858960167975,,0,0.279,0.398,0.4121122599704579,0.12,0.039481642210392305,0.005870097771042726,-0.9874302981678712,classic,0,0,0,none,0,0,0,0.3509736558082921,0.039481642210392305,0.06566612978736928,0
sensor,1768475827127,2711.9969976842403,0,0.1082763671875,-0.2363739013671875,-0.9615478515625,0.1082763671875,-0.2363739013671875,-0.9615478515625,0.07000305503606796,0.4495679438114166,0.01906503736972809,10.0173694,9.9871818,2.5762001198724342,300.5091160345706,1002.1100842515007,3.150101624705533,,0,0.079,0.678,0.10435931307793923,0.04,0.04334578503458942,-0.0051586778746664855,-0.9882891135546753,classic,0,0,0,none,0,0,0,2.5877884115350653,0.04334578503458942,0.24285773503020214,0
sensor,1768475828123,2715.07329745136,0,0.01776123046875,0.07293701171875,-1.0246124267578125,0.01776123046875,0.07293701171875,-1.0246124267578125,0.004324973560869694,-0.1176547259092331,-0.010866762138903141,10.0173805,9.9871561,2.6042715797187896,295.58792583936923,1001.9596714638174,3.1668233041063405,,0,0.199,0.5980000000000001,0.24968632371392718,0,0.050242582188350406,0.0007759870253207168,-0.9874731406005585,classic,0,0,0,none,0,0,0,0.980914990847159,0.050242582188350406,0.08785539833441122,0
sensor,1768475830115,2719.2449045616595,0,0.051239013671875,0.031890869140625,-1.0007781982421875,0.051239013671875,0.031890869140625,-1.0007781982421875,0.022280005738139153,0.048467665910720825,0.011377024464309216,10.0174040,9.9871264,2.619283330924118,302.7269063464699,1002.57815754693,3.156418734149686,,0,0.199,0.43900000000000006,0.3119122257053291,0.159,0.046855002600810894,-0.00766214430598795,-0.9884125300805777,classic,0,0,0,none,0,0,0,1.170130204799564,0.046855002600810894,0.04188158298248245,0
sensor,1768475831111,2722.437710080785,0,0.04864501953125,0.0178985595703125,-1.0618743896484375,0.04864501953125,0.0178985595703125,-1.0618743896484375,-0.016564330086112022,0.1076636090874672,-0.00002157160452043172,10.0174140,9.9870991,2.6711543977591194,294.549742196534,1002.1131962286308,3.15330030119676,,0,0.279,0.47800000000000004,0.368560105680317,0.039,0.04727373696497547,0.0010532177046606898,-0.9886481640766352,classic,0,0,0,none,0,0,0,0.6756894816789285,0.04727373696497547,0.07552899940892273,0
sensor,1768475833108,2727.0479533182943,0,0.037200927734375,0.0478363037109375,-0.972564697265625,0.037200927734375,0.0478363037109375,-0.972564697265625,-0.0016114787431433797,-0.06719101965427399,0.02045653946697712,10.0174368,9.9870639,2.7159246035374007,297.56508518149326,1002.5011831317097,3.2010613492253417,,0,0.119,0.562,0.17474302496328925,0.12,0.047300998431745275,-0.0063452365949786555,-0.9892042826203499,classic,0,0,0,none,0,0,0,0.6552495958472181,0.047300998431745275,0.05786123107360109,0
sensor,1768475835135,2730.9030738576694,0,0.023529052734375,-0.1857757568359375,-1.0087432861328125,0.023529052734375,-0.1857757568359375,-1.0087432861328125,-0.0022298647090792656,-0.03871037811040878,-0.0012516856659203768,10.0174570,9.9870353,2.7013230693916053,303.91290420020005,1002.3575534233823,3.153953636800662,,0,0.119,0.558,0.17577548005908417,0.12,0.043796741151970825,0.0012763380206090246,-0.9904003482887591,classic,0,0,0,none,0,0,0,1.1449495581754,0.043796741151970825,0.18998890546598413,0
sensor,1768475836132,2734.895641868051,0,0.073486328125,0.1413726806640625,-0.978057861328125,0.073486328125,0.1413726806640625,-0.978057861328125,-0.007921040058135986,-0.19810323417186737,0.020384101197123528,10.0174710,9.9870017,2.7185968866295003,297.98040291778926,1002.5261212131009,3.145076636801736,,0,0,0.797,0,0,0.04405511454613025,-0.0029203185846838923,-0.9898057617384227,classic,0,0,0,none,0,0,0,0.9546168713157853,0.04405511454613025,0.14847415179805462,0
sensor,1768475838124,2739.1624764887683,0,-0.048248291015625,-0.1902923583984375,-0.999847412109375,-0.048248291015625,-0.1902923583984375,-0.999847412109375,0.015143000520765781,0.013146961107850075,-0.001886050682514906,10.0174916,9.9869689,2.721953266969455,301.18660000670724,1002.4804441509768,3.1054911966100853,,0,0.12,0.677,0.15056461731493098,0,0.04073139748380318,-0.005046569301572418,-0.9909753166797918,classic,0,0,0,none,0,0,0,2.389606322226731,0.04073139748380318,0.2067327190644398,0
sensor,1768475840116,2743.360557445878,0,0.0631866455078125,0.02911376953125,-0.96435546875,0.0631866455078125,0.02911376953125,-0.96435546875,-0.003343865042552352,0.008747418411076069,-0.0044022053480148315,10.0175115,9.9869363,2.690724679032068,308.5297531107013,1002.6141799455509,3.0787411049469884,,0,0.087,0.6300000000000001,0.1213389121338912,0.08,0.039619899521751795,0.003006310175342405,-0.9893353608977761,classic,0,0,0,none,0,0,0,0.36081090617690936,0.039619899521751795,0.04335592614647137,0
sensor,1768475841112,2746.8600058225966,0,-0.0550537109375,-0.105560302734375,-1.0217742919921875,-0.0550537109375,-0.105560302734375,-1.0217742919921875,0.017948906868696213,0.00908484123647213,0.007511712145060301,10.0175225,9.9869064,2.678117692736811,299.2347947011589,1002.3974222000688,3.0763757819709427,,0,0.08,0.677,0.10568031704095113,0.04,0.036288860236268844,-0.009001057414040937,-0.9894324577889344,classic,0,0,0,none,0,0,0,2.3175976770586924,0.036288860236268844,0.13748342365758054,0
sensor,1768475843109,2751.119249454474,0,-0.0200347900390625,0.061187744140625,-0.9691162109375,-0.0200347900390625,0.061187744140625,-0.9691162109375,-0.004752144683152437,-0.02749420888721943,-0.00526586826890707,10.0175413,9.9868724,2.65308370133825,302.15649219508737,1002.4309388967231,3.066252305409624,,0,0.079,0.7180000000000001,0.09912170639899623,0,0.03784876149976058,0.004437120858510551,-0.9898356287840021,classic,0,0,0,none,0,0,0,0.6011322188419265,0.03784876149976058,0.08408903580630342,0
sensor,1768475845136,2755.365047949803,0,-0.019622802734375,0.0722503662109375,-0.99749755859375,-0.019622802734375,0.0722503662109375,-0.99749755859375,-0.027700070291757584,0.051417384296655655,-0.025187911465764046,10.0175603,9.9868388,2.587166103345627,296.99594805754987,1003.6742661716416,3.082603543013272,,0,0.279,0.438,0.3891213389121339,0.08,0.038798303324667494,0.0037865357047129826,-0.9898209893461459,classic,0,0,0,none,0,0,0,0.8504820888234889,0.038798303324667494,0.09078248729604606,0
sensor,1768475846100,2758.649944005872,0,-0.0140380859375,0.0207061767578125,-0.9790496826171875,-0.0140380859375,0.0207061767578125,-0.9790496826171875,-0.011901666410267353,-0.17736412584781647,0.0007909588166512549,10.0175780,9.9868148,2.562313066841423,302.36457269606944,1002.807432917878,3.0862408702271913,,0,0.079,0.678,0.10435931307793923,0.04,0.041629131877794545,0.005109244274493738,-0.9913419635203864,classic,0,0,0,none,0,0,0,0.6583234213719614,0.041629131877794545,0.05940033161492049,0
sensor,1768475848124,2762.912053708294,0,-0.0147857666015625,0.01263427734375,-1.069610595703125,-0.0147857666015625,0.01263427734375,-1.069610595703125,0.0037593182642012835,0.19474951922893524,-0.0022889869287610054,10.0175973,9.9867812,2.526025820655006,300.7167597022384,1003.3169954298064,3.15210998568484,,0,0.279,0.47800000000000004,0.368560105680317,0.04,0.044995045659030314,0.0013900487942940043,-0.9927357065161987,classic,0,0,0,none,0,0,0,1.1070291630990283,0.044995045659030314,0.09852284823923804,0
sensor,1768475849121,2766.3284184476297,0,0.012298583984375,0.00390625,-0.97607421875,0.012298583984375,0.00390625,-0.97607421875,-0.010489392094314098,-0.08190525323152542,-0.003096457337960601,10.0176124,9.9867540,2.536950434062562,300.1155955749966,1002.8126704543829,3.1917288866426925,,0,0.119,0.638,0.1571994715984148,0.04,0.043512826982820246,0.00491039292549211,-0.9917159388225899,classic,0,0,0,none,0,0,0,0.7609000853877572,0.043512826982820246,0.035104028208379434,0
sensor,1768475851113,2769.565095959925,0,0.036651611328125,0.0367584228515625,-1.0086212158203125,0.036651611328125,0.0367584228515625,-1.0086212158203125,-0.010435597039759159,-0.10405236482620239,-0.011082478798925877,10.0176252,9.9867275,2.5093459919268497,295.9028091253323,1003.0217133304104,3.123215551769537,,0,0.558,0.239,0.7001254705144291,0,0.03897457303756765,0.002673210762002549,-0.9922928115439359,classic,0,0,0,none,0,0,0,0.6427511040649124,0.03897457303756765,0.038056024808474656,0
sensor,1768475852109,2773.3480927574124,0,0.0419158935546875,-0.0932464599609375,-1.0120849609375,0.0419158935546875,-0.0932464599609375,-1.0120849609375,0.0036677054595202208,0.15712277591228485,-0.003591272747144103,10.0176442,9.9866988,2.5105768264307504,299.7592683179364,1002.8549523130059,3.123729827056773,,0,0.359,0.3980000000000001,0.4742404227212681,0.04,0.037137472002228625,0.0033416341493441586,-0.9918470282248789,classic,0,0,0,none,0,0,0,0.4615617003345429,0.037137472002228625,0.09929763776142195,0
sensor,1768475854110,2777.6727820031865,0,0.0690460205078125,0.01312255859375,-1.0450439453125,0.0690460205078125,0.01312255859375,-1.0450439453125,-0.003102582646533847,-0.010996458120644093,-0.0007033408619463444,10.0176634,9.9866645,2.5130717581632562,299.14305836929134,1003.2718199780211,3.041267659683825,,0,0.08,0.7160000000000001,0.10050251256281406,0,0.04169452116539812,0.00280410390920565,-0.9906045050289848,classic,0,0,0,none,0,0,0,0.4604541373022496,0.04169452116539812,0.06210232078391948,0
sensor,1768475856133,2781.605523515474,0,0.051605224609375,0.1580657958984375,-0.9992523193359375,0.051605224609375,0.1580657958984375,-0.9992523193359375,0.009362875483930111,0.017188042402267456,-0.012255067937076092,10.0176810,9.9866333,2.4666906287157073,298.7864496862257,1003.342127263546,3.0087353211646883,,0,0.359,0.43800000000000006,0.45043914680050184,0,0.03714124042262418,-0.00016644826894405597,-0.9903941091325363,classic,0,0,0,none,0,0,0,1.2816564749055126,0.03714124042262418,0.15993836664487432,0
sensor,1768475857129,2785.10464417602,0,0.053619384765625,0.029510498046875,-0.981048583984375,0.053619384765625,0.029510498046875,-0.981048583984375,0.005163602996617556,0.06833724677562714,-0.002769687445834279,10.0176973,9.9866060,2.45025974323241,299.8406891987944,1003.6567222252488,3.0380003267185507,,0,0.08,0.6370000000000001,0.1115760111576011,0.08,0.038788644809140814,0.0035361813954469163,-0.9904782794526007,classic,0,0,0,none,0,0,0,0.38715255866807463,0.038788644809140814,0.03151895843902955,0
sensor,1768475859121,2788.486075640715,0,0.05364990234375,0.115692138671875,-0.99395751953125,0.05364990234375,0.115692138671875,-0.99395751953125,0.005054946057498455,0.01630360633134842,0.020532438531517982,10.0177106,9.9865782,2.3636463937178642,296.0150648861714,1003.0909766256809,3.0251196634365782,,0,0.16,0.637,0.20075282308657466,0,0.039110367017995064,-0.0002142204265761715,-0.9907162839121526,classic,0,0,0,none,0,0,0,1.199689169472198,0.039110367017995064,0.11744692732527973,0
sensor,1768475860118,2792.314400315026,0,0.065338134765625,0.0627288818359375,-0.9988861083984375,0.065338134765625,0.0627288818359375,-0.9988861083984375,-0.00512844929471612,0.012490757741034031,0.004037884995341301,10.0177250,9.9865465,2.344108089146005,295.28867854116095,1003.353502644226,3.011274425617554,,0,0.478,0.23900000000000005,0.6666666666666665,0.08,0.03782979348401126,0.0033208108445616346,-0.9889503411263296,classic,0,0,0,none,0,0,0,0.43315070436387315,0.03782979348401126,0.06655017463966313,0
sensor,1768475862110,2795.782482695101,0,0.09112548828125,0.051605224609375,-0.98919677734375,0.09112548828125,0.051605224609375,-0.98919677734375,-0.011304053477942944,-0.12537522614002228,-0.006850183010101318,10.0177391,9.9865183,2.276917152910703,292.8807485527039,1002.74312689621,2.9867441981452485,,0,0.12,0.637,0.15852047556142668,0.04,0.03764713298102565,0.002533067499165353,-0.9893144992273711,classic,0,0,0,none,0,0,0,1.0468722600903735,0.03764713298102565,0.07294589055888322,0
sensor,1768475863110,2799.007452741611,0,0.0341033935546875,0.055908203125,-0.9754791259765625,0.0341033935546875,0.055908203125,-0.9754791259765625,-0.0059779975563287735,-0.023201460018754005,-0.0020029633305966854,10.0177531,9.9864924,2.25778843293433,295.41425499719173,1003.0717160096392,2.9867731791848504,,0,0.12,0.558,0.17699115044247785,0.119,0.038671201464413746,0.004792847854375626,-0.9913931540823809,classic,0,0,0,none,0,0,0,0.5116226101341528,0.038671201464413746,0.053999885937057374,0
sensor,1768475865105,2802.943567369404,0,0.0373077392578125,0.0427093505859375,-1.00396728515625,0.0373077392578125,0.0427093505859375,-1.00396728515625,-0.00762782571837306,0.02395140565931797,-0.0005936186062172055,10.0177746,9.9864639,2.211099645669238,301.15477877001496,1003.4011489059776,2.976477288736605,,0,0.159,0.598,0.21003963011889035,0.04,0.035808419208324054,0.0034277258891454165,-0.9907839942745768,classic,0,0,0,none,0,0,0,0.7939905078414702,0.035808419208324054,0.04167029981195547,0
sensor,1768475866134,2806.5607349090255,0,0.01202392578125,0.0436553955078125,-0.986572265625,0.01202392578125,0.0436553955078125,-0.986572265625,-0.009577525779604912,0.010301372967660427,-0.0038831550627946854,10.0177900,9.9864348,2.2274078319340704,298.6547547241886,1003.3172446042299,3.0146857792219564,,0,0.079,0.678,0.10435931307793923,0.04,0.0375988855334542,0.005802481213712178,-0.9924890053370481,classic,0,0,0,none,0,0,0,0.5129246704870473,0.0375988855334542,0.046295885378816404,0
sensor,1768475868126,2809.9498327302,0,-0.0220489501953125,0.0025634765625,-0.9736785888671875,-0.0220489501953125,0.0025634765625,-0.9736785888671875,0.047981906682252884,-0.03139307722449303,0.023026755079627037,10.0178092,9.9864108,2.2140223555929928,302.2538762330617,1003.7736382260919,3.060979608652465,,0,0.16,0.598,0.21108179419525067,0.039,0.03646404536090313,0.002248382318504425,-0.9909321734375574,classic,0,0,0,none,0,0,0,0.7892754523809494,0.03646404536090313,0.06131111370866276,0
sensor,1768475869123,2814.0910318143738,0,0.054412841796875,-0.0369110107421875,-1.0019378662109375,0.054412841796875,-0.0369110107421875,-1.0019378662109375,-0.014273477718234062,-0.011167433112859726,0.003965979442000389,10.0178300,9.9863794,2.2523956414363693,302.33298620563727,1003.4131754888222,3.110922518938944,,0,0.08,0.7170000000000001,0.10037641154328733,0,0.03805944222961512,0.005416660002908061,-0.9894213022014263,classic,0,0,0,none,0,0,0,0.5440890091432383,0.03805944222961512,0.047308079171596615,0
sensor,1768475871115,2817.8986390366967,0,0.043975830078125,0.0199127197265625,-0.9687347412109375,0.043975830078125,0.0199127197265625,-0.9687347412109375,-0.01381301786750555,-0.10602763295173645,0.008156996220350266,10.0178466,9.9863490,2.270974586721029,300.39705534067366,1003.3873224714771,3.1363283334821936,,0,0.319,0.47800000000000004,0.4002509410288582,0,0.03936910925157411,0.0017856122509439256,-0.9903615455006956,classic,0,0,0,none,0,0,0,0.4541213188537012,0.03936910925157411,0.028736207438226493,0
sensor,1768475872111,2821.084310909684,0,0.0239410400390625,-0.2215423583984375,-1.0224456787109375,0.0239410400390625,-0.2215423583984375,-1.0224456787109375,-0.01588043011724949,-0.048158738762140274,-0.0049034119583666325,10.0178599,9.9863232,2.3344591864865287,299.10214925355496,1002.7632189085707,3.1325120111047675,,0,0.077,0.5980000000000001,0.11407407407407406,0.122,0.03892640179555427,0.002403939174126915,-0.9906445488400103,classic,0,0,0,none,0,0,0,0.8002519597322559,0.03892640179555427,0.2278279509575023,0
sensor,1768475874143,2825.432821645852,0,0.0871124267578125,0.02227783203125,-0.9547576904296875,0.0871124267578125,0.02227783203125,-0.9547576904296875,-0.023930899798870087,-0.10546384006738663,0.0024807346053421497,10.0178772,9.9862877,2.3599463108814906,296.9078181945549,1003.3805435905233,3.133624264197222,,0,0.079,0.52,0.1318864774624374,0.199,0.03732023738722642,0.002084627042278747,-0.9919741912663194,classic,0,0,0,none,0,0,0,0.4027591200151355,0.03732023738722642,0.06568971835119326,0
sensor,1768475875105,2828.644228531328,0,0.0119476318359375,-0.230224609375,-1.0039825439453125,0.0119476318359375,-0.230224609375,-1.0039825439453125,-0.03658783808350563,0.06363996118307114,-0.019962789490818977,10.0178899,9.9862613,2.4103870159150755,296.856497752527,1003.2966385055333,3.124641789294411,,0,0.12,0.677,0.15056461731493098,0,0.03458528596927092,-0.004308610563972606,-0.9930674728005069,classic,0,0,0,none,0,0,0,2.322678001536287,0.03458528596927092,0.22845182929595836,0
sensor,1768475876135,2831.9400096869185,0,0.033477783203125,0.053985595703125,-0.996826171875,0.033477783203125,0.053985595703125,-0.996826171875,0.0005840312223881483,-0.06117707118391991,-0.00646615494042635,10.0179095,9.9862387,2.4414188247037067,296.6868467569699,1003.5927083492279,3.124641810862298,,0,0.199,0.5190000000000001,0.277158774373259,0.079,0.03407607450675877,0.0016239389881880608,-0.9923588237976173,classic,0,0,0,none,0,0,0,1.0655916057530672,0.03407607450675877,0.05281938443218602,0
sensor,1768475878127,2836.730760635529,0,0.0356292724609375,0.03662109375,-0.953094482421875,0.0356292724609375,0.03662109375,-0.953094482421875,0.01811189204454422,0.0852603018283844,0.019519904628396034,10.0179320,9.9862014,2.4655798033645087,300.1605212307027,1003.5238883253187,3.1712897683911874,,0,0.12,0.5630000000000001,0.17569546120058563,0.114,0.032017518433412696,-0.007221048144155136,-0.9916156492067808,classic,0,0,0,none,0,0,0,1.7633770596925036,0.032017518433412696,0.0587665482888954,0
sensor,1768475880119,2841.516061566025,0,0.0289764404296875,0.0286712646484375,-1.0211029052734375,0.0289764404296875,0.0286712646484375,-1.0211029052734375,-0.00012010856153210625,0.07511472702026367,0.0006111954571679235,10.0179533,9.9861634,2.473664814056442,296.295575577064,1004.0055986754596,3.2132269991994975,,0,0.318,0.43900000000000006,0.42007926023778064,0.04,0.03310647083348585,0.0065109827856261755,-0.9910009947255329,classic,0,0,0,none,0,0,0,0.4407859513732407,0.03310647083348585,0.03779562998186044,0
sensor,1768475882112,2846.267506051249,0,-0.082427978515625,0.0347900390625,-0.992950439453125,-0.082427978515625,0.0347900390625,-0.992950439453125,-0.009365804493427277,-0.1331455409526825,0.012410330586135387,10.0179797,9.9861294,2.4765390985904756,316.92484850742073,1004.304748618044,3.2491625239601882,,0,0.159,0.637,0.19974874371859297,0,0.031865977225027785,0.004006035008590871,-0.9886458807536778,classic,0,0,0,none,0,0,0,0.9722599393829452,0.031865977225027785,0.1190405167588785,0
sensor,1768475883108,2849.400746700915,0,0.009796142578125,0.003448486328125,-0.9980010986328125,0.009796142578125,0.003448486328125,-0.9980010986328125,-0.005762814078480005,0.07847669720649719,-0.008171643130481243,10.0179841,9.9861011,2.4859072400385465,293.5366054131505,1003.5927237486467,3.2785087170174507,,0,0.08,0.7170000000000001,0.10037641154328733,0,0.032607051588116526,0.007386142169790577,-0.9889814443095356,classic,0,0,0,none,0,0,0,0.6049714274007723,0.032607051588116526,0.02496828861736041,0
sensor,1768475885100,2854.09130771431,0,0.0044097900390625,0.001129150390625,-0.96124267578125,0.0044097900390625,0.001129150390625,-0.96124267578125,0.001621066126972437,0.08042160421609879,0.01956038549542427,10.0180047,9.9860637,2.481887464675448,295.06449565725205,1003.7394021144137,3.738854117150735,,0,0.199,0.478,0.29394387001477107,0.119,0.031835628233853,0.004761414574507703,-0.9896051763683935,classic,0,0,0,none,0,0,0,0.6603362272478421,0.031835628233853,0.03981981820798759,0
sensor,1768475887132,2859.442594171797,0,0.033050537109375,0.117279052734375,-0.995941162109375,0.033050537109375,0.117279052734375,-0.995941162109375,0.008884305134415627,-0.014140852726995945,0.007982558570802212,10.0180293,9.9860217,2.482324981289978,300.26980020392887,1003.8047798192129,4.1543158410295025,,0,0.079,0.6310000000000001,0.11126760563380281,0.08,0.03289641506004766,0.00021570231462276,-0.9892638470534877,classic,0,0,0,none,0,0,0,1.0154968902281787,0.03289641506004766,0.117842949448785,0
sensor,1768475889124,2864.718203281916,0,-0.0031890869140625,-0.299713134765625,-0.9781494140625,-0.0031890869140625,-0.299713134765625,-0.9781494140625,0.015204785391688347,-0.0784604549407959,0.006967894732952118,10.0180498,9.9859783,2.493141880043662,295.1128925967103,1003.2020931588486,4.529270038961862,,0,0.125,0.672,0.15683814303638643,0,0.031188409388453988,-0.0027686289233304576,-0.9876652309038229,classic,0,0,0,none,0,0,0,2.560235254852274,0.031188409388453988,0.3005821688547745,0
sensor,1768475891116,2869.288033169194,0,0.1002655029296875,0.07733154296875,-0.9862518310546875,0.1002655029296875,0.07733154296875,-0.9862518310546875,-0.0023883229587227106,0.01034771278500557,0.004083158448338509,10.0180694,9.9859416,2.4913990223504308,297.7722465766188,1003.669759339653,4.867666205341978,,0,0.279,0.466,0.374496644295302,0.04,0.03635237033364806,0.007102880329977065,-0.9889037027931974,classic,0,0,0,none,0,0,0,0.5969508378778545,0.03635237033364806,0.09547202311295114,0
sensor,1768475892113,2872.409967972635,0,0.0833892822265625,0.064117431640625,-0.99127197265625,0.0833892822265625,0.064117431640625,-0.99127197265625,0.028662804514169693,0.11060746759176254,0.006376406643539667,10.0180824,9.9859163,2.498654100348826,298.1186280851919,1003.6996707906947,5.024282884768267,,0,0.079,0.637,0.11033519553072627,0,0.03576154681048868,-0.004421539173561856,-0.988143092478012,classic,0,0,0,none,0,0,0,1.5803964468411134,0.03576154681048868,0.08394084882621436,0
sensor,1768475894107,2877.128085097427,0,0.1372222900390625,-0.000823974609375,-0.9392852783203125,0.1372222900390625,-0.000823974609375,-0.9392852783203125,0.00013928332191426307,-0.039146337658166885,0.003918308764696121,10.0181038,9.9858791,2.5027305994153624,296.19900564250247,1003.144535141997,5.314415304967843,,0,0.04,0.757,0.050188205771643665,0,0.03894951053036491,0.00801327487968168,-0.9873406179314166,classic,0,0,0,none,0,0,0,0.6245290184181569,0.03894951053036491,0.1103010008391904,0
sensor,1768475895103,2880.1646897358255,0,0.0752410888671875,0.072601318359375,-0.968414306640625,0.0752410888671875,0.072601318359375,-0.968414306640625,-0.01212617103010416,-0.10759623348712921,0.0008117315010167658,10.0181168,9.9858547,2.5257266917309584,299.07891494926724,1003.2419135672972,5.448694528334523,,0,0.358,0.3990000000000001,0.47291941875825616,0.04,0.036584968143498736,-0.004501311125870638,-0.9888864732876912,classic,0,0,0,none,0,0,0,0.573271978260299,0.036584968143498736,0.08909206630246147,0
sensor,1768475897133,2884.9967998379557,0,-0.0081787109375,-0.3217315673828125,-1.01824951171875,-0.0081787109375,-0.3217315673828125,-1.01824951171875,-0.026488864794373512,-0.09700537472963333,-0.018392588943243027,10.0181351,9.9858147,2.5350876086878875,297.9571278567548,1002.8427488831803,5.697446824236222,,0,0.085,0.638,0.11756569847856156,0,0.04041324429336409,0.0023840004700527123,-0.9896200740265887,classic,0,0,0,none,0,0,0,1.4166499665920174,0.04041324429336409,0.3306390981374617,0
sensor,1768475899126,2888.5750091414407,0,0.03887939453125,0.012603759765625,-1.0112457275390625,0.03887939453125,0.012603759765625,-1.0112457275390625,-0.004419249482452869,-0.0070709590800106525,0.0010452907299622893,10.0181510,9.9857863,2.5093921712315477,295.9274697367507,1003.9289899328724,6.025848307306427,,0,0.279,0.398,0.4121122599704579,0.12,0.03678043783169817,0.0051265734789284045,-0.9885266048600102,classic,0,0,0,none,0,0,0,0.42711345636224674,0.03678043783169817,0.024130493560537637,0
sensor,1768475901117,2895.7987429446507,0,0.0510101318359375,0.116912841796875,-0.9967803955078125,0.0510101318359375,0.116912841796875,-0.9967803955078125,0.0008492820779792964,-0.04811612889170647,0.006939398590475321,10.0181790,9.9857268,2.525512099102256,295.96169849447074,1004.1522760204971,6.218327999142004,,0,0.079,0.5950000000000001,0.1172106824925816,0.12,0.03487060109939002,0.001344811974916332,-0.9896507848676653,classic,0,0,0,none,0,0,0,1.235535123070515,0.03487060109939002,0.11749463857294391,0
sensor,1768475904113,2902.7779902628836,0,0.026763916015625,0.05462646484375,-1.0235137939453125,0.026763916015625,0.05462646484375,-1.0235137939453125,-0.01258130557835102,-0.10338471084833145,0.007074953522533178,10.0181992,9.9856664,2.7603716336159425,289.02370253226604,1001.08344859723,6.392040802657245,,0,0.08,0.677,0.10568031704095113,0.04,0.038185672721940164,0.0034052401334230117,-0.9908978369337956,classic,0,0,0,none,0,0,0,1.1821690258803368,0.038185672721940164,0.0620994203718206,0
sensor,1768475906099,2906.5793486941343,0,0.0521697998046875,0.0694427490234375,-1.003448486328125,0.0521697998046875,0.0694427490234375,-1.003448486328125,0.0004295678809285164,-0.10973448306322098,0.004086087923496962,10.0182164,9.9856364,2.756215073027641,295.55220398552797,1001.8127742987126,6.548817032873588,,0,0.119,0.642,0.15637319316688567,0.12,0.03498379723391517,-0.005153692029763113,-0.993021454954952,classic,0,0,0,none,0,0,0,1.6291502526345798,0.03498379723391517,0.07764565956123455,0
sensor,1768475907137,2910.4559514069138,0,-0.051910400390625,0.0642242431640625,-0.8058013916015625,-0.051910400390625,0.0642242431640625,-0.8058013916015625,-0.043117109686136246,-0.10554506629705429,0.0012061456218361855,10.0182344,9.9856062,2.7638226132310226,298.96684648296684,1003.2147498968989,6.621376201650222,,0,0.518,0.03999999999999998,0.9283154121863799,0.193,0.03609851273087075,0.00479283662111538,-0.9907558718811186,classic,0,0,0,none,0,0,0,1.1278562127334841,0.03609851273087075,0.21434577947074332,0
sensor,1768475909126,2914.76411336058,0,0.0230255126953125,0.060516357421875,-0.9883880615234375,0.0230255126953125,0.060516357421875,-0.9883880615234375,-0.005573463626205921,-0.12601172924041748,0.00734313391149044,10.0182457,9.9855685,2.7842964906433623,292.00316891692654,1002.8321770671755,6.755792035522445,,0,0,0.758,0,0.039,0.04207689777880258,-0.003916644637597453,-0.9894010985647802,classic,0,0,0,none,0,0,0,0.6778096498501408,0.04207689777880258,0.06753584341852406,0
sensor,1768475911118,2918.074841498739,0,-0.0035247802734375,-0.10992431640625,-0.983367919921875,-0.0035247802734375,-0.10992431640625,-0.983367919921875,-0.02370506338775158,-0.12984135746955872,0.004486094694584608,10.0182600,9.9855420,2.772419061911164,296.8992263742051,1002.1663078786805,6.877102368272,,0,0.12,0.675,0.1509433962264151,0.079,0.04207902741888994,0.006898740863628578,-0.9891471397508106,classic,0,0,0,none,0,0,0,0.808886993609193,0.04207902741888994,0.12617262257061787,0
sensor,1768475912115,2922.8908462161135,0,0.1075286865234375,0.1020965576171875,-0.9597930908203125,0.1075286865234375,0.1020965576171875,-0.9597930908203125,0.016638631001114845,-0.020110594108700752,-0.01830124296247959,10.0182765,9.9855013,2.8088234522070015,294.0727884993702,1002.8103216392919,6.933247083198498,,0,0.079,0.641,0.10972222222222222,0.04,0.0366172824621533,-0.0010295006626384422,-0.9891691714399685,classic,0,0,0,none,0,0,0,0.767649712266265,0.0366172824621533,0.12920091593997934,0
sensor,1768475914108,2926.2271207266376,0,-0.11016845703125,-0.3520050048828125,-0.9350128173828125,-0.11016845703125,-0.3520050048828125,-0.9350128173828125,-0.003031476167961955,-0.14448633790016174,0.02923964522778988,10.0182892,9.9854737,2.7956876901022665,293.9443861871005,1002.5683549335226,7.037255575023032,,0,0.477,0.2790000000000001,0.6309523809523809,0.041,0.03443576070810213,-0.002824241611235744,-0.9892451543833232,classic,0,0,0,none,0,0,0,2.40480801797983,0.03443576070810213,0.38372845303944625,0
sensor,1768475915104,2930.5098862831555,0,0.0258636474609375,0.08740234375,-1.0014495849609375,0.0258636474609375,0.08740234375,-1.0014495849609375,0.013262541964650154,0.06755853444337845,0.014162424020469189,10.0183105,9.9854412,2.797567645124007,300.15804851528844,1003.048696840182,7.085392782792894,,0,0.079,0.5990000000000001,0.11651917404129793,0.12,0.033396196269038544,0.0018503234581663964,-0.9885024840592582,classic,0,0,0,none,0,0,0,1.1255039988717044,0.033396196269038544,0.08728985964762509,0
sensor,1768475917095,2934.411446864752,0,-0.0205535888671875,-0.1344146728515625,-0.951995849609375,-0.0205535888671875,-0.1344146728515625,-0.951995849609375,0.012221512384712696,0.13959971070289612,0.01570865511894226,10.0183233,9.9854080,2.780845861120842,295.2766571583611,1002.83406897448,7.174566958876571,,0,0.159,0.628,0.20203303684879287,0,0.024689003501153193,-0.004528406074622979,-0.9886779194871158,classic,0,0,0,none,0,0,0,2.601397003516493,0.024689003501153193,0.1430631598714527,0
sensor,1768475918131,2939.280682725901,0,0.041595458984375,0.034088134765625,-1.004547119140625,0.041595458984375,0.034088134765625,-1.004547119140625,-0.001184574095532298,-0.06958307325839996,-0.017952902242541313,10.0183416,9.9853676,2.8112339818260366,294.9251218966891,1003.0009529786184,7.215838587779875,,0,0.08,0.7170000000000001,0.10037641154328733,0,0.028391740690072352,0.005412080677113577,-0.9888240433508836,classic,0,0,0,none,0,0,0,0.8303134493263565,0.028391740690072352,0.035445761056746725,0
sensor,1768475920123,2942.5845781391627,0,0.0557861328125,0.0585479736328125,-1.01336669921875,0.0557861328125,0.0585479736328125,-1.01336669921875,0.026744795963168144,0.08812852948904037,-0.004216316621750593,10.0183534,9.9853399,2.815167400481938,295.99163950263613,1002.077768069692,7.292294345784615,,0,0.159,0.637,0.19974874371859297,0,0.031658170421760765,-0.003504364723744046,-0.9907350967184663,classic,0,0,0,none,0,0,0,1.2066051791048609,0.031658170421760765,0.07067292589357385,0
sensor,1768475921120,2946.0172791725104,0,0.04888916015625,0.03839111328125,-0.9833831787109375,0.04888916015625,0.03839111328125,-0.9833831787109375,0.047455932945013046,-0.1653391569852829,0.024922126904129982,10.0183658,9.9853112,2.8268613052720997,295.0105980703528,1001.9145050346851,7.327679305330348,,0,0,0.598,0,0.24,0.03393459163385788,0.0045506268425706,-0.9913342914421407,classic,0,0,0,none,0,0,0,0.7709429584784329,0.03393459163385788,0.038032437963901426,0
sensor,1768475923112,2950.779732295365,0,0.08575439453125,0.081512451171875,-0.9533233642578125,0.08575439453125,0.081512451171875,-0.9533233642578125,-0.0014261227333918214,-0.04572940617799759,0.004521781112998724,10.0183890,9.9852747,2.8628334640678426,300.08976797157027,1002.1380895357579,7.393230766433958,,0,0.16,0.558,0.2228412256267409,0.079,0.03690928652848667,-0.004137594292135843,-0.9909962472112032,classic,0,0,0,none,0,0,0,0.673560206698798,0.03690928652848667,0.10608144213601185,0
sensor,1768475924110,2954.426383087844,0,0.03619384765625,0.01904296875,-0.9997406005859375,0.03619384765625,0.01904296875,-0.9997406005859375,-0.024400148540735245,-0.06364449113607407,0.011491806246340275,10.0184074,9.9852471,2.9248277443692188,302.1579487803159,1000.6592627037317,7.4235690099218195,,0,0.478,0.31900000000000006,0.5997490589711417,0,0.035804868204030005,0.004442802764290323,-0.9912922332747135,classic,0,0,0,none,0,0,0,0.6894604150323045,0.035804868204030005,0.016957578475141843,0
sensor,1768475926100,2958.3183004923835,0,0.0694732666015625,0.103485107421875,-0.9625091552734375,0.0694732666015625,0.103485107421875,-0.9625091552734375,-0.01324017159640789,-0.1396883875131607,-0.0020932445768266916,10.0184197,9.9852139,2.9693218647059396,296.3089282397655,1001.5319811953232,7.47977110839167,,0,0.336,0.42800000000000005,0.4397905759162304,0.04,0.03191006511981619,-0.0004341037671023732,-0.9901563206479556,classic,0,0,0,none,0,0,0,0.9518193832970571,0.03191006511981619,0.11447832788924622,0
sensor,1768475928132,2963.0893697257843,0,0.033966064453125,-0.20538330078125,-0.9621429443359375,0.033966064453125,-0.20538330078125,-0.9621429443359375,-0.004972654394805431,0.026522153988480568,0.0064925202168524265,10.0184374,9.9851741,2.968405881744992,295.74633590982256,1001.7312448611483,7.53049335534386,,0,0.04,0.718,0.052770448548812667,0.039,0.04057782983378403,0.0034336122913171292,-0.9889272541389857,classic,0,0,0,none,0,0,0,1.418598545611233,0.04057782983378403,0.21168992371070008,0
sensor,1768475929129,2966.845666517186,0,0.0858917236328125,0.1908721923828125,-0.973876953125,0.0858917236328125,0.1908721923828125,-0.973876953125,0.0065223476849496365,0.029635390266776085,0.040118925273418427,10.0184538,9.9851442,2.990847974797147,297.4989920608817,1002.167637729086,7.553968691037058,,0,0.199,0.5980000000000001,0.24968632371392718,0,0.04532787508747937,0.0017096424426824505,-0.989222135933895,classic,0,0,0,none,0,0,0,1.3925362682022653,0.04532787508747937,0.19504575912959465,0
sensor,1768475931121,2970.2554244690828,0,-0.0081939697265625,-0.2286529541015625,-1.0159912109375,-0.0081939697265625,-0.2286529541015625,-1.0159912109375,0.008480570279061794,0.2328963577747345,-0.005434979218989611,10.0184645,9.9851150,2.982909333056643,294.9386354257179,1002.4396538566798,7.597456752596225,,0,0.239,0.528,0.3116036505867014,0.04,0.04364889044376901,-0.005100492453978822,-0.9889372056702437,classic,0,0,0,none,0,0,0,2.6276396119984264,0.04364889044376901,0.23223541723495392,0
sensor,1768475932117,2974.5443116125743,0,0.021331787109375,0.079925537109375,-0.9923095703125,0.021331787109375,0.079925537109375,-0.9923095703125,0.0027268105186522007,0.009749033488333225,-0.0012357067316770554,10.0184855,9.9850822,3.0038305009471427,299.39035214590376,1002.6267310716212,7.617583859017976,,0,0.398,0.35900000000000004,0.5257595772787318,0.04,0.04450217796650797,0.00433102947983029,-0.988582064289362,classic,0,0,0,none,0,0,0,1.2742131873610625,0.04450217796650797,0.07955134728910546,0
sensor,1768475935108,2981.208454536675,0,0.0832672119140625,0.0012664794921875,-0.922515869140625,0.0832672119140625,0.0012664794921875,-0.922515869140625,-0.01477361936122179,-0.1272927075624466,0.0138377845287323,10.0185246,9.9850361,3.038481118456867,310.5421390566563,1001.9305069791153,7.672125800089245,,0,0.159,0.518,0.23485967503692762,0.12,0.044955050143641435,0.005331255917616539,-0.9880922345207676,classic,0,0,0,none,0,0,0,0.882558570289542,0.044955050143641435,0.0764387770545263,0
sensor,1768475937098,2986.2669849806202,0,0.04608154296875,0.051971435546875,-0.981842041015625,0.04608154296875,0.051971435546875,-0.981842041015625,0.008912800811231136,0.041308823972940445,-0.01900378428399563,10.0185364,9.9849914,3.0912172224356373,295.194355886444,1002.2608476299793,7.704093663110392,,0,0,0.796,0,0,0.044069962281320804,-0.004293088463300941,-0.9908306016934492,classic,0,0,0,none,0,0,0,0.6173600249707445,0.044069962281320804,0.05729998378028838,0
sensor,1768475939130,2989.9235756529633,0,0.06884765625,-0.1082763671875,-0.979766845703125,0.06884765625,-0.1082763671875,-0.979766845703125,-0.013916614465415478,0.023265907540917397,-0.0014282532501965761,10.0185498,9.9849609,3.06383939869322,296.7224886471211,1001.5651538968086,7.732944765413047,,0,0.319,0.279,0.5334448160535117,0.199,0.04638763835749437,0.0055360609271796896,-0.9910925046568938,classic,0,0,0,none,0,0,0,0.6882510682312311,0.04638763835749437,0.1171446859673779,0
sensor,1768475940126,2994.729519517416,0,0.079498291015625,0.1345367431640625,-0.97296142578125,0.079498291015625,0.1345367431640625,-0.97296142578125,-0.0067780110985040665,-0.1892431676387787,-0.003634948516264558,10.0185713,9.9849229,3.063300052877571,298.77440807911086,1002.2150166612118,7.746297413432125,,0,0.12,0.47800000000000004,0.20066889632107018,0.199,0.04723431593123274,-0.0027995738332392103,-0.989618170094485,classic,0,0,0,none,0,0,0,0.9306145570407474,0.04723431593123274,0.1427690287370555,0
sensor,1768475942118,2998.70943706016,0,0.0919342041015625,-0.3087005615234375,-0.9283599853515625,0.0919342041015625,-0.3087005615234375,-0.9283599853515625,-0.04141614958643913,0.029576268047094345,-0.017523866146802902,10.0185893,9.9848915,3.023295870073182,299.40691967232107,1002.0104832304642,7.771033436479508,,0,0.081,0.677,0.10686015831134565,0.04,0.049566689586561075,0.00043984263501975745,-0.9886937790142837,classic,0,0,0,none,0,0,0,1.6103275263541388,0.049566689586561075,0.3194066656985153,0
sensor,1768475943114,3003.8089182402496,0,0.0370941162109375,0.107421875,-0.9883880615234375,0.0370941162109375,0.107421875,-0.9883880615234375,-0.002198972040787339,-0.08707232028245926,0.0132084796205163,10.0186095,9.9848497,3.0455915999889323,297.59438017267667,1003.2901999494061,7.78248171209475,,0,0.08,0.7170000000000001,0.10037641154328733,0,0.05107750474577348,0.0012887175092406607,-0.988608070888805,classic,0,0,0,none,0,0,0,1.243472210353092,0.05107750474577348,0.10758854138810323,0
sensor,1768475945107,3006.9278273226882,0,-0.05181884765625,-0.163848876953125,-1.013092041015625,-0.05181884765625,-0.163848876953125,-1.013092041015625,-0.005293298978358507,-0.0843425765633583,0.0013494236627593637,10.0186248,9.9848258,3.029369078706183,301.08003980160123,1003.6066738059744,7.803689686112197,,0,0.119,0.677,0.1494974874371859,0,0.04839648577982864,-0.006038391783879567,-0.9894618931020397,classic,0,0,0,none,0,0,0,2.4023293837920625,0.04839648577982864,0.18937630111801412,0
sensor,1768475946102,3011.9976349764734,0,0.05145263671875,0.0196380615234375,-1.01348876953125,0.05145263671875,0.0196380615234375,-1.01348876953125,0.023782560601830482,0.03419232368469238,0.0007571366732008755,10.0186529,9.9847893,3.053367790021786,305.6427968028875,1003.6442208513618,7.8135051126150525,,0,0.2,0.478,0.2949852507374632,0.119,0.04686924197231528,0.0034307757842573106,-0.9897148076868625,classic,0,0,0,none,0,0,0,1.0491350601101563,0.04686924197231528,0.02928203924747753,0
sensor,1768475949131,3018.4609796918776,0,0.0871429443359375,0.0329742431640625,-1.0178375244140625,0.0871429443359375,0.0329742431640625,-1.0178375244140625,-0.00495188171043992,-0.13722629845142365,0.007473628968000412,10.0186724,9.9847337,3.0766218430367123,291.30249386715803,1004.2893660673872,7.8401040060571265,,0,0.119,0.638,0.1571994715984148,0.04,0.05201662697234413,0.0030863798491009772,-0.9890836484469104,classic,0,0,0,none,0,0,0,0.7853811925745916,0.05201662697234413,0.0546231657662145,0
sensor,1768475951123,3022.305339316953,0,0.0944061279296875,0.1212310791015625,-0.9652557373046875,0.0944061279296875,0.1212310791015625,-0.9652557373046875,0.01142948865890503,0.03702859207987785,-0.031376298516988754,10.0186989,9.9847112,3.1051336860131675,308.5843151325789,1002.648950304836,7.855693808999691,,0,0.358,0.31900000000000006,0.5288035450516986,0.12,0.04371540106293684,-0.0013325323288298251,-0.98868663598474,classic,0,0,0,none,0,0,0,0.8063958494096195,0.04371540106293684,0.13536310155835674,0
sensor,1768475953115,3026.900270661299,0,-0.0723724365234375,-0.284332275390625,-1.00067138671875,-0.0723724365234375,-0.284332275390625,-1.00067138671875,0.017238907516002655,-0.07802875339984894,0.006715160794556141,10.0187151,9.9846726,3.099558851924199,300.79155201875085,1002.8838555840775,7.869763643617304,,0,0.08,0.677,0.10568031704095113,0.04,0.03981975095874858,-0.0009263373233779657,-0.9890145444026399,classic,0,0,0,none,0,0,0,2.583642139662623,0.03981975095874858,0.30656049735495705,0
sensor,1768475954113,3031.140994056913,0,0.0505218505859375,0.032684326171875,-1.0035552978515625,0.0505218505859375,0.032684326171875,-1.0035552978515625,0.013886786997318268,0.017285246402025223,0.0033864756114780903,10.0187362,9.9846403,3.1288620211270093,301.66113890411907,1002.6348098814487,7.876275351867266,,0,0.248,0.548,0.3115577889447236,0,0.03725547072480202,0.004048147879282734,-0.9885599930752286,classic,0,0,0,none,0,0,0,1.1840098874823561,0.03725547072480202,0.03511677312932536,0
sensor,1768475956104,3034.3168462324306,0,-0.0091400146484375,0.0786895751953125,-1.0018463134765625,-0.0091400146484375,0.0786895751953125,-1.0018463134765625,-0.001127316034398973,-0.12557603418827057,0.00481472909450531,10.0187534,9.9846172,3.1146669772446143,303.92082083857775,1003.126945705153,7.888338634404422,,0,0.12,0.677,0.15056461731493098,0,0.04002848110266725,-0.005593625526470293,-0.9894116951016826,classic,0,0,0,none,0,0,0,1.8734704668494202,0.04002848110266725,0.0988600393157642,0
sensor,1768475958136,3038.723195032079,0,0.00604248046875,-0.068572998046875,-0.9871368408203125,0.00604248046875,-0.068572998046875,-0.9871368408203125,0.007684284821152687,0.06363756209611893,0.001213868847116828,10.0187727,9.9845821,3.0639559474172384,303.65590554958135,1003.6721076434478,7.899225653979618,,0,0.438,0.19900000000000004,0.6875981161695447,0.16,0.04151684787762863,0.008560740113955575,-0.9906695531387346,classic,0,0,0,none,0,0,0,0.6529458642380658,0.04151684787762863,0.08540067199945531,0
sensor,1768475959132,3042.7889011424304,0,0.1205291748046875,0.128082275390625,-0.96435546875,0.1205291748046875,0.128082275390625,-0.96435546875,-0.008681372739374638,-0.1975434273481369,0.021256286650896072,10.0187921,9.9845506,3.0360240812318744,302.1954695666278,1003.3357565673068,7.904264163308541,,0,0.12,0.399,0.23121387283236994,0.278,0.048510878416148276,-0.0022727143757075336,-0.9912135130177918,classic,0,0,0,none,0,0,0,1.1010409616411698,0.048510878416148276,0.1520892701537004,0
sensor,1768475961124,3046.8564167406817,0,0.0133209228515625,-0.10028076171875,-1.0076141357421875,0.0133209228515625,-0.10028076171875,-1.0076141357421875,0.0443301796913147,0.20441412925720215,0.007487743627279997,10.0188103,9.9845184,2.9796198989027527,301.5026918900337,1003.5062021855265,7.913598476602862,,0,0.08,0.6380000000000001,0.11142061281337046,0.079,0.0451531871817957,-0.007173300340100593,-0.9912256776952177,classic,0,0,0,none,0,0,0,2.6935387646996194,0.0451531871817957,0.10025534417641906,0
sensor,1768475962120,3051.0752940375996,0,0.04998779296875,0.0397186279296875,-1.03082275390625,0.04998779296875,0.0397186279296875,-1.03082275390625,-0.00033396040089428425,-0.05924814194440842,0.01786102168262005,10.0188320,9.9844868,2.972396071253749,303.58195752991486,1004.42228335049,7.917918393273038,,0,0.638,0.15900000000000003,0.8005018820577164,0,0.04785956746044221,0.0040431737611239275,-0.9913528966917882,classic,0,0,0,none,0,0,0,0.7878586007041896,0.04785956746044221,0.053513572430358564,0
sensor,1768475965112,3056.7764804991766,0,-0.0074920654296875,0.0362396240234375,-0.97125244140625,-0.0074920654296875,0.0362396240234375,-0.97125244140625,-0.022484535351395607,-0.03591965138912201,0.00376011710613966,10.0188573,9.9844415,2.9779786012908094,300.96027519363975,1005.9469661368057,7.768778215140896,,0,0.12,0.677,0.15056461731493098,0,0.04785659680832172,0.0026332683160463846,-0.9933622498168242,classic,0,0,0,none,0,0,0,0.9003548692141832,0.04785659680832172,0.0687668213509641,0
sensor,1768475967101,3061.5324392316975,0,0.0667877197265625,0.10211181640625,-0.9672088623046875,0.0667877197265625,0.10211181640625,-0.9672088623046875,0.009186041541397572,-0.01263856329023838,-0.009076585993170738,10.0188757,9.9844023,2.9808826210181825,299.69732978264767,1004.7927171066403,7.416012354090745,,0,0.12,0.5970000000000001,0.16736401673640164,0.08,0.0439060459549477,-0.0031188008694687307,-0.991739138724649,classic,0,0,0,none,0,0,0,0.877948880969058,0.0439060459549477,0.11100314048532696,0
sensor,1768475969133,3065.837418679751,0,-0.0105743408203125,-0.277862548828125,-0.9844207763671875,-0.0105743408203125,-0.277862548828125,-0.9844207763671875,-0.01812147907912731,-0.09142019599676132,0.0038011297583580017,10.0188938,9.9843675,2.9629489337197734,300.02577555602716,1004.7996578831226,7.086062018374485,,0,0.159,0.558,0.22175732217573219,0.08,0.0425237367919863,-0.004070816870390445,-0.9910187930722792,classic,0,0,0,none,0,0,0,2.0568948820394506,0.0425237367919863,0.28037292433752686,0
sensor,1768475970129,3069.88818237981,0,0.0642852783203125,0.13348388671875,-0.9986572265625,0.0642852783203125,0.13348388671875,-0.9986572265625,0.016509467735886574,0.08004636317491531,0.021519672125577927,10.0189101,9.9843345,2.975893009289985,298.92461489129965,1004.842605873011,6.963799764035469,,0,0.04,0.717,0.052840158520475564,0.04,0.03958538636452458,0.001441089843467463,-0.9906553682054197,classic,0,0,0,none,0,0,0,1.390822951069337,0.03958538636452458,0.13524746234307747,0
sensor,1768475971125,3074.2987674069336,0,0.042266845703125,0.073516845703125,-1.011016845703125,0.042266845703125,0.073516845703125,-1.011016845703125,-0.009090966545045376,0.0019017633749172091,-0.005381183233112097,10.0189290,9.9842991,3.022151866995581,298.7049342274932,1004.8725878512487,6.963799437004564,,0,0.048,0.718,0.06266318537859007,0.04,0.04152180317210303,0.005471165692936791,-0.9924127259558057,classic,0,0,0,none,0,0,0,0.6471055444680821,0.04152180317210303,0.07090153402841287,0
sensor,1768475974114,3077.566377298721,0,-0.0090789794921875,0.0243682861328125,-0.998443603515625,-0.0090789794921875,0.0243682861328125,-0.998443603515625,-0.03681367263197899,-0.1488717645406723,-0.005983323790132999,10.0189319,9.9842694,3.0389940244535376,300.06376482237414,1003.8419818840921,6.501239103245655,,0,0.159,0.558,0.22175732217573219,0.08,0.03904952942875469,0.008711963173190385,-0.9894038133076045,classic,0,0,0,none,0,0,0,0.6791189072211721,0.03904952942875469,0.05167033106258947,0
sensor,1768475975113,3080.647054788517,0,0.0211029052734375,0.06805419921875,-0.9598846435546875,0.0211029052734375,0.06805419921875,-0.9598846435546875,0.018855180591344833,0.023839818313717842,0.004222175572067499,10.0189470,9.9842457,3.032215241037403,298.1454355753623,1003.8547601532191,6.342401377042196,,0,0.04,0.757,0.050188205771643665,0,0.03467293870271364,-0.0023979217915445356,-0.9892410641720081,classic,0,0,0,none,0,0,0,0.7521813008802702,0.03467293870271364,0.07791017129764503,0
sensor,1768475977109,3086.207800607989,0,-0.09979248046875,-0.3341827392578125,-0.9931182861328125,-0.09979248046875,-0.3341827392578125,-0.9931182861328125,-0.020448284223675728,-0.15784049034118652,0.002989664673805237,10.0189709,9.9842011,3.0158061220318544,299.32656052272057,1003.6729877777398,6.110051356397274,,0,0.12,0.518,0.18808777429467083,0.159,0.03472580959266852,0.004051703364893794,-0.9907360272205665,classic,0,0,0,none,0,0,0,1.4565594202975118,0.03472580959266852,0.36583933899166093,0
sensor,1768475979134,3090.4801535504093,0,0.057159423828125,0.071441650390625,-0.996856689453125,0.057159423828125,0.071441650390625,-0.996856689453125,0.0018349179299548268,0.04523672163486481,0.0017504957504570484,10.0189915,9.9841682,2.9629283235355572,299.4126798258614,1003.6694018421695,5.840459828954367,,0,0.08,0.7170000000000001,0.10037641154328733,0,0.033566439253955124,0.006748603893376774,-0.9886473031818216,classic,0,0,0,none,0,0,0,0.5702298049754364,0.033566439253955124,0.06969697591697953,0
sensor,1768475980130,3093.590026412781,0,-0.024871826171875,-0.132720947265625,-0.978759765625,-0.024871826171875,-0.132720947265625,-0.978759765625,0.011214837431907654,-0.1996566504240036,0.002368881832808256,10.0190028,9.9841423,2.9158536281416545,301.12549782257724,1003.5263901734725,5.729092757811688,,0,0.322,0.43500000000000005,0.4253632760898282,0.04,0.032184519932831286,-0.004061449853556986,-0.9898797460804245,classic,0,0,0,none,0,0,0,2.612075884754371,0.032184519932831286,0.14189142079080388,0
sensor,1768475982123,3097.9240492072613,0,-0.00225830078125,0.0576629638671875,-0.978271484375,-0.00225830078125,0.0576629638671875,-0.978271484375,-0.030716633424162865,-0.09825360029935837,0.004009122494608164,10.0190220,9.9841078,2.849184662907794,300.2817158463442,1003.446264683269,5.542612718305925,,0,0.088,0.669,0.11624834874504622,0.04,0.03232669768833509,0.00954674900568267,-0.990434662470762,classic,0,0,0,none,0,0,0,0.6733487535862384,0.03232669768833509,0.060795590205362744,0
sensor,1768475984115,3103.34877045127,0,0.0197906494140625,0.003875732421875,-0.9978485107421875,0.0197906494140625,0.003875732421875,-0.9978485107421875,0.0059907808899879456,0.07913636416196823,0.006746319588273764,10.0190427,9.9840630,2.788003118472465,298.98288950143507,1003.9843164002523,5.3722890633996245,,0,0.478,0.24000000000000005,0.6657381615598886,0.079,0.02814922504417476,0.007469709379809067,-0.9894590744873034,classic,0,0,0,none,0,0,0,0.5030581391551668,0.02814922504417476,0.01243817965120952,0
sensor,1768475986107,3108.9851374782115,0,0.0690765380859375,0.0926055908203125,-0.961944580078125,0.0690765380859375,0.0926055908203125,-0.961944580078125,0.004304200876504183,-0.07782742381095886,0.0025009745731949806,10.0190675,9.9840181,2.7471023875789844,298.32494507971234,1003.87000424508,5.251712683820939,,0,0.2,0.518,0.2785515320334262,0.079,0.025174512056188564,-0.0007381659974308127,-0.9891299188155407,classic,0,0,0,none,0,0,0,0.697308143778715,0.025174512056188564,0.10721073421258027,0
sensor,1768475988107,3113.5218171172073,0,0.16790771484375,-0.2057952880859375,-1.034881591796875,0.16790771484375,-0.2057952880859375,-1.034881591796875,-0.026793530210852623,-0.12461889535188675,0.023143136873841286,10.0190875,9.9839819,2.7083135973034898,297.8953701604608,1004.0357472868636,5.061397485157067,,0,0.12,0.677,0.15056461731493098,0,0.031098794267527666,0.0011957198316163544,-0.989038202521058,classic,0,0,0,none,0,0,0,1.9180402842834219,0.031098794267527666,0.25358433901318267,0
sensor,1768475990131,3118.2336451191522,0,0.0371246337890625,0.0815887451171875,-0.98394775390625,0.0371246337890625,0.0815887451171875,-0.98394775390625,-0.007778028026223183,-0.030486803501844406,0.005544967483729124,10.0191089,9.9839448,2.6692993025767686,296.8336989051012,1004.3552302457392,4.919155922379164,,0,0.12,0.558,0.17699115044247785,0.119,0.03123951328184038,0.00798456033184103,-0.9878438854594142,classic,0,0,0,none,0,0,0,0.4957421507447385,0.03123951328184038,0.07431337169429841,0
sensor,1768475991128,3121.6580505644984,0,-0.010101318359375,0.05438232421875,-1.00164794921875,-0.010101318359375,0.05438232421875,-1.00164794921875,0.006087187211960554,-0.012539760209619999,0.003480751533061266,10.0191238,9.9839175,2.6530023868813335,299.57237505613523,1004.2312099765986,4.882148255387695,,0,0.239,0.558,0.29987452948557086,0,0.031143030976171302,-0.0052349885429417015,-0.9884659963068909,classic,0,0,0,none,0,0,0,2.178224455028211,0.031143030976171302,0.07405258247145106,0
sensor,1768475993120,3126.6201636399924,0,0.0011138916015625,0.0355224609375,-0.969512939453125,0.0011138916015625,0.0355224609375,-0.969512939453125,-0.02028103731572628,-0.13644012808799744,0.0070858728140592575,10.0191507,9.9838813,2.6331146038292834,299.37785704522804,1004.3437589891255,4.738336976899745,,0,0,0.597,0,0.2,0.03385222685479088,0.007833230448024713,-0.9892239886015674,classic,0,0,0,none,0,0,0,0.6231223150458116,0.03385222685479088,0.04742842882700022,0
sensor,1768475995112,3131.0929671408767,0,0.0553741455078125,0.0404510498046875,-0.9423980712890625,0.0553741455078125,0.0404510498046875,-0.9423980712890625,-0.003754790872335434,-0.01631505787372589,0.01317838579416275,10.0191719,9.9838466,2.6072606428779292,300.82907847007505,1004.3510214043781,4.575662852823919,,0,0.08,0.6370000000000001,0.1115760111576011,0.08,0.03459907691453471,0.0035350014228901906,-0.9903865675928375,classic,0,0,0,none,0,0,0,0.5221664733976249,0.03459907691453471,0.06433176647703784,0
sensor,1768475997107,3136.658508261959,0,0.0653076171875,0.14520263671875,-0.9734039306640625,0.0653076171875,0.14520263671875,-0.9734039306640625,0.024699220433831215,0.15629799664020538,0.04008829593658447,10.0191943,9.9838011,2.59362523478728,301.3424058553283,1004.2384121138602,4.488756379234441,,0,0.08,0.44100000000000006,0.15355086372360843,0.279,0.03645894650949366,-0.00021079883229843156,-0.9907872400748103,classic,0,0,0,none,0,0,0,1.2460155183507158,0.03645894650949366,0.15001323135407138,0
sensor,1768475999097,3141.821744021161,0,-0.0010223388671875,-0.2014312744140625,-0.954986572265625,-0.0010223388671875,-0.2014312744140625,-0.954986572265625,0.03268737345933914,0.12550093233585358,0.013055614195764065,10.0192090,9.9837564,2.583389940385065,296.8802125256421,1004.2152344612405,4.422247932813129,,0,0.2,0.597,0.25094102885821834,0,0.029850828769268083,-0.004989554419825663,-0.9911933509949745,classic,0,0,0,none,0,0,0,2.4996971647368835,0.029850828769268083,0.20313801108941631,0
sensor,1768476001129,3146.185373734899,0,0.0408935546875,0.052734375,-0.9711456298828125,0.0408935546875,0.052734375,-0.9711456298828125,-0.009781524538993835,-0.024777518585324287,-0.0001954760227818042,10.0192285,9.9837218,2.5530676118492965,297.151843040832,1003.5440338319167,4.418914166029225,,0,0.079,0.3990000000000001,0.1652719665271966,0.319,0.035828149225307075,0.00653228391946442,-0.9934957297972201,classic,0,0,0,none,0,0,0,0.5698807734762531,0.035828149225307075,0.051832591375926225,0
sensor,1768476003121,3151.528777741177,0,0.0468902587890625,0.012908935546875,-0.9965362548828125,0.0468902587890625,0.012908935546875,-0.9965362548828125,0.0377737432718277,-0.0834384337067604,0.041860632598400116,10.0192508,9.9836786,2.5341318092570173,296.451415837606,1003.9264167509973,4.374180778066534,,0,0.319,0.47800000000000004,0.4002509410288582,0,0.030500262915093567,0.0028250488241405433,-0.9938499058923459,classic,0,0,0,none,0,0,0,0.7773162734910584,0.030500262915093567,0.019527853033529535,0
sensor,1768476005113,3156.3545961882014,0,0.022674560546875,0.065521240234375,-1.00146484375,0.022674560546875,0.065521240234375,-1.00146484375,0.007241134997457266,-0.01287318766117096,0.013886786997318268,10.0192681,9.9836382,2.5264548869821435,295.199604006202,1004.2834403766319,4.2644690381849095,,0,0.119,0.6080000000000001,0.1636863823933975,0.07,0.029673350072536398,-0.003814306882067191,-0.9932946755736678,classic,0,0,0,none,0,0,0,0.708414732728413,0.029673350072536398,0.07051777108128278,0
sensor,1768476007106,3162.138683796415,0,0.12384033203125,-0.1713104248046875,-0.9607391357421875,0.12384033203125,-0.1713104248046875,-0.9607391357421875,-0.02786066010594368,0.03308524936437607,0.005623264703899622,10.0192851,9.9835883,2.5310417938509353,294.22571352724054,1004.1514924112707,4.207240442512378,,0,0.319,0.399,0.44428969359331477,0.079,0.033876300128294914,0.004015830920624577,-0.9934608183378594,classic,0,0,0,none,0,0,0,0.9416398242017913,0.033876300128294914,0.20076249563056384,0
sensor,1768476009138,3166.746284612539,0,0.07550048828125,0.035003662109375,-0.9907379150390625,0.07550048828125,0.035003662109375,-0.9907379150390625,0.0031076427549123764,0.00845660176128149,0.010824152268469334,10.0193061,9.9835520,2.526443965489355,297.1018914892,1005.2064781617373,4.213726258822694,,0,0.12,0.558,0.17699115044247785,0.119,0.04275120264467408,0.003998612179040222,-0.9973330863415304,classic,0,0,0,none,0,0,0,0.3212146127203189,0.04275120264467408,0.04580671578631778,0
sensor,1768476011130,3171.714212974696,0,-0.0024261474609375,0.0901947021484375,-0.9965972900390625,-0.0024261474609375,0.0901947021484375,-0.9965972900390625,-0.0064805359579622746,-0.06934764981269836,0.019938554614782333,10.0193217,9.9835095,2.526004881937792,290.62666442834455,1004.8454421497881,4.246965021042027,,0,0.24,0.43800000000000006,0.3539823008849557,0.119,0.041903258861263365,0.002172904439206709,-0.9956202395777973,classic,0,0,0,none,0,0,0,1.2537018544878904,0.041903258861263365,0.09905432888651147,0
sensor,1768476013122,3176.862918338522,0,0.064300537109375,0.0827484130859375,-0.9518890380859375,0.064300537109375,0.0827484130859375,-0.9518890380859375,0.021262411028146744,0.031315580010414124,0.009719206020236015,10.0193387,9.9834658,2.530738997824885,292.2050340847209,1004.5216795429587,4.101766026502165,,0,0,0.677,0,0.12,0.043557760422050076,-0.007915414394414517,-0.9937927738380982,classic,0,0,0,none,0,0,0,1.9806589158015098,0.043557760422050076,0.1025229843361386,0
sensor,1768476015115,3182.390707462875,0,0.0315093994140625,-0.029266357421875,-0.98663330078125,0.0315093994140625,-0.029266357421875,-0.98663330078125,-0.011298727244138718,0.11050546914339066,0.009018261916935444,10.0193596,9.9834200,2.5658943757905597,292.89166582418073,1004.5169237842783,4.022589619140284,,0,0.16,0.597,0.21136063408190225,0.04,0.04453145315708353,0.005615169598932911,-0.9944441352414116,classic,0,0,0,none,0,0,0,0.5244790889312549,0.04453145315708353,0.03823462124058644,0
sensor,1768476017109,3186.324524996917,0,-0.0049896240234375,-0.002288818359375,-0.9799346923828125,-0.0049896240234375,-0.002288818359375,-0.9799346923828125,-0.008922655135393143,0.0686938464641571,0.000702009245287627,10.0193739,9.9833871,2.569671583048963,293.9542955131948,1004.3495467081666,4.0089876638522,,0,0.276,0.521,0.3462986198243413,0,0.04131086608885692,0.0027236866705561604,-0.9933191013856348,classic,0,0,0,none,0,0,0,0.8109504282949155,0.04131086608885692,0.048699695145177656,0
sensor,1768476019107,3191.46320487486,0,0.0345306396484375,0.087249755859375,-0.9661712646484375,0.0345306396484375,0.087249755859375,-0.9661712646484375,-0.0006301039247773588,-0.0889543741941452,0.027333088219165802,10.0193877,9.9833424,2.5562286215366243,288.99287106116503,1004.1148272901773,3.9804065625390583,,0,0.16,0.637,0.20075282308657466,0,0.043718705902360024,-0.0041689389198017466,-0.9930448847981527,classic,0,0,0,none,0,0,0,0.8167733205925575,0.043718705902360024,0.09620977904750647,0
sensor,1768476021105,3198.493170184811,0,-0.096832275390625,-0.3045654296875,-1.011444091796875,-0.096832275390625,-0.3045654296875,-1.011444091796875,-0.018267687410116196,-0.2566773295402527,0.0021696772892028093,10.0194026,9.9832800,2.5925693830748124,285.2097578941446,1004.1993063613772,3.9114680191248055,,0,0,0.76,0,0.037,0.045363600974106764,-0.0004571687806311396,-0.9939606074424678,classic,0,0,0,none,0,0,0,1.6896515500753355,0.045363600974106764,0.3378546698912555,0
sensor,1768476023124,3202.2610062463273,0,0.0673675537109375,0.0502777099609375,-0.976593017578125,0.0673675537109375,0.0502777099609375,-0.976593017578125,-0.008492554537951946,0.013472133316099644,0.0023180153220891953,10.0194137,9.9832475,2.614465241713934,287.5884286306353,1004.6195612205192,3.9664858135904395,,0,0.239,0.47800000000000004,0.33333333333333326,0.08,0.0396609956431759,0.004475985970638282,-0.992468398853253,classic,0,0,0,none,0,0,0,0.5286639120196434,0.0396609956431759,0.0561149639637548,0
sensor,1768476024120,3205.2851050158442,0,0.0426177978515625,-0.1308135986328125,-0.986907958984375,0.0426177978515625,-0.1308135986328125,-0.986907958984375,0.013343235477805138,0.1389530897140503,0.015140603296458721,10.0194225,9.9832214,2.6621181924615107,287.9384717997466,1004.3255291087553,4.005799859675194,,0,0.16,0.637,0.20075282308657466,0,0.03609418199640404,-0.0071682147970981,-0.9916181441966683,classic,0,0,0,none,0,0,0,2.2517313425050856,0.03609418199640404,0.12452956592721823,0
sensor,1768476026112,3210.21502968218,0,0.0102996826171875,0.045501708984375,-1.001220703125,0.0102996826171875,0.045501708984375,-1.001220703125,0.01619148626923561,0.21164727210998535,0.007339139468967915,10.0194336,9.9831778,2.7081388435085514,285.92023120525755,1004.575431868434,3.969628877529312,,0,0.12,0.5970000000000001,0.16736401673640164,0.08,0.0362006724696576,0.007250504510119809,-0.9910814874076331,classic,0,0,0,none,0,0,0,0.41603336700405047,0.0362006724696576,0.0475326908294681,0
sensor,1768476028105,3214.5544153024957,0,0.0048980712890625,0.0115203857421875,-1.0242156982421875,0.0048980712890625,0.0115203857421875,-1.0242156982421875,0.004087153356522322,0.15572142601013184,0.027087543159723282,10.0194451,9.9831399,2.694504488491472,286.4138200959843,1004.141143838875,3.922775212592363,,0,0.518,0.24900000000000003,0.6753585397653195,0.03,0.0407133045070197,0.0029355740692540494,-0.9909520599229201,classic,0,0,0,none,0,0,0,0.5652878122760662,0.0407133045070197,0.049876993778418977,0
sensor,1768476029108,3218.0096249102016,0,-0.00677490234375,0.006988525390625,-1.0048828125,-0.00677490234375,0.006988525390625,-1.0048828125,-0.005862948950380087,0.050572361797094345,0.0043801008723676205,10.0194511,9.9831090,2.7000551067197156,283.87132576141096,1004.4638352068141,3.908040374314879,,0,0.199,0.5569999999999999,0.26322751322751325,0.04,0.04152079409059971,0.005622509000832068,-0.9916445802938657,classic,0,0,0,none,0,0,0,0.46676849510667734,0.04152079409059971,0.05034755683927896,0
sensor,1768476031133,3222.2975375202363,0,-0.004486083984375,0.0084381103515625,-0.9940032958984375,-0.004486083984375,0.0084381103515625,-0.9940032958984375,0.006293848622590303,-0.025008413940668106,0.013578127138316631,10.0194590,9.9830706,2.6877598671463994,282.51744422446245,1004.6033584782854,3.904724481916495,,0,0.04,0.717,0.052840158520475564,0.04,0.043028313280790896,0.003116173599286759,-0.992776518516735,classic,0,0,0,none,0,0,0,0.5373851319568329,0.043028313280790896,0.048067588974084766,0
sensor,1768476032129,3225.5164120678387,0,0.0015106201171875,-0.245025634765625,-1.002349853515625,0.0015106201171875,-0.245025634765625,-1.002349853515625,0.016050338745117188,0.21056495606899261,0.002284725895151496,10.0194643,9.9830417,2.691270614895084,281.37279900890724,1004.1558265462518,3.9176757258220034,,0,0.12,0.47700000000000004,0.20100502512562815,0.199,0.03889028412534831,0.0031011037747456383,-0.9933605597786694,classic,0,0,0,none,0,0,0,1.3080492146774978,0.03889028412534831,0.25234923103231294,0
sensor,1768476034121,3230.268749842015,0,0.0326690673828125,0.0923919677734375,-1.0148773193359375,0.0326690673828125,0.0923919677734375,-1.0148773193359375,0.01023000106215477,0.04309846833348274,0.01008033100515604,10.0194708,9.9829988,2.696579505919944,279.63393021876647,1004.6546224625781,3.8640973305007087,,0,0.199,0.5980000000000001,0.24968632371392718,0,0.04058069973896747,0.006458554045253898,-0.9912536993342175,classic,0,0,0,none,0,0,0,0.6614073808653912,0.04058069973896747,0.08992150784037914,0
sensor,1768476035117,3233.2683761940607,0,0.022857666015625,-0.21368408203125,-0.9646453857421875,0.022857666015625,-0.21368408203125,-0.9646453857421875,0.014252172783017159,0.11686110496520996,-0.0031965922098606825,10.0194752,9.9829718,2.72713144647105,279.32039413060835,1004.5334524782375,3.9037837256019245,,0,0.08,0.7170000000000001,0.10037641154328733,0,0.03966906936481308,-0.0046947928592398075,-0.990298630069195,classic,0,0,0,none,0,0,0,2.3160558332956795,0.03966906936481308,0.2122893692801841,0
sensor,1768476037109,3238.993921647872,0,0.067596435546875,0.0510406494140625,-1.0238189697265625,0.067596435546875,0.0510406494140625,-1.0238189697265625,-0.001969407545402646,0.05159315466880798,0.007935686968266964,10.0194811,9.9829199,2.782916184285584,276.9052793977955,1004.8432768592611,3.951788694832129,,0,0.12,0.5970000000000001,0.16736401673640164,0.08,0.04218241298357005,0.00930742644782095,-0.9895713479889324,classic,0,0,0,none,0,0,0,0.6743689335508669,0.04218241298357005,0.0599692187794046,0
sensor,1768476039108,3242.945885183746,0,0.027130126953125,0.017608642578125,-0.9889984130859375,0.027130126953125,0.017608642578125,-0.9889984130859375,0.005145227070897818,0.10506995767354965,0.006934605073183775,10.0194837,9.9828839,2.7700086997497135,274.4834652294919,1004.6162304813042,3.9839028266230283,,0,0.039,0.757,0.048994974874371856,0,0.04255443337984494,0.006057530105079352,-0.9905353141453996,classic,0,0,0,none,0,0,0,0.5441238713943857,0.04255443337984494,0.019428450874766846,0
sensor,1768476040098,3246.8106476964604,0,-0.0252685546875,-0.1758575439453125,-1.004791259765625,-0.0252685546875,-0.1758575439453125,-1.004791259765625,-0.020010992884635925,-0.07050079852342606,-0.0024399880785495043,10.0194903,9.9828492,2.778282060877717,277.6604000828717,1004.8826966900378,4.015449837102286,,0,0.16,0.637,0.20075282308657466,0,0.0410007620924301,0.007096921259097299,-0.9905421103690005,classic,0,0,0,none,0,0,0,0.8560649652159487,0.0410007620924301,0.1960880952292019,0
sensor,1768476042130,3251.4624338773883,0,0.0629730224609375,0.0984039306640625,-1.0180511474609375,0.0629730224609375,0.0984039306640625,-1.0180511474609375,-0.0011749867117032409,0.005864813458174467,0.008084291592240334,10.0194947,9.9828070,2.779940300152285,276.22012452047403,1005.2816716106609,3.9910294321312834,,0,0.199,0.4780000000000001,0.29394387001477107,0.12,0.04252223304899442,0.010268648023991035,-0.9926394497770015,classic,0,0,0,none,0,0,0,0.7938418974144136,0.04252223304899442,0.09444999849068401,0
sensor,1768476043126,3255.2237684310376,0,0.0451812744140625,0.050689697265625,-1.00860595703125,0.0451812744140625,0.050689697265625,-1.00860595703125,0.012063054367899895,-0.044144026935100555,-0.0030980552546679974,10.0195002,9.9827731,2.8311403473214187,277.29093196793787,1004.9440487707034,3.995002065303383,,0,0.199,0.597,0.25,0,0.024475854145340734,-0.1594677851072484,-0.9876897358178606,classic,0,0,0,none,0,0,0,2.2428357000887966,0.024475854145340734,0.213274691237694,0
sensor,1768476045119,3261.880639057573,0,0.063720703125,0.2499237060546875,-0.97906494140625,0.063720703125,0.2499237060546875,-0.97906494140625,0.02014814503490925,0.13554663956165314,0.009610815905034542,10.0195083,9.9827129,2.9382860011957397,277.848267834168,1004.5096108410507,3.9282483529997987,,0,0.089,0.7080000000000001,0.11166875784190713,0,-0.016705985683124463,-0.06741405716271295,-1.005402043857198,classic,0,0,0,none,0,0,0,2.807045575021568,-0.016705985683124463,0.3300790040083171,0
sensor,1768476047111,3268.740590788671,0,0.2248687744140625,0.3449249267578125,-1.008087158203125,0.2248687744140625,0.3449249267578125,-1.008087158203125,0.02582334168255329,0.11757855862379074,0.018763834610581398,10.0195187,9.9826511,3.2202317023392144,279.1407726909398,1004.7032317072153,3.9016713381602672,,0,0.12,0.677,0.15056461731493098,0,0.05341989386147107,-0.04846771322130229,-0.9890574731850506,classic,0,0,0,none,0,0,0,2.81006461835233,0.05341989386147107,0.4317101971756716,0
sensor,1768476048107,3272.8769732237806,0,0.0977783203125,-0.23162841796875,-0.961578369140625,0.0977783203125,-0.23162841796875,-0.961578369140625,-0.039088279008865356,-0.05311541631817818,0.00004953479583491571,10.0195232,9.9826137,3.303442299884391,278.1322118986583,1004.8528161980212,3.887880237960896,,0,0,0.797,0,0,0.05848983195265916,-0.03623924354859498,-0.9892071814417791,classic,0,0,0,none,0,0,0,1.6083370779103008,0.05848983195265916,0.20221711447649734,0
sensor,1768476050104,3279.731707746179,0,0.0279693603515625,-0.7061309814453125,-0.9635162353515625,0.0279693603515625,-0.7061309814453125,-0.9635162353515625,-0.00899988692253828,0.04385267570614815,-0.039141010493040085,10.0195320,9.9825517,3.3820736408070435,277.0831862473968,1005.41325768549,3.913895205710242,,0,0.479,0.31800000000000006,0.6010037641154328,0,0.046703593316903144,-0.33151422312085865,-1.0023775529758197,classic,0,0,0,none,0,0,0,3.229501979501007,0.046703593316903144,0.3789876178242433,0
sensor,1768476051135,3283.545727658299,0,0.0730743408203125,-0.0601043701171875,-1.0602569580078125,0.0730743408203125,-0.0601043701171875,-1.0602569580078125,0.0049497513100504875,-0.23586446046829224,-0.0031758195254951715,10.0195360,9.9825171,3.4526317839621954,276.65270790120553,1004.7566544488072,3.9598354985951754,,0,0.318,0.43900000000000006,0.42007926023778064,0.04,0.06675199821656215,-0.11650291839914706,-0.9960291259456864,classic,0,0,0,none,0,0,0,1.9807651248537925,0.06675199821656215,0.08613940531055622,0
sensor,1768476052132,3287.7227139417114,0,0.042388916015625,0.0864105224609375,-1.026123046875,0.042388916015625,0.0864105224609375,-1.026123046875,0.04966236278414726,0.04873691126704216,-0.008536762557923794,10.0195427,9.9824796,3.5263720650702144,278.43195215777473,1005.1794222844765,4.028533874132315,,0,0.313,0.43800000000000006,0.4167776298268974,0.046,0.06145691235417548,-0.11430363633626352,-0.9953382946660708,classic,0,0,0,none,0,0,0,3.1068290536567233,0.06145691235417548,0.20497945839468612,0
sensor,1768476053128,3290.976362111633,0,-0.003509521484375,0.312530517578125,-0.9947967529296875,-0.003509521484375,0.312530517578125,-0.9947967529296875,0.013514476828277111,0.2149200290441513,-0.004132959526032209,10.0195449,9.9824500,3.5723313437610176,276.8593364434489,1005.3095259228721,4.1012165396069875,,0,0.279,0.518,0.35006273525721454,0,0.05648132905104451,-0.08438658882917742,-0.9913842487555934,classic,0,0,0,none,0,0,0,2.455075941439609,0.05648132905104451,0.4034568646982308,0
sensor,1768476054124,3295.310623996966,0,0.0413360595703125,0.2126007080078125,-0.9662933349609375,0.0413360595703125,0.2126007080078125,-0.9662933349609375,-0.010429738089442253,-0.08401340991258621,0.030539799481630325,10.0195530,9.9824112,3.631196462093646,280.63253245575885,1004.4912598803639,4.184315094694283,,0,0.08,0.677,0.10568031704095113,0.04,0.024861560614955217,-0.24216538060765339,-0.9848362762801135,classic,0,0,0,none,0,0,0,4.124239090052047,0.024861560614955217,0.457730686123259,0
sensor,1768476055120,3298.7373987136925,0,0.02337646484375,-0.06744384765625,-1.0425262451171875,0.02337646484375,-0.06744384765625,-1.0425262451171875,-0.0005046690348535776,-0.003932689782232046,0.00657614367082715,10.0195549,9.9823800,3.6675168419836566,276.52160310769744,1004.1975860763341,4.245089354236997,,0,0.238,0.43900000000000006,0.35155096011816833,0.12,0.01850450033567779,-0.060821249937502306,-0.9687138658189575,classic,0,0,0,none,0,0,0,2.2729126376185227,0.01850450033567779,0.07464206095143171,0
sensor,1768476056118,3302.829789966732,0,-0.0211029052734375,0.2945709228515625,-0.95672607421875,-0.0211029052734375,0.2945709228515625,-0.95672607421875,0.007032609544694424,-0.025168469175696373,-0.0026343988720327616,10.0195647,9.9823440,3.706588652215226,280.521291667345,1004.3373845228925,4.333567586110527,,0,0.079,0.7180000000000001,0.09912170639899623,0,0.057273108075825314,-0.04972455063082189,-1.0017770868959768,classic,0,0,0,none,0,0,0,3.2143451572927724,0.057273108075825314,0.3577547359178724,0
sensor,1768476057112,3306.7837456996267,0,-0.0616912841796875,-0.4921875,-0.9898834228515625,-0.0616912841796875,-0.4921875,-0.9898834228515625,-0.057501908391714096,0.018937738612294197,-0.0025688852183520794,10.0195701,9.9823083,3.7455590243930237,279.84430117244176,1003.7280093980953,4.355463980989264,,0,0.119,0.678,0.14930991217063988,0,0.06671340601367846,-0.20060501376383916,-0.9927538343837664,classic,0,0,0,none,0,0,0,2.8065882523200503,0.06671340601367846,0.3202173922654965,0
sensor,1768476058113,3310.24714852051,0,-0.01123046875,0.03009033203125,-1.01556396484375,-0.01123046875,0.03009033203125,-1.01556396484375,-0.03490738198161125,-0.27377375960350037,0.020062124356627464,10.0195762,9.9822773,3.767684718594177,280.1218333683347,1003.8044866370037,4.421551458642997,,0,0.12,0.5970000000000001,0.16736401673640164,0.08,0.06268675515982286,-0.02148346952296383,-0.9747085863122165,classic,0,0,0,none,0,0,0,2.195722528697693,0.06268675515982286,0.09945572928223716,0
sensor,1768476059110,3314.71620681867,0,0.0115203857421875,0.1716766357421875,-0.9828338623046875,0.0115203857421875,0.1716766357421875,-0.9828338623046875,0.022819295525550842,0.0677979588508606,-0.0006617955514229834,10.0195815,9.9822369,3.804611596774484,278.42859781757363,1003.892075477168,4.437160710206203,,0,0.079,0.558,0.12401883830455258,0.16,0.0027529593304735037,-0.1693296437219028,-0.9797663416641985,classic,0,0,0,none,0,0,0,3.244274448610576,0.0027529593304735037,0.34284699517740425,0
sensor,1768476060141,3318.0452039834627,0,-0.05352783203125,0.14105224609375,-0.9790191650390625,-0.05352783203125,0.14105224609375,-0.9790191650390625,0.01065237820148468,0.0447152741253376,0.006490922532975674,10.0195860,9.9822068,3.817553951369441,277.436343419322,1003.5455382848158,4.457252996510183,,0,0,0.7170000000000001,0,0.08,0.02827770050504604,0.014804967874629768,-0.9751923811660593,classic,0,0,0,none,0,0,0,1.38716900685133,0.02827770050504604,0.1512393008251545,0
sensor,1768476061137,3321.899984921758,0,0.07598876953125,0.1916961669921875,-0.982696533203125,0.07598876953125,0.1916961669921875,-0.982696533203125,0.025380456820130348,0.06983873248100281,0.021853100508451462,10.0195965,9.9821733,3.8265981656424457,282.52932947313667,1003.3961034398526,4.474807040764989,,0,0.158,0.638,0.1984924623115578,0,0.06222319849935687,0.008660985522062487,-0.9967019028417766,classic,0,0,0,none,0,0,0,1.7615177205085326,0.06222319849935687,0.18501068289257,0
sensor,1768476062133,3325.6190738293794,0,0.10009765625,0.1623382568359375,-0.972259521484375,0.10009765625,0.1623382568359375,-0.972259521484375,0.005771602503955364,0.06541788578033447,0.009519468992948532,10.0196016,9.9821397,3.823836728998426,281.09664391862935,1003.148326809518,4.5528458854087495,,0,0.429,0.07900000000000007,0.8444881889763779,0.289,0.060664552298054134,0.024745360696327434,-0.9948259524452638,classic,0,0,0,none,0,0,0,1.3991759528339347,0.060664552298054134,0.14562817039539372,0
sensor,1768476063130,3329.9447747343856,0,0.013641357421875,0.2505950927734375,-0.947021484375,0.013641357421875,0.2505950927734375,-0.947021484375,0.003969707991927862,0.05386696010828018,0.0178168136626482,10.0196081,9.9821008,3.833790582849436,280.3719904339101,1003.4787267027423,4.606283147876025,,0,0.279,0.279,0.5,0.239,0.03529911226568922,-0.12048678279163884,-1.0272618916981395,classic,0,0,0,none,0,0,0,2.8463370550380844,0.03529911226568922,0.3821862785890961,0
sensor,1768476064126,3333.441321927066,0,0.047454833984375,-0.1543121337890625,-0.918975830078125,0.047454833984375,-0.1543121337890625,-0.918975830078125,-0.027840152382850647,-0.008213454857468605,0.0023345269728451967,10.0196136,9.9820693,3.8386927496972536,279.9771372540871,1003.3980259336531,4.636727968338388,,0,0.239,0.47900000000000004,0.3328690807799443,0.079,0.05197467127753554,0.03508169710737359,-0.9908154338301536,classic,0,0,0,none,0,0,0,1.1445390182960111,0.05197467127753554,0.2036295511317594,0
sensor,1768476065122,3337.5486765983305,0,-0.03125,0.197174072265625,-0.9323577880859375,-0.03125,0.197174072265625,-0.9323577880859375,0.004613127559423447,-0.12340155988931656,0.01449798233807087,10.0196211,9.9820326,3.855798877154168,281.11381890902277,1003.3348750080913,4.705647535418348,,0,0.358,0.35900000000000004,0.4993026499302649,0.08,0.037104853564806625,-0.1298994129015716,-0.9918164631881349,classic,0,0,0,none,0,0,0,3.967479391968144,0.037104853564806625,0.341094311607606,0
sensor,1768476066155,3341.079524498543,0,0.00567626953125,-0.5391693115234375,-1.0258026123046875,0.00567626953125,-0.5391693115234375,-1.0258026123046875,-0.01188329141587019,0.10867774486541748,0.00532445777207613,10.0196269,9.9820009,3.859148579256671,280.9165017158911,1003.4078359622508,4.735057198797091,,0,0.199,0.5140000000000001,0.27910238429172507,0.08,0.034332296140431325,-0.11998817838445472,-0.9903734905330188,classic,0,0,0,none,0,0,0,2.671127839777183,0.034332296140431325,0.4237694286800793,0
sensor,1768476067111,3344.9342216098257,0,0.1025390625,0.1487274169921875,-0.997833251953125,0.1025390625,0.1487274169921875,-0.997833251953125,-0.009455553255975246,-0.1560010462999344,-0.006179865449666977,10.0196306,9.9819659,3.8602058612890167,278.63816774797107,1003.173656298779,4.7757351587643475,,0,0.12,0.677,0.15056461731493098,0,0.07757530016321185,0.04474773949417039,-0.9602599393216948,classic,0,0,0,none,0,0,0,1.7618861702147663,0.07757530016321185,0.1139129216464747,0
sensor,1768476068107,3348.9704360020232,0,-0.018951416015625,-0.42755126953125,-0.9610443115234375,-0.018951416015625,-0.42755126953125,-0.9610443115234375,0.009288040921092033,-0.10786601155996323,-0.004126834217458963,10.0196402,9.9819304,3.867730520587941,281.63901642594743,1003.4076490486041,4.813234992703262,,0,0.199,0.5980000000000001,0.24968632371392718,0,0.03675315621233743,-0.11280853473410676,-0.9778845220037825,classic,0,0,0,none,0,0,0,3.3919541603253585,0.03675315621233743,0.3216858906461542,0
sensor,1768476070107,3356.934343899691,0,0.02630615234375,0.1455535888671875,-1.084075927734375,0.02630615234375,0.1455535888671875,-1.084075927734375,0.04403004050254822,-0.08783291280269623,0.021344702690839767,10.0196544,9.9818591,3.898630153005995,280.96071747360395,1004.063751867041,4.899890030904536,,0,0.119,0.678,0.14930991217063988,0,0.021507452116934587,-0.23013273159399897,-0.9668856611772917,classic,0,0,0,none,0,0,0,3.156688299509936,0.021507452116934587,0.39554703974527305,0
sensor,1768476071175,3359.9323602944255,0,0.1076507568359375,0.2342376708984375,-0.9617919921875,0.1076507568359375,0.2342376708984375,-0.9617919921875,-0.005517803598195314,-0.065489262342453,0.005137770436704159,10.0196564,9.9818318,3.900633632929632,277.65051260398036,1003.6172282947227,4.9313153056983685,,0,0,0.7190000000000001,0,0.078,0.05148687826922758,-0.05136083484338605,-0.9577162938919087,classic,0,0,0,none,0,0,0,1.887483718695141,0.05148687826922758,0.2925598605283008,0
sensor,1768476072132,3363.998907505447,0,0.0510101318359375,0.24969482421875,-0.9719085693359375,0.0510101318359375,0.24969482421875,-0.9719085693359375,0.0027390611357986927,0.05601906031370163,-0.006107959896326065,10.0196645,9.9817956,3.909274973023346,279.05969584395723,1004.2768076583743,5.017727208334456,,0,0.478,0.19900000000000007,0.7060561299852288,0.12,0.025047239374582784,-0.19624235849214366,-0.9667084605715942,classic,0,0,0,none,0,0,0,3.6383399538595946,0.025047239374582784,0.448967439986325,0
sensor,1768476073128,3367.066867216842,0,0.0847930908203125,0.076934814453125,-0.9676055908203125,0.0847930908203125,0.076934814453125,-0.9676055908203125,-0.016632240265607834,-0.08441554754972458,0.003808320267125964,10.0196716,9.9817685,3.893744606977714,282.40281803944106,1003.7054797243327,5.060835068438376,,0,0.079,0.7180000000000001,0.09912170639899623,0,0.025519244073089864,-0.014143092575520983,-0.9731427223104678,classic,0,0,0,none,0,0,0,1.0014127620553321,0.025519244073089864,0.10935501872466069,0
sensor,1768476074125,3371.20274339525,0,0.002899169921875,0.08978271484375,-1.02777099609375,0.002899169921875,0.08978271484375,-1.02777099609375,0.026198580861091614,0.04476534202694893,0.005851763766258955,10.0196810,9.9817320,3.8810433972827854,283.45215524678724,1004.1835621837527,5.029741757881647,,0,0.08,0.6510000000000001,0.10943912448700409,0.079,0.022563674824096467,-0.026517868723140724,-0.9754036347628026,classic,0,0,0,none,0,0,0,1.5690637112304653,0.022563674824096467,0.1297022170522533,0
sensor,1768476076157,3377.6906233664263,0,0.0470733642578125,-0.1246337890625,-1.026092529296875,0.0470733642578125,-0.1246337890625,-1.026092529296875,-0.0302609670907259,-0.1915886104106903,0.011085940524935722,10.0196900,9.9816734,3.846136244291277,279.8460601505336,1004.479782493785,5.008159668669756,,0,0.159,0.518,0.23485967503692762,0.12,0.026045103659676078,-0.014211836673773074,-0.9780763327428333,classic,0,0,0,none,0,0,0,0.7888977500007628,0.026045103659676078,0.12284659548686873,0
sensor,1768476078109,3383.32796539415,0,0.0215301513671875,0.041290283203125,-0.995819091796875,0.0215301513671875,0.041290283203125,-0.995819091796875,-0.010518953204154968,-0.030840735882520676,0.007444600574672222,10.0196970,9.9816224,3.7818792032790745,278.43693250203967,1003.9046557443216,4.921669000307973,,0,0.24,0.43800000000000006,0.3539823008849557,0.119,0.022681607043384254,-0.015037052378569506,-0.981252452997243,classic,0,0,0,none,0,0,0,0.6079007548152138,0.022681607043384254,0.05848418624061795,0
sensor,1768476080105,3387.955690067503,0,0.050048828125,0.09161376953125,-0.9993133544921875,0.050048828125,0.09161376953125,-0.9993133544921875,0.003569700988009572,-0.0049164616502821445,-0.003516171593219042,10.0197015,9.9815804,3.4335917676611563,275.826090633715,1004.0946165611967,4.82095736732476,,0,0.278,0.47900000000000004,0.3672391017173051,0.04,0.023499537510761656,-0.014256137327409064,-0.9842996282335056,classic,0,0,0,none,0,0,0,1.2381081499221875,0.023499537510761656,0.11072947953225906,0
sensor,1768476081177,3391.259776263579,0,0.0361328125,0.060028076171875,-1.014892578125,0.0361328125,0.060028076171875,-1.014892578125,0.003459978848695755,0.03724004700779915,-0.003358778776600957,10.0197040,9.9815504,3.375975059395066,276.0371079479843,1002.9634328493848,4.741423402240306,,0,0.24,0.518,0.31662269129287596,0.039,0.026428280256082237,-0.008001471259834667,-0.9832805907468374,classic,0,0,0,none,0,0,0,0.86764317118637,0.026428280256082237,0.07602080082690038,0
sensor,1768476083130,3395.244277109473,0,0.0067596435546875,0.08294677734375,-1.0062408447265625,0.0067596435546875,0.08294677734375,-1.0062408447265625,0.002871153876185417,-0.00315930787473917,0.014105699025094509,10.0197121,9.9815149,3.064615992551208,279.92782460680377,1004.4307208750397,4.730660144575011,,0,0.279,0.518,0.35006273525721454,0,0.025791659778803138,-0.007255787540877256,-0.9844005008865914,classic,0,0,0,none,0,0,0,0.9741354318226118,0.025791659778803138,0.09521636349516853,0
sensor,1768476085122,3400.6516275094355,0,0.0138702392578125,0.054840087890625,-0.9935760498046875,0.0138702392578125,0.054840087890625,-0.9935760498046875,0.015727831050753593,0.14470897614955902,0.027665715664625168,10.0197194,9.9814661,3.019698672916785,278.4373638480062,1004.1897020917386,4.701133630782802,,0,0.08,0.7170000000000001,0.10037641154328733,0,0.02469451062362805,-0.012086870140035897,-0.9874129273412946,classic,0,0,0,none,0,0,0,0.9490076226227414,0.02469451062362805,0.06841827399161686,0
sensor,1768476087115,3405.3345081524285,0,-0.0130157470703125,0.0005645751953125,-0.993499755859375,-0.0130157470703125,0.0005645751953125,-0.993499755859375,0.024994565173983574,0.22320859134197235,-0.004036020487546921,10.0197266,9.9814240,2.9797094020803088,279.53442198544474,1004.3825317593291,4.549865143065921,,0,0.219,0.3580000000000001,0.3795493934142114,0.22,0.026127095528463085,0.001661596291518591,-0.9896551259684109,classic,0,0,0,none,0,0,0,0.6819380877976257,0.026127095528463085,0.039544217258078516,0
sensor,1768476089107,3409.4075563766633,0,0.02923583984375,0.0202484130859375,-0.996856689453125,0.02923583984375,0.0202484130859375,-0.996856689453125,-0.0024495755787938833,0.10421242564916611,0.0051276502199471,10.0197309,9.9813870,2.9120604368763665,279.40749568788135,1005.0973953455687,4.407841322407817,,0,0.438,0.31900000000000006,0.5785997357992073,0.04,0.028448523573500657,0.0010593535504999088,-0.9888094162008342,classic,0,0,0,none,0,0,0,0.6339263001780233,0.028448523573500657,0.020927665956933503,0
sensor,1768476090111,3412.974214843707,0,0.0960540771484375,-0.054901123046875,-0.9633636474609375,0.0960540771484375,-0.054901123046875,-0.9633636474609375,0.0006109291571192443,0.07321961969137192,0.015179218724370003,10.0197355,9.9813548,2.8858433893087616,278.73724044608275,1005.4686472006142,4.410665520466356,,0,0,0.757,0,0.039,0.03193856072402789,0.0036295329449164515,-0.9896355660152931,classic,0,0,0,none,0,0,0,0.5543810327117831,0.03193856072402789,0.09115777807321068,0
sensor,1768476092136,3416.102035103447,0,0.0596466064453125,0.0286407470703125,-0.9752044677734375,0.0596466064453125,0.0286407470703125,-0.9752044677734375,0.0027569043450057507,0.01684449426829815,0.016077237203717232,10.0197346,9.9813263,2.8188368292641224,272.4086174566156,1005.7568799359724,4.402087004477318,,0,0,0.638,0,0.159,0.03795318271581943,0.0013621152639565902,-0.9888993032111407,classic,0,0,0,none,0,0,0,0.6882514316491514,0.03795318271581943,0.0376351637349255,0
sensor,1768476094128,3420.237407181692,0,0.04150390625,0.140625,-0.9860382080078125,0.04150390625,0.140625,-0.9860382080078125,-0.0009944243356585503,-0.0879351794719696,0.002796052722260356,10.0197368,9.9812886,2.5413253221876713,274.4585628439279,1004.4462553504854,4.438813840185353,,0,0.279,0.398,0.4121122599704579,0.12,0.03862209421960131,-0.0012618068004519823,-0.9885063343020836,classic,0,0,0,none,0,0,0,0.9774029975095598,0.03862209421960131,0.14265078395327022,0
sensor,1768476096160,3425.36241325558,0,0.068328857421875,-0.21234130859375,-0.9400634765625,0.068328857421875,-0.21234130859375,-0.9400634765625,0.004024835303425789,0.06240425631403923,-0.003334810258820653,10.0197387,9.9812418,2.52267276394987,273.57573506716346,1004.1430688146502,4.381244792847792,,0,0.16,0.558,0.2228412256267409,0.079,0.03267051015642248,-0.003365321294724631,-0.9864665266050613,classic,0,0,0,none,0,0,0,2.402514506152639,0.03267051015642248,0.21810602276482927,0
sensor,1768476098112,3429.477022446155,0,0.058135986328125,0.0737152099609375,-0.9828338623046875,0.058135986328125,0.0737152099609375,-0.9828338623046875,-0.0033041839487850666,0.02027677558362484,-0.00023515711654908955,10.0197403,9.9812043,2.513710412482528,272.994501837754,1004.243168387562,4.31430879554428,,0,0.08,0.5970000000000001,0.11816838995568685,0.12,0.034770542710549454,0.005173471311256592,-0.9858572080378346,classic,0,0,0,none,0,0,0,0.5188290835130067,0.034770542710549454,0.07284216964945386,0
sensor,1768476100145,3432.7869822447537,0,0.0519256591796875,0.1094512939453125,-0.9685516357421875,0.0519256591796875,0.1094512939453125,-0.9685516357421875,0.007196127437055111,0.015676164999604225,-0.01221458800137043,10.0197433,9.9811742,2.456020630491962,275.6453729705146,1003.6404152940959,4.278167296746701,,0,0.12,0.5980000000000001,0.16713091922005568,0.079,0.03139602353570072,0.0031056073986911598,-0.9867044609128566,classic,0,0,0,none,0,0,0,0.9466172361685321,0.03139602353570072,0.11037169295940902,0
sensor,1768476102105,3437.730397246648,0,0.0066680908203125,0.0562744140625,-0.9996490478515625,0.0066680908203125,0.0562744140625,-0.9996490478515625,0.03882888704538345,0.2836756706237793,0.009581521153450012,10.0197465,9.9811292,2.4210656916455826,274.80082732638806,1003.6558051509783,4.266991908884073,,0,0.319,0.24300000000000005,0.5676156583629893,0.235,0.03327477700884373,-0.003504063903139716,-0.9878383886067784,classic,0,0,0,none,0,0,0,1.867828025895688,0.03327477700884373,0.06682377105484477,0
sensor,1768476104129,3442.2844967624314,0,0.0014190673828125,0.0962677001953125,-0.9749908447265625,0.0014190673828125,0.0962677001953125,-0.9749908447265625,-0.01091842819005251,-0.04667775705456734,-0.000023169501218944788,10.0197486,9.9810877,2.4103425724885907,273.97175784139375,1003.8993417751044,4.237011554720693,,0,0.199,0.558,0.2628797886393659,0.04,0.03932737003507685,0.009482878005320246,-0.9880357738762001,classic,0,0,0,none,0,0,0,0.8273349824918088,0.03932737003507685,0.09607753695736351,0
sensor,1768476106161,3445.4810634132205,0,0.013885498046875,-0.0093231201171875,-1.1460418701171875,0.013885498046875,-0.0093231201171875,-1.1460418701171875,0.019568907096982002,-0.045405298471450806,0.029507292434573174,10.0197499,9.9810585,2.3593088209078212,273.0599308919329,1004.2271339902654,4.228384125128874,,0,0.159,0.598,0.21003963011889035,0.04,0.04159123568216876,0.0055815065963091565,-0.9895186933721621,classic,0,0,0,none,0,0,0,0.9521054948930299,0.04159123568216876,0.16045584370657953,0
sensor,1768476107117,3448.59551340071,0,0.09283447265625,-0.0286865234375,-0.98974609375,0.09283447265625,-0.0286865234375,-0.98974609375,-0.03512869402766228,-0.10494079440832138,0.006095709279179573,10.0197519,9.9810301,2.347189648887273,273.54016692687344,1004.0547108417377,4.233442613376863,,0,0.279,0.496,0.36000000000000004,0.022,0.04192314549492734,0.00971655357418266,-0.9904974819533275,classic,0,0,0,none,0,0,0,0.6804856078800219,0.04192314549492734,0.06409605665483321,0
sensor,1768476109111,3452.087244809559,0,0.01470947265625,0.0457611083984375,-0.969482421875,0.01470947265625,0.0457611083984375,-0.969482421875,-0.01122309360653162,-0.04081214591860771,0.0062392535619437695,10.0197506,9.9809983,2.3201003495005836,271.5304367840833,1004.3234201939777,4.238223110424839,,0,0.151,0.558,0.21297602256699574,0.088,0.04189517343505043,0.007212893786209056,-0.988706939030493,classic,0,0,0,none,0,0,0,0.6942875197582079,0.04189517343505043,0.05119327328864652,0
sensor,1768476111182,3456.1036603587067,0,0.031890869140625,0.1031036376953125,-0.99359130859375,0.031890869140625,0.1031036376953125,-0.99359130859375,0.0006077333819121122,-0.139402374625206,-0.007216900121420622,10.0197524,9.9809617,2.2645219790126525,271.9752091680557,1004.5158312413841,4.259784012885202,,0,0.12,0.677,0.15056461731493098,0,0.035935238455007845,0.004258737083254276,-0.9884860744200173,classic,0,0,0,none,0,0,0,0.7494077869597088,0.035935238455007845,0.09955703368225492,0
sensor,1768476113134,3461.4589244585122,0,-0.008331298828125,-0.258636474609375,-1.0211334228515625,-0.008331298828125,-0.258636474609375,-1.0211334228515625,-0.002016545506194234,-0.10241984575986862,0.004667456261813641,10.0197521,9.9809128,2.255260701168316,271.1877413372082,1004.5929285204038,4.252049201836882,,0,0.12,0.637,0.15852047556142668,0.032,0.036378904171577735,0.0030115320912696524,-0.9900780124834245,classic,0,0,0,none,0,0,0,1.994221835873712,0.036378904171577735,0.26859401342491707,0
sensor,1768476115127,3464.974493169982,0,-0.026092529296875,0.050689697265625,-1.055633544921875,-0.026092529296875,0.050689697265625,-1.055633544921875,-0.0023212111555039883,0.08224746584892273,-0.00487145408987999,10.0197533,9.9808807,2.253881140275489,272.4462508714982,1004.3148055709898,4.233746457459613,,0,0.478,0.2910000000000001,0.6215864759427827,0.04,0.030996361704325844,0.009618050618092473,-0.9912441053844456,classic,0,0,0,none,0,0,0,0.5551660532899875,0.030996361704325844,0.0958312488169857,0
sensor,1768476117119,3468.8308359312528,0,0.0249176025390625,0.10003662109375,-0.990325927734375,0.0249176025390625,0.10003662109375,-0.990325927734375,0.00971680972725153,-0.05047835409641266,0.0011805793037638068,10.0197534,9.9808455,2.2210373629740916,270.68267100116674,1004.2838432695717,4.254710006703897,,0,0.359,0.3980000000000001,0.4742404227212681,0.04,0.029548719923867452,0.005774800624154005,-0.9905452658755872,classic,0,0,0,none,0,0,0,0.9738562190079864,0.029548719923867452,0.09485002112602699,0
sensor,1768476119111,3473.684601592168,0,-0.027557373046875,-0.18377685546875,-0.9541778564453125,-0.027557373046875,-0.18377685546875,-0.9541778564453125,0.012648151256144047,0.10703377425670624,0.009701629169285297,10.0197551,9.9808012,2.2139393387251505,271.97297648742153,1005.0645273784176,4.279075848561035,,0,0.478,0.31900000000000006,0.5997490589711417,0,0.03100630721433364,0.00012577049741376825,-0.9922671541287068,classic,0,0,0,none,0,0,0,2.418039935694844,0.03100630721433364,0.19771343873002203,0
sensor,1768476121223,3477.711377756999,0,0.125,0.0599365234375,-0.9687957763671875,0.125,0.0599365234375,-0.9687957763671875,0.002388589084148407,-0.00446905056014657,0.0035814191214740276,10.0197561,9.9807644,2.2128089250512053,271.7507108322655,1005.1626283656806,4.2802696091738115,,0,0.358,0.3990000000000001,0.47291941875825616,0.04,0.031253925958877014,0.011693808609160205,-0.9909813397907549,classic,0,0,0,none,0,0,0,0.7137730126356678,0.031253925958877014,0.10828130235613985,0
sensor,1768476123136,3481.730692244309,0,0.07904052734375,-0.0025634765625,-1.0598602294921875,0.07904052734375,-0.0025634765625,-1.0598602294921875,0.014643391594290733,-0.04097326472401619,0.013214338570833206,10.0197578,9.9807278,2.193264974901931,273.0247344443154,1005.5163918146864,4.285606771327002,,0,0.119,0.638,0.1571994715984148,0.04,0.030667812061613516,0.008824117583463359,-0.9916041878819755,classic,0,0,0,none,0,0,0,0.6832999230499355,0.030667812061613516,0.084854623707022,0
sensor,1768476125128,3486.2312795603902,0,0.100311279296875,0.0413818359375,-0.9958648681640625,0.100311279296875,0.0413818359375,-0.9958648681640625,-0.001430916483514011,-0.10493440181016922,0.019844012334942818,10.0197581,9.9806867,2.1784435858656783,271.96716969002057,1005.063321204856,4.267096238347987,,0,0.079,0.5980000000000001,0.11669128508124076,0.12,0.03908219071990755,0.00018600322452015362,-0.9916471973753763,classic,0,0,0,none,0,0,0,0.687553207186872,0.03908219071990755,0.0742895556256896,0
sensor,1768476127120,3491.0483870192593,0,0.1441802978515625,-0.06927490234375,-0.960540771484375,0.1441802978515625,-0.06927490234375,-0.960540771484375,-0.027633491903543472,-0.1319284737110138,-0.003209908027201891,10.0197584,9.9806427,2.195183613256598,271.1542097725927,1004.4890148751438,4.202656678651041,,0,0.279,0.518,0.35006273525721454,0,0.04325452423606777,0.010315703874875997,-0.9910908177064998,classic,0,0,0,none,0,0,0,0.6893961610643018,0.04325452423606777,0.13277740526845266,0
sensor,1768476129113,3494.2941644930793,0,0.0273895263671875,0.039703369140625,-1.0283660888671875,0.0273895263671875,0.039703369140625,-1.0283660888671875,0.0073319487273693085,0.04194824770092964,-0.0017840516520664096,10.0197546,9.9806133,2.1863827336490584,266.756353418589,1004.1989056551829,4.215838739842201,,0,0.16,0.637,0.20075282308657466,0,0.042592906439484796,0.007624877213846001,-0.9907060230138749,classic,0,0,0,none,0,0,0,0.5928365464172047,0.042592906439484796,0.05201384172809063,0
sensor,1768476131185,3498.8120173333623,0,0.0312347412109375,0.0809783935546875,-0.9929656982421875,0.0312347412109375,0.0809783935546875,-0.9929656982421875,-0.0006564692012034357,-0.07910999655723572,0.0062485747039318085,10.0197545,9.9805720,2.1664320353919297,267.9146125378735,1004.1680695163086,4.2224903599241355,,0,0.159,0.638,0.19949811794228356,0,0.04638568970401581,0.002355398565812786,-0.989138599037142,classic,0,0,0,none,0,0,0,0.5724687160819395,0.04638568970401581,0.08056373978636563,0
sensor,1768476133137,3503.74599872917,0,-0.0590667724609375,-0.234619140625,-1.023284912109375,-0.0590667724609375,-0.234619140625,-1.023284912109375,-0.026008697226643562,-0.16543583571910858,0.007898669689893723,10.0197532,9.9805270,2.174130406716827,268.02256379082564,1004.4564094021916,4.150067983982735,,0,0.199,0.558,0.2628797886393659,0.04,0.043719682143262634,0.007373883290243141,-0.9907830294190277,classic,0,0,0,none,0,0,0,1.3403168528601694,0.043719682143262634,0.2662502032491159,0
sensor,1768476135130,3507.567479048649,0,0.0583648681640625,0.0568695068359375,-0.9850921630859375,0.0583648681640625,0.0568695068359375,-0.9850921630859375,0.0008809737046249211,0.0012753878254443407,-0.0033427998423576355,10.0197522,9.9804921,2.1802980657350886,268.63733921422386,1004.6169027620926,4.171534599638945,,0,0.12,0.638,0.15831134564643798,0.039,0.03936846084909078,0.009654162506209162,-0.9925784783766891,classic,0,0,0,none,0,0,0,0.504431478520103,0.03936846084909078,0.051699699374023675,0
sensor,1768476137122,3511.3475795329878,0,0.0739898681640625,0.04315185546875,-0.9969329833984375,0.0739898681640625,0.04315185546875,-0.9969329833984375,0.010423612780869007,0.08528240770101547,-0.012617791071534157,10.0197519,9.9804576,2.1556071873416607,269.9293149587658,1004.6246718876064,4.214006390222388,,0,0.478,0.31500000000000006,0.6027742749054223,0,0.03420955252579958,0.008340915067642177,-0.9932960250140709,classic,0,0,0,none,0,0,0,0.9057814291734598,0.03420955252579958,0.053252131891123794,0
sensor,1768476138118,3514.874975987062,0,0.1770782470703125,0.078399658203125,-0.941497802734375,0.1770782470703125,0.078399658203125,-0.941497802734375,0.004256263840943575,0.05729870870709419,-0.0009097357979044318,10.0197519,9.9804254,2.164378761502146,269.9305182765454,1004.6697050193325,4.217958302752276,,0,0.359,0.11900000000000005,0.7510460251046024,0.319,0.036535850685391884,0.012116287209028067,-0.9934288121667895,classic,0,0,0,none,0,0,0,0.7443600960369995,0.036535850685391884,0.1646600488466968,0
sensor,1768476140110,3518.340593683974,0,-0.0303802490234375,0.009979248046875,-1.0669708251953125,-0.0303802490234375,0.009979248046875,-1.0669708251953125,0.004023503512144089,0.11601288616657257,0.006974286399781704,10.0197525,9.9803938,2.1526877184690876,270.72804200449787,1004.7950790785253,4.208867143321276,,0,0.199,0.43900000000000006,0.3119122257053291,0.159,0.035967479146064296,0.008352984133500854,-0.9949239341320983,classic,0,0,0,none,0,0,0,0.794837138667962,0.035967479146064296,0.09844845842691947,0
sensor,1768476142110,3523.3899102553855,0,0.097869873046875,0.0799713134765625,-0.96685791015625,0.097869873046875,0.0799713134765625,-0.96685791015625,-0.011933891102671623,-0.08164186775684357,0.018544122576713562,10.0197510,9.9803477,2.147865392118523,269.7344024724623,1004.4729694910347,4.184355122317044,,0,0.319,0.356,0.47259259259259256,0.04,0.03653735535700234,0.0014168804194828874,-0.9941219468695923,classic,0,0,0,none,0,0,0,0.7392336512948814,0.03653735535700234,0.10384299917456143,0
sensor,1768476144135,3528.1085702450273,0,0.1215667724609375,-0.2824859619140625,-1.016937255859375,0.1215667724609375,-0.2824859619140625,-1.016937255859375,0.003359045134857297,0.46861329674720764,-0.005976399872452021,10.0197526,9.9803046,2.1622635763733142,270.5699517499947,1004.3260254431516,4.1759105246062305,,0,0.08,0.6370000000000001,0.1115760111576011,0.08,0.037648151492857246,0.00425171809820938,-0.9937963906108837,classic,0,0,0,none,0,0,0,2.02431222925862,0.037648151492857246,0.30116619158047986,0
sensor,1768476146207,3532.4263111039395,0,0.0727691650390625,0.0862274169921875,-0.97637939453125,0.0727691650390625,0.0862274169921875,-0.97637939453125,-0.009696569293737411,-0.06564479321241379,0.008097074925899506,10.0197500,9.9802653,2.1830517995602223,266.19469644099263,1005.1160619538277,4.167911781353638,,0,0.24,0.28300000000000003,0.4588910133843212,0.279,0.04235760830176939,0.01111708443424419,-0.9955757088042975,classic,0,0,0,none,0,0,0,0.7019668574058205,0.04235760830176939,0.08369466030489321,0
sensor,1768476148119,3536.7526245166437,0,0.074676513671875,-0.060699462890625,-0.9524688720703125,0.074676513671875,-0.060699462890625,-0.9524688720703125,-0.0011470235185697675,-0.016107330098748207,-0.010524280369281769,10.0197485,9.9802258,2.1874464803073135,266.5035692270616,1004.8891342859715,4.0816999128255995,,0,0.677,0.039999999999999994,0.9442119944211994,0.08,0.04377110445800573,0.008217193647100274,-0.9944304798640248,classic,0,0,0,none,0,0,0,0.9284903639121075,0.04377110445800573,0.08683688342385654,0
sensor,1768476150112,3542.420232249433,0,0.03631591796875,0.0662841796875,-0.9745635986328125,0.03631591796875,0.0662841796875,-0.9745635986328125,0.01248170342296362,0.1571645885705948,0.010271545499563217,10.0197492,9.9801741,2.230133481078324,268.76452491702446,1004.697174044326,3.9885865798285542,,0,0.199,0.5569999999999999,0.26322751322751325,0.04,0.03808450709673958,0.0007841306918977581,-0.9937163748816109,classic,0,0,0,none,0,0,0,0.7354111849822084,0.03808450709673958,0.06860879795150965,0
sensor,1768476152104,3547.261399884465,0,0.0459136962890625,-0.0953521728515625,-0.983245849609375,0.0459136962890625,-0.0953521728515625,-0.983245849609375,-0.01062255073338747,0.0621187649667263,0.001184307737275958,10.0197534,9.9801301,2.288971775429621,271.7307782425165,1004.6289258645847,3.963737916994702,,0,0.159,0.5409999999999999,0.22714285714285717,0.04,0.03686679760113989,0.008621861229397986,-0.9943893740241284,classic,0,0,0,none,0,0,0,0.7046821621186752,0.03686679760113989,0.10548754574754873,0
sensor,1768476153108,3550.305255092526,0,0.04766845703125,0.0974578857421875,-0.9878692626953125,0.04766845703125,0.0974578857421875,-0.9878692626953125,0.006104231346398592,0.05897117406129837,0.020534036681056023,10.0197551,9.9801023,2.365652734289194,272.3031869494437,1004.5738838063553,3.9637379304410287,,0,0.199,0.558,0.2628797886393659,0.04,0.037162917020619864,0.0013381599929830439,-0.9934932117345453,classic,0,0,0,none,0,0,0,0.6378050948257021,0.037162917020619864,0.09734225760216424,0
sensor,1768476155132,3553.6877759319837,0,0.0402679443359375,-0.2523956298828125,-1.039825439453125,0.0402679443359375,-0.2523956298828125,-1.039825439453125,-0.014065485447645187,-0.04291044920682907,0.012842562049627304,10.0197652,9.9800732,2.402512194796551,271.874604571481,1005.0100930901244,3.980051944163343,,0,0.08,0.677,0.10568031704095113,0.04,0.042588190034426245,0.0006569449715134572,-0.9938374707280874,classic,0,0,0,none,0,0,0,2.0836645730259002,0.042588190034426245,0.258500360250329,0
sensor,1768476157125,3558.298983132766,0,0.0822906494140625,0.0673370361328125,-0.9704742431640625,0.0822906494140625,0.0673370361328125,-0.9704742431640625,0.0009121326729655266,0.034745994955301285,0.0037968687247484922,10.0197686,9.9800312,2.400197153654485,270.31600998277514,1005.0884192241356,4.029797823735599,,0,0.439,0.268,0.6209335219236208,0.04,0.043062163103529574,0.008569829825617308,-0.994605478728024,classic,0,0,0,none,0,0,0,0.4881805954677133,0.043062163103529574,0.07503961533961868,0
sensor,1768476159117,3562.912080375487,0,0.0048065185546875,-0.033294677734375,-1.0485076904296875,0.0048065185546875,-0.033294677734375,-1.0485076904296875,0.017962755635380745,0.08606936782598495,-0.000391218374716118,10.0197644,9.9799893,2.396709061161651,267.1664825816667,1004.7444578390568,4.084853199407699,,0,0.239,0.558,0.29987452948557086,0,0.04037423424389872,0.006254636861336299,-0.99429234847995,classic,0,0,0,none,0,0,0,0.9251415218052794,0.04037423424389872,0.07633239592648822,0
sensor,1768476161189,3567.5364691201817,0,0.026397705078125,0.0706939697265625,-1.002593994140625,0.026397705078125,0.0706939697265625,-1.002593994140625,0.015571236610412598,0.08266904950141907,0.03477396070957184,10.0197625,9.9799472,2.393854691787079,269.070797866997,1004.8795598568395,4.096012064221916,,0,0.148,0.718,0.17090069284064666,0,0.03850672782413035,-0.00017979506756725914,-0.9936747226568904,classic,0,0,0,none,0,0,0,0.5691706970865605,0.03850672782413035,0.07281594215583619,0
sensor,1768476163106,3571.5363260863996,0,0.0074462890625,-0.0124664306640625,-1.0161285400390625,0.0074462890625,-0.0124664306640625,-1.0161285400390625,-0.029415680095553398,-0.056899234652519226,0.00032676986302249134,10.0197574,9.9799110,2.385753534882868,267.5197879678109,1004.5985922720283,4.136440673124139,,0,0.12,0.677,0.15056461731493098,0,0.03557799829130106,0.011978697885604527,-0.9936736872590021,classic,0,0,0,none,0,0,0,0.6342621767469784,0.03557799829130106,0.04372930946248469,0
sensor,1768476165134,3576.059149451419,0,0.0191650390625,0.046295166015625,-0.973052978515625,0.0191650390625,0.046295166015625,-0.973052978515625,0.007423028815537691,-0.03837961331009865,0.012989568524062634,10.0197539,9.9798699,2.3677685295322592,269.23031945574024,1004.7691155672073,4.182386501518126,,0,0.279,0.47800000000000004,0.368560105680317,0.04,0.033979936987650276,0.008785714005257567,-0.9959192490005582,classic,0,0,0,none,0,0,0,0.4884036094974812,0.033979936987650276,0.046593581758707175,0
sensor,1768476167127,3581.5200531188,0,0.0808258056640625,0.1041412353515625,-0.983795166015625,0.0808258056640625,0.1041412353515625,-0.983795166015625,-0.001555552356876433,-0.0455632247030735,0.007398793939501047,10.0197506,9.9798201,2.362710479490879,263.36477849657996,1004.5612236224115,4.22304646022135,,0,0.159,0.501,0.2409090909090909,0.12,0.032548950488563745,0.003840955391501115,-0.9950351401095343,classic,0,0,0,none,0,0,0,0.7308214384688607,0.032548950488563745,0.11244222688044386,0
sensor,1768476169119,3586.313399132762,0,-0.127105712890625,-0.271484375,-0.9055328369140625,-0.127105712890625,-0.271484375,-0.9055328369140625,-0.0181124247610569,-0.06900463253259659,0.028801288455724716,10.0197492,9.9797764,2.3550015536606383,270.8697343690623,1004.9852055720985,4.19049960287964,,0,0.159,0.598,0.21003963011889035,0.04,0.03535692493736845,0.0039901414173096296,-0.9949306638073049,classic,0,0,0,none,0,0,0,1.879695876065143,0.03535692493736845,0.333741424064389,0
sensor,1768476171231,3591.0617937970947,0,0.015869140625,0.0931549072265625,-1.0180511474609375,0.015869140625,0.0931549072265625,-1.0180511474609375,0.004554538056254387,-0.015322497114539146,0.0025939189363271,10.0197446,9.9797333,2.338331802428637,266.23342465567623,1005.202650712803,4.119683326970137,,0,0.524,0.27899999999999997,0.6525529265255293,0.04,0.03678172918411434,0.011019910608136247,-0.9904775828773386,classic,0,0,0,none,0,0,0,0.5412216721829038,0.03678172918411434,0.08957585182440364,0
sensor,1768476173104,3595.8128292637166,0,0.04864501953125,0.0745391845703125,-0.9775543212890625,0.04864501953125,0.0745391845703125,-0.9775543212890625,0.00404587434604764,0.10593468695878983,0.012922989204525948,10.0197446,9.9796899,2.3380291329789396,262.9815438168664,1005.1773070339113,4.167945704744269,,0,0.557,0.19999999999999998,0.7357992073976223,0.04,0.03694680840284333,0.007738211217170212,-0.990488270371924,classic,0,0,0,none,0,0,0,1.0357314254653225,0.03694680840284333,0.06938681547508686,0
sensor,1768476175107,3600.493745779344,0,0.078460693359375,0.08074951171875,-1.0162353515625,0.078460693359375,0.08074951171875,-1.0162353515625,0.050503119826316833,0.45337361097335815,0.009432650171220303,10.0197372,9.9796478,2.3451549398946394,265.618549405226,1005.1610705899075,4.187110335226546,,0,0.199,0.5980000000000001,0.24968632371392718,0,0.028160757799685476,0.0013889413049626867,-0.9907250592826697,classic,0,0,0,none,0,0,0,1.5494369095257914,0.028160757799685476,0.09784918979609337,0
sensor,1768476177128,3605.3897450004233,0,0.019683837890625,-0.0379180908203125,-0.9876861572265625,0.019683837890625,-0.0379180908203125,-0.9876861572265625,-0.006452839355915785,0.052681319415569305,0.00077631144085899,10.0197350,9.9796031,2.3513039761388836,268.2940062630663,1005.2597606508061,4.061793899625098,,0,0.08,0.7250000000000001,0.09937888198757763,0,0.031737951078666955,0.012809958912937916,-0.9912495202423183,classic,0,0,0,none,0,0,0,0.58564914977749,0.031737951078666955,0.05252479221374756,0
sensor,1768476179120,3610.237685922565,0,0.0300445556640625,0.015045166015625,-0.9970703125,0.0300445556640625,0.015045166015625,-0.9970703125,0.010906975716352463,0.06459550559520721,0.00141041015740484,10.0197337,9.9795589,2.360772237925729,264.6695016700678,1005.1734940223396,4.0431917963024135,,0,0.04,0.717,0.052840158520475564,0.04,0.031104224445759342,0.010683060443133585,-0.9890578988511016,classic,0,0,0,none,0,0,0,0.5017978616656185,0.031104224445759342,0.009230357547273612,0
sensor,1768476181232,3614.744411090583,0,0.0183563232421875,0.158294677734375,-0.98016357421875,0.0183563232421875,0.158294677734375,-0.98016357421875,-0.00044607947347685695,-0.05409466102719307,0.014843394979834557,10.0197338,9.9795177,2.3605057487829058,265.2410147103855,1005.2934268442914,4.0705172146672925,,0,0.319,0.49100000000000005,0.39382716049382716,0,0.03590169015122884,0.007859243080039723,-0.9905521979778747,classic,0,0,0,none,0,0,0,1.1436320685320935,0.03590169015122884,0.15257388153532273,0
sensor,1768476183105,3619.0875147161587,0,0.026824951171875,-0.1477203369140625,-1.0381622314453125,0.026824951171875,-0.1477203369140625,-1.0381622314453125,0.014641793444752693,-0.02966148965060711,0.0007795072160661221,10.0197300,9.9794783,2.363937900678044,263.2548819632383,1005.795888167806,4.076091861543739,,0,0,0.757,0,0.04,0.03503367746245454,0.0030992096893025962,-0.9905549485038255,classic,0,0,0,none,0,0,0,2.256878346971874,0.03503367746245454,0.15916365660263243,0
sensor,1768476184104,3622.523818292814,0,-0.0120086669921875,0.0908355712890625,-0.984375,-0.0120086669921875,0.0908355712890625,-0.984375,-0.004170776344835758,0.03545892611145973,-0.008241417817771435,10.0197273,9.9794470,2.4182972138591174,267.98637549653455,1005.0331641789526,4.119707019439937,,0,0.239,0.558,0.29987452948557086,0,0.03437776189086072,0.009367842409728409,-0.9903214592538395,classic,0,0,0,none,0,0,0,1.1570845761888544,0.03437776189086072,0.09440846770663172,0
sensor,1768476186219,3627.5975118782007,0,-0.00885009765625,-0.0438995361328125,-0.9974822998046875,-0.00885009765625,-0.0438995361328125,-0.9974822998046875,0.008916529826819897,-0.06591083854436874,0.021827533841133118,10.0197177,9.9794017,2.7540107813511017,258.86620260330415,1004.7536535263062,4.126508669997498,,0,0.325,0.23900000000000005,0.576241134751773,0.239,0.03625934648388067,0.0008174487826528477,-0.9902734933109981,classic,0,0,0,none,0,0,0,1.7380809347284458,0.03625934648388067,0.06424648236538584,0
sensor,1768476187129,3632.1284878170713,0,0.072540283203125,0.052398681640625,-1.00042724609375,0.072540283203125,0.052398681640625,-1.00042724609375,0.008439823985099792,0.00535375252366066,0.008564460091292858,10.0197259,9.9793612,3.094214468289873,273.73837060898165,1004.1891999607906,4.126508596577892,,0,0.08,0.5980000000000001,0.11799410029498525,0.119,0.03538267472252113,0.009265250574410359,-0.990110463129316,classic,0,0,0,none,0,0,0,1.1478086022140275,0.03538267472252113,0.05814933944086662,0
sensor,1768476188125,3637.7503740337133,0,0.022857666015625,0.070281982421875,-1.0068206787109375,0.022857666015625,0.070281982421875,-1.0068206787109375,-0.017425861209630966,-0.07076045870780945,-0.003269829088822007,10.0197344,9.9793106,3.493846225238248,277.377988093921,1004.8667610390112,4.126508517481997,,0,0.278,0.35,0.4426751592356688,0.16,0.032745847169812374,0.011184837610322247,-0.9929609580906723,classic,0,0,0,none,0,0,0,0.4729454425482454,0.032745847169812374,0.06180978474932409,0
sensor,1768476189122,3642.14787543757,0,-0.0410308837890625,-0.0605621337890625,-0.99896240234375,-0.0410308837890625,-0.0605621337890625,-0.99896240234375,0.03333505243062973,0.14958763122558594,0.00726377172395587,10.0197183,9.9793473,3.465299218872839,263.7159935703057,1006.0489734308794,4.1475863924993694,,0,0.079,0.7180000000000001,0.09912170639899623,0,0.025788558334337977,-0.0008726422080758175,-0.9927976421316403,classic,0,0,0,none,0,0,0,2.1264861311809864,0.025788558334337977,0.09026041922435077,0
sensor,1768476191273,3647.1908707744724,0,0.103271484375,0.00067138671875,-0.978057861328125,0.103271484375,0.00067138671875,-0.978057861328125,-0.022534336894750595,-0.1078345850110054,-0.004234958905726671,10.0197081,9.9793024,3.2091141763694218,264.400988366363,1006.0557074379176,4.135879607951374,,0,0.285,0.518,0.3549190535491905,0,0.03225518639799472,0.01058958543690929,-0.9934870936257528,classic,0,0,0,none,0,0,0,0.4973142649900112,0.03225518639799472,0.07371533155165842,0
sensor,1768476193109,3651.970859049851,0,0.02203369140625,0.0472259521484375,-0.975006103515625,0.02203369140625,0.0472259521484375,-0.975006103515625,0.0020130835473537445,-0.012708604335784912,0.016032762825489044,10.0197077,9.9792588,3.144573796693658,267.012972713021,1005.8638758035377,4.190539066631319,,0,0.159,0.638,0.19949811794228356,0,0.03253842675736318,0.008534994819087215,-0.9924338688713519,classic,0,0,0,none,0,0,0,0.8697923216120099,0.03253842675736318,0.04393542542396138,0
sensor,1768476195099,3656.260548802296,0,0.0647125244140625,0.0550689697265625,-0.970703125,0.0647125244140625,0.0550689697265625,-0.970703125,0.008225439116358757,0.06125802919268608,0.010959440842270851,10.0197082,9.9792196,3.0765606270884733,262.7766928682321,1005.7824735250324,4.196283811494448,,0,0.16,0.637,0.20075282308657466,0,0.03499406147269806,0.001177699666723602,-0.9924113986304552,classic,0,0,0,none,0,0,0,0.7629994324848776,0.03499406147269806,0.06558668896679021,0
sensor,1768476197131,3660.920484096549,0,0.047821044921875,-0.06268310546875,-0.96673583984375,0.047821044921875,-0.06268310546875,-0.96673583984375,-0.0129951611161232,0.08660066872835159,0.007190801203250885,10.0197000,9.9791779,2.9983260711315114,261.92561041368606,1005.3897045645863,4.191511765229432,,0,0.199,0.4030000000000001,0.3305647840531561,0.199,0.03844257943619652,0.011901103592870641,-0.9933279415896482,classic,0,0,0,none,0,0,0,0.6268010335991528,0.03844257943619652,0.08013712479375995,0
sensor,1768476199123,3665.8954438565315,0,0.077301025390625,0.03216552734375,-0.98626708984375,0.077301025390625,0.03216552734375,-0.98626708984375,-0.0001400822657160461,0.012030031532049179,0.00430047232657671,10.0196977,9.9791325,2.914091729590916,262.843771871129,1005.4236527672037,4.242349507253187,,0,0.16,0.596,0.21164021164021166,0.04,0.04507682916172148,0.009597012031512406,-0.9940896221710191,classic,0,0,0,none,0,0,0,0.29898547407821463,0.04507682916172148,0.04031301879499099,0
sensor,1768476201116,3671.205395573172,0,0.0237884521484375,0.093841552734375,-0.9867095947265625,0.0237884521484375,0.093841552734375,-0.9867095947265625,0.0012636699248105288,-0.014356834813952446,-0.007636880502104759,10.0196849,9.9790858,2.8464777180475056,260.9560391972388,1005.6423713453114,4.215769877286033,,0,0.16,0.597,0.21136063408190225,0.04,0.04769079095178779,0.008077062456904854,-0.9920003873554976,classic,0,0,0,none,0,0,0,1.18653659166211,0.04769079095178779,0.08963822464416313,0
sensor,1768476203110,3675.952322900568,0,0.1118011474609375,0.0009307861328125,-0.94317626953125,0.1118011474609375,0.0009307861328125,-0.94317626953125,0.02736983820796013,0.18830785155296326,0.011914183385670185,10.0196818,9.9790425,2.789165702618619,264.4920772135879,1005.7640937222168,4.237838316702166,,0,0.079,0.518,0.1323283082077052,0.2,0.0467632166499805,-0.0009384461229602006,-0.9951008403368106,classic,0,0,0,none,0,0,0,1.7789444731874104,0.0467632166499805,0.08366245638068392,0
sensor,1768476205102,3680.828426119631,0,0.022613525390625,0.026611328125,-0.9934844970703125,0.022613525390625,0.026611328125,-0.9934844970703125,0.009395365603268147,0.12929007411003113,0.006457366514950991,10.0196754,9.9789985,2.7273040193995883,263.8617754190405,1005.6850134870037,4.187859148012339,,0,0.359,0.43800000000000006,0.45043914680050184,0,0.04798062271665409,0.011717152053042175,-0.9952068774604894,classic,0,0,0,none,0,0,0,0.4719376736876348,0.04798062271665409,0.02961488118608868,0
sensor,1768476206284,3684.1200981487264,0,0.08856201171875,0.07275390625,-0.9836883544921875,0.08856201171875,0.07275390625,-0.9836883544921875,-0.012299543246626854,-0.18392668664455414,0.013196495361626148,10.0196753,9.9789684,2.6930104706918923,262.6110979772053,1005.569848802872,4.156268900692104,,0,0.159,0.598,0.21003963011889035,0.04,0.05323252721231663,-0.002485413850161692,-0.9933964246733576,classic,0,0,0,none,0,0,0,1.2277744850368715,0.05323252721231663,0.084106699566469,0
sensor,1768476208128,3688.61334589761,0,0.050872802734375,-0.05450439453125,-0.99322509765625,0.050872802734375,-0.05450439453125,-0.99322509765625,-0.022162826731801033,-0.1498800367116928,0.0011166634503751993,10.0196684,9.9789280,2.650656854603403,263.97038457908866,1005.7062928443775,4.120814781146183,,0,0.16,0.558,0.2228412256267409,0.079,0.05238050311148968,0.009170720795874976,-0.9925420043057139,classic,0,0,0,none,0,0,0,0.5916347297803115,0.05238050311148968,0.06401670895677383,0
sensor,1768476210120,3693.7073658324744,0,0.06378173828125,0.0313262939453125,-0.96612548828125,0.06378173828125,0.0313262939453125,-0.96612548828125,-0.0019885823130607605,0.03611326217651367,-0.0004996090428903699,10.0196632,9.9788818,2.606588455100067,262.3350631087893,1005.2372352797538,4.121018282102798,,0,0.16,0.597,0.21136063408190225,0.039,0.04542905037950697,0.008788752626919983,-0.992541682430905,classic,0,0,0,none,0,0,0,0.5111771377058885,0.04542905037950697,0.03947302214212513,0
sensor,1768476212113,3699.089683588059,0,0.0619049072265625,0.139434814453125,-0.9804229736328125,0.0619049072265625,0.139434814453125,-0.9804229736328125,0.002302036387845874,-0.020145215094089508,0.018159030005335808,10.0196624,9.9788327,2.5787917119324093,261.63752407129755,1005.2168385786936,4.163683465862356,,0,0.274,0.48800000000000004,0.35958005249343833,0.04,0.05042587474318698,0.006196518870454057,-0.989616756728801,classic,0,0,0,none,0,0,0,1.4146082336570773,0.05042587474318698,0.13472112422608506,0
sensor,1768476214109,3703.9964877835605,0,0.1155853271484375,0.1024169921875,-0.9898529052734375,0.1155853271484375,0.1024169921875,-0.9898529052734375,0.020922858268022537,0.3249967396259308,0.017123326659202576,10.0196563,9.9787883,2.5657569768261803,261.88604056232623,1004.9940321492031,4.18305836358722,,0,0.239,0.558,0.29987452948557086,0,0.04390762952266363,-0.0014999980734550816,-0.9889780129399725,classic,0,0,0,none,0,0,0,1.742137831768022,0.04390762952266363,0.1268770031700316,0
sensor,1768476216138,3708.7497580046183,0,0.0298004150390625,-0.0819549560546875,-0.966796875,0.0298004150390625,-0.0819549560546875,-0.966796875,0.008800149895250797,0.07734671980142593,0.008393485099077225,10.0196454,9.9787463,2.551902395310809,264.4661120730765,1005.0144999977201,4.19330345032889,,0,0.319,0.398,0.4449093444909344,0.08,0.04560341112150643,0.009673806215389923,-0.9886592567865499,classic,0,0,0,none,0,0,0,0.6556126425947657,0.04560341112150643,0.09599714911272486,0
sensor,1768476218130,3713.952284917584,0,0.0953369140625,0.0314483642578125,-0.9598388671875,0.0953369140625,0.0314483642578125,-0.9598388671875,-0.0191382747143507,-0.007437409833073616,0.007108243182301521,10.0196433,9.9786989,2.5333270104449306,261.3388381332827,1004.7849175585434,4.212154051178584,,0,0.119,0.678,0.14930991217063988,0,0.045567122374850125,0.008859076000328847,-0.9883039065901679,classic,0,0,0,none,0,0,0,0.48860097561169546,0.045567122374850125,0.061934069548115686,0
sensor,1768476220122,3719.059470182522,0,0.0062713623046875,0.062957763671875,-0.9856719970703125,0.0062713623046875,0.062957763671875,-0.9856719970703125,-0.005215002223849297,-0.0619877353310585,0.00939243659377098,10.0196341,9.9786532,2.524692052798743,258.3878765302435,1004.9825720684603,4.16294005793222,,0,0.119,0.638,0.1571994715984148,0.04,0.05055842359680362,0.00675363507132768,-0.9895351038246571,classic,0,0,0,none,0,0,0,1.1166274471847188,0.05055842359680362,0.07202021174405185,0
sensor,1768476222114,3723.9614374061216,0,-0.006072998046875,0.07537841796875,-0.9784698486328125,-0.006072998046875,0.07537841796875,-0.9784698486328125,0.008286692202091217,0.11287648230791092,0.018924688920378685,10.0196273,9.9786090,2.524916761196179,258.9233614792867,1004.804513447918,4.135654914858563,,0,0.12,0.677,0.15056461731493098,0,0.042439162969660806,-0.00013392817634754118,-0.988646284844731,classic,0,0,0,none,0,0,0,1.0352079682195576,0.042439162969660806,0.09078166730800222,0
sensor,1768476224110,3728.46382302173,0,0.0351715087890625,-0.1612548828125,-0.9893341064453125,0.0351715087890625,-0.1612548828125,-0.9893341064453125,-0.007797469384968281,-0.026212163269519806,-0.0007480819476768374,10.0196219,9.9785682,2.5246652121402247,257.8479418559026,1004.6402628421783,4.099445553092232,,0,0.12,0.5970000000000001,0.16736401673640164,0.08,0.04125960927633412,0.008233062004695946,-0.987111901126063,classic,0,0,0,none,0,0,0,0.8227172258374751,0.04125960927633412,0.1704641321669349,0
sensor,1768476226109,3733.701180818689,0,0.0406951904296875,0.0715789794921875,-0.9723358154296875,0.0406951904296875,0.0715789794921875,-0.9723358154296875,-0.007937285117805004,-0.009160208515822887,0.007487210910767317,10.0196095,9.9785221,2.503561308154989,257.7688603753018,1005.3810493387282,4.098296523353983,,0,0,0.797,0,0,0.04237374498109349,0.008470148959087999,-0.9876168773135273,classic,0,0,0,none,0,0,0,0.5052346047147656,0.04237374498109349,0.06528064008250717,0
sensor,1768476227135,3736.868166361809,0,0.07403564453125,0.0350341796875,-1.0038604736328125,0.07403564453125,0.0350341796875,-1.0038604736328125,0.03190493583679199,0.11152812838554382,0.014097442850470543,10.0196023,9.9784941,2.4864473794809645,256.373632781651,1004.9304359313101,4.12573261920406,,0,0.518,0.279,0.6499372647427855,0,0.0434655808744168,-0.0025118639310804133,-0.9892364046932768,classic,0,0,0,none,0,0,0,2.161349830247678,0.0434655808744168,0.050831798078625284,0
sensor,1768476228131,3740.0699403033504,0,-0.0147705078125,0.025543212890625,-1.0610504150390625,-0.0147705078125,0.025543212890625,-1.0610504150390625,0.01335575245320797,0.20162233710289001,0.022759374231100082,10.0195975,9.9784653,2.504038312311584,258.5337819650488,1004.5142893875018,4.091077350958742,,0,0,0.677,0,0.119,0.04508543733527352,0.00706860542896019,-0.9900551820991635,classic,0,0,0,none,0,0,0,0.8253138122558537,0.04508543733527352,0.09515612913779364,0
sensor,1768476230123,3744.781784333714,0,0.0475921630859375,0.05694580078125,-0.9817657470703125,0.0475921630859375,0.05694580078125,-0.9817657470703125,-0.008892028592526913,-0.06421440839767456,-0.004487160127609968,10.0195870,9.9784236,2.526540679758904,257.6908857796508,1004.9012769060209,4.055149112851924,,0,0.119,0.678,0.14930991217063988,0,0.047181879470960184,-0.00047215482128657306,-0.9916619459884162,classic,0,0,0,none,0,0,0,0.608615001875907,0.047181879470960184,0.05855877633495755,0
sensor,1768476232116,3749.5110608594146,0,0.1623077392578125,-0.1390838623046875,-0.93377685546875,0.1623077392578125,-0.1390838623046875,-0.93377685546875,-0.034814704209566116,-0.16090206801891327,0.0057162088342010975,10.0195748,9.9783822,2.5484215562303785,252.23255000886166,1004.7337417621166,4.055450031863276,,0,0.279,0.47900000000000004,0.36807387862796836,0.039,0.04812310020538138,0.007504971451312693,-0.990551967941706,classic,0,0,0,none,0,0,0,0.9502704953852419,0.04812310020538138,0.1952695058591635,0
sensor,1768476234108,3754.4980767587904,0,0.0423736572265625,0.0320587158203125,-1.0238494873046875,0.0423736572265625,0.0320587158203125,-1.0238494873046875,-0.0032352081034332514,0.017187776044011116,-0.0075607141479849815,10.0195643,9.9783379,2.5476049425021685,253.87153703997322,1005.0030825529248,4.01420981006773,,0,0.239,0.558,0.29987452948557086,0,0.04759380597364619,0.008652382148432699,-0.9909005875099101,classic,0,0,0,none,0,0,0,0.4638013449308965,0.04759380597364619,0.04095691835908846,0
sensor,1768476236140,3759.184578893084,0,0.0146484375,0.1350555419921875,-0.9942779541015625,0.0146484375,0.1350555419921875,-0.9942779541015625,0.009051285684108734,0.0829492136836052,0.034742265939712524,10.0195602,9.9782954,2.535337963488194,262.49598759688826,1005.5599426273257,3.940350621645822,,0,0.279,0.359,0.4373040752351097,0.159,0.04912606117411419,0.005304382842987124,-0.993352537329071,classic,0,0,0,none,0,0,0,1.2343554841102615,0.04912606117411419,0.13493159908592886,0
sensor,1768476238132,3764.505470148059,0,0.0864715576171875,0.051605224609375,-0.976593017578125,0.0864715576171875,0.051605224609375,-0.976593017578125,0.0007901599165052176,-0.02328934334218502,0.01209794171154499,10.0195456,9.9782491,2.5257902407495263,255.47058350368707,1005.3553765537217,3.9120533773545403,,0,0.159,0.649,0.19678217821782176,0,0.04775340553129463,-0.001417042280923508,-0.9929419339560465,classic,0,0,0,none,0,0,0,1.0995189284696072,0.04775340553129463,0.06799901631202608,0
sensor,1768476240125,3768.6138892776157,0,0.057525634765625,0.0134429931640625,-0.970916748046875,0.057525634765625,0.0134429931640625,-0.970916748046875,-0.021462680771946907,0.0994403064250946,0.006062153726816177,10.0195349,9.9782132,2.4862070828398144,251.44212315555,1005.4197813132778,3.9046167432030026,,0,0.199,0.5160000000000001,0.2783216783216783,0.08,0.045768129138400865,0.011819674788024908,-0.99033882439288,classic,0,0,0,none,0,0,0,0.5890704807098556,0.045768129138400865,0.022875995710177583,0
sensor,1768476241121,3772.061132765829,0,0.052764892578125,0.0531005859375,-0.985931396484375,0.052764892578125,0.0531005859375,-0.985931396484375,0.013644971884787083,0.05544115602970123,0.01341887004673481,10.0195304,9.9781820,2.4875993309774587,257.0880596614052,1005.5932477749884,3.90883955568172,,0,0.108,0.6890000000000001,0.13550815558343787,0,0.046318961277169494,0.0011773699093324164,-0.9919584517381038,classic,0,0,0,none,0,0,0,0.6345359819278524,0.046318961277169494,0.052932449251941814,0
sensor,1768476243113,3776.7622716936785,0,0.033905029296875,-0.1479644775390625,-1.00726318359375,0.033905029296875,-0.1479644775390625,-1.00726318359375,-0.032694827765226364,-0.24726997315883636,0.001895105466246605,10.0195193,9.9781406,2.486733616018954,255.05750080404556,1004.7563927713782,3.8882090320782394,,0,0.24,0.557,0.30112923462986196,0,0.046520639269997575,0.008622315273527876,-0.9903009575638406,classic,0,0,0,none,0,0,0,0.9388666657852212,0.046520639269997575,0.15880126695979938,0
sensor,1768476244109,3779.9077042237022,0,0.0603485107421875,0.0911865234375,-0.985687255859375,0.0603485107421875,0.0911865234375,-0.985687255859375,-0.0015478292480111122,-0.19246532022953033,0.00321843009442091,10.0195138,9.9781124,2.5055632567493205,257.2582874869867,1004.9702639868483,3.8234713724474587,,0,0.119,0.518,0.1868131868131868,0.16,0.047996571480765825,0.0030145240986859897,-0.9897483101123873,classic,0,0,0,none,0,0,0,0.6115042435716429,0.047996571480765825,0.08957341917025685,0
sensor,1768476246141,3784.4449120296235,0,-0.0222930908203125,-0.143157958984375,-1.00140380859375,-0.0222930908203125,-0.143157958984375,-1.00140380859375,-0.02648194134235382,-0.21524547040462494,0.006931941956281662,10.0195043,9.9780721,2.5174522219769084,256.2291268225262,1004.6389257842675,3.8335222212917315,,0,0.119,0.677,0.1494974874371859,0,0.04687160829587077,-0.0009080443091558136,-0.9907317207951513,classic,0,0,0,none,0,0,0,2.4082388983877454,0.04687160829587077,0.1593295696243899,0
sensor,1768476248134,3788.5734948392965,0,0.0471038818359375,-0.047393798828125,-0.9535064697265625,0.0471038818359375,-0.047393798828125,-0.9535064697265625,-0.009139169938862324,0.06500802934169769,0.010146111249923706,10.0194918,9.9780367,2.5039899344730783,250.07554352143478,1004.4725209847093,3.8578165138274265,,0,0.279,0.438,0.3891213389121339,0.08,0.04134856632635518,0.007904605464760546,-0.9904306796243243,classic,0,0,0,none,0,0,0,0.3808471605957149,0.04134856632635518,0.06707693432796887,0
sensor,1768476249130,3791.6685524735603,0,0.079986572265625,0.0535430908203125,-0.98828125,0.079986572265625,0.0535430908203125,-0.98828125,-0.005306348204612732,0.04418503865599632,0.003078347770497203,10.0194860,9.9780090,2.497968718010542,254.7905733067638,1004.4823253042996,3.842396473961354,,0,0.278,0.47800000000000004,0.36772486772486773,0.04,0.045700830785722436,0.006120337576991101,-0.9897995899994727,classic,0,0,0,none,0,0,0,0.5935769715995673,0.045700830785722436,0.05883248277204664,0
sensor,1768476251122,3795.671486218465,0,0.07928466796875,-0.000213623046875,-0.96319580078125,0.07928466796875,-0.000213623046875,-0.96319580078125,-0.014027401804924011,0.04344228282570839,0.007866711355745792,10.0194743,9.9779744,2.459455678234029,252.86785804712105,1004.651457907632,3.818446826478027,,0,0,0.638,0,0.159,0.045984805445656876,0.007172898829103109,-0.9894483757968915,classic,0,0,0,none,0,0,0,0.3230867494626538,0.045984805445656876,0.04325858893866984,0
sensor,1768476253115,3800.9118499801257,0,0.138641357421875,0.043731689453125,-0.96160888671875,0.138641357421875,0.043731689453125,-0.96160888671875,0.0014197311829775572,-0.04926901310682297,0.03808613121509552,10.0194631,9.9779280,2.441639849693309,258.0348068900515,1004.3331238571554,3.80608674125606,,0,0.2,0.597,0.25094102885821834,0,0.04581017484976705,0.004977043593481785,-0.9895293185703011,classic,0,0,0,none,0,0,0,1.3060872778462722,0.04581017484976705,0.10492337909223973,0
sensor,1768476255107,3805.36920209872,0,0.1131591796875,-0.0569305419921875,-0.9860382080078125,0.1131591796875,-0.0569305419921875,-0.9860382080078125,-0.006710899528115988,0.1405152976512909,0.01630839891731739,10.0194479,9.9778903,2.4321395002562736,253.1215986886338,1004.6031129807234,3.7383459331543665,,0,0.159,0.638,0.19949811794228356,0,0.042500772361223293,0.006044490442630535,-0.9913809870605466,classic,0,0,0,none,0,0,0,0.7669247257807512,0.042500772361223293,0.09527622566436922,0
sensor,1768476257103,3809.5685237217554,0,0.038818359375,0.0500640869140625,-0.999542236328125,0.038818359375,0.0500640869140625,-0.999542236328125,0.008073106408119202,0.19215106964111328,-0.002704173792153597,10.0194318,9.9778556,2.417435993988203,247.96626834242713,1004.5371510637924,3.7024766290810214,,0,0.583,0.13400000000000006,0.813110181311018,0.079,0.04460302604232524,0.006596756744008454,-0.9902735114052261,classic,0,0,0,none,0,0,0,0.39924500565864307,0.04460302604232524,0.04504464336323172,0
sensor,1768476259131,3813.0257728561787,0,0.0395050048828125,0.16632080078125,-1.0045623779296875,0.0395050048828125,0.16632080078125,-1.0045623779296875,0.011533351615071297,0.07658611983060837,0.010086989030241966,10.0194237,9.9778251,2.3504081803104695,258.0118395357173,1005.072437690571,3.704579545165969,,0,0.119,0.638,0.1571994715984148,0.04,0.04792116788624267,0.006738464066738915,-0.9901676015959667,classic,0,0,0,none,0,0,0,1.3149497663697898,0.04792116788624267,0.16125741225728418,0
sensor,1768476261124,3818.937947953169,0,0.0167694091796875,-0.12353515625,-1.049102783203125,0.0167694091796875,-0.12353515625,-1.049102783203125,-0.024757543578743935,-0.00686083547770977,0.02841166779398918,10.0194066,9.9777740,2.345236498027125,253.02616912036757,1005.0277405912057,3.7192527936872666,,0,0.399,0.15900000000000003,0.7150537634408601,0.239,0.05228335922167061,-0.003511875770117575,-0.9933140036531198,classic,0,0,0,none,0,0,0,2.327814388142978,0.05228335922167061,0.13772591071610238,0
sensor,1768476263116,3823.021332498766,0,0.0323028564453125,0.081756591796875,-1.0131683349609375,0.0323028564453125,0.081756591796875,-1.0131683349609375,-0.008948753587901592,-0.08709228783845901,-0.001731853699311614,10.0193877,9.9777421,2.347961922070897,245.42326811639924,1004.8811970055103,3.6915978551872253,,0,0.279,0.398,0.4121122599704579,0.12,0.053941749681537705,0.008341224843145235,-0.9929486954201793,classic,0,0,0,none,0,0,0,0.5408794374215986,0.053941749681537705,0.07956150900343652,0
sensor,1768476265111,3826.880688717174,0,0.0440826416015625,0.0233001708984375,-0.9476165771484375,0.0440826416015625,0.0233001708984375,-0.9476165771484375,0.008591091260313988,0.019479159265756607,0.014985873363912106,10.0193728,9.9777102,2.3192745274945943,246.85393533299293,1005.0661113290116,3.6633374451886773,,0,0.199,0.4780000000000001,0.29394387001477107,0.12,0.05167764087205222,0.007472802406824449,-0.9894591162045274,classic,0,0,0,none,0,0,0,0.8238284631962515,0.05167764087205222,0.045604089935126435,0
sensor,1768476266108,3830.236217313126,0,0.054046630859375,0.0419769287109375,-0.990325927734375,0.054046630859375,0.0419769287109375,-0.990325927734375,-0.0156513974070549,-0.07950334995985031,-0.0070824106223881245,10.0193601,9.9776824,2.318269624613725,246.09760345872365,1004.411286576651,3.6672777692812137,,0,0.119,0.678,0.14930991217063988,0,0.05085864007486413,0.01022310643948227,-0.9901969407204477,classic,0,0,0,none,0,0,0,0.5197278964648663,0.05085864007486413,0.03207408458689625,0
sensor,1768476268136,3834.4542920161116,0,0.0530548095703125,0.001556396484375,-0.9750213623046875,0.0530548095703125,0.001556396484375,-0.9750213623046875,0.0017038905061781406,-0.10416608303785324,0.020858677104115486,10.0193441,9.9776475,2.3024367863092086,245.52886472368584,1004.8028347278014,3.714959781028019,,0,0.16,0.637,0.20075282308657466,0,0.04634918801317699,0.00879371815252126,-0.9918214641868024,classic,0,0,0,none,0,0,0,0.7458156496890477,0.04634918801317699,0.01958091276701509,0
sensor,1768476269133,3837.5214634633853,0,0.0212554931640625,-0.001922607421875,-0.9956207275390625,0.0212554931640625,-0.001922607421875,-0.9956207275390625,-0.003777693957090378,0.10569154471158981,-0.0033923345617949963,10.0193322,9.9776222,2.31338864572818,245.02654238148585,1005.1847907751799,3.762676161108749,,0,0.159,0.439,0.26588628762541805,0.199,0.043680824168926935,0.0104832188048581,-0.991103017178867,classic,0,0,0,none,0,0,0,0.30389849384712064,0.043680824168926935,0.026154023216806294,0
sensor,1768476271125,3841.859875887073,0,0.0241851806640625,0.00091552734375,-0.9745941162109375,0.0241851806640625,0.00091552734375,-0.9745941162109375,-0.0041526672430336475,-0.07269790768623352,0.035843219608068466,10.0193143,9.9775871,2.314927797901795,243.91583602564816,1005.1219029938802,3.746483656809262,,0,0.12,0.5970000000000001,0.16736401673640164,0.079,0.04136826259516674,0.0076578866286395155,-0.9918976396746594,classic,0,0,0,none,0,0,0,0.882971165126622,0.04136826259516674,0.02542792295516171,0
sensor,1768476273117,3846.9321378035374,0,0.1203460693359375,0.053619384765625,-0.9228057861328125,0.1203460693359375,0.053619384765625,-0.9228057861328125,-0.022430740296840668,-0.19985425472259521,0.04784901440143585,10.0192907,9.9775474,2.317473842425905,240.62156720661937,1005.2691134857014,3.823682314918431,,0,0.119,0.31900000000000006,0.27168949771689493,0.359,0.04527466429045037,-0.0012467483722089076,-0.9901983051866438,classic,0,0,0,none,0,0,0,0.7716934165274031,0.04527466429045037,0.11541504825290869,0
sensor,1768476275110,3852.020449507548,0,0.0152435302734375,-0.07464599609375,-0.9753875732421875,0.0152435302734375,-0.07464599609375,-0.9753875732421875,-0.020268520340323448,-0.02726704068481922,0.014578410424292088,10.0192650,9.9775090,2.3532901153422237,237.8968921351103,1005.5684526450932,3.882564306398803,,0,0.239,0.399,0.3746081504702194,0.159,0.04554857052486934,0.009713688970132795,-0.9897412483463177,classic,0,0,0,none,0,0,0,0.625449176178726,0.04554857052486934,0.09123602324072838,0
sensor,1768476277111,3856.6288953489543,0,0.0325469970703125,0.03076171875,-0.967681884765625,0.0325469970703125,0.03076171875,-0.967681884765625,-0.006886401679366827,0.027309119701385498,0.017162742093205452,10.0192390,9.9774762,2.380467186770623,233.40087868978128,1005.3043807614595,3.936760437222832,,0,0.04,0.717,0.052840158520475564,0.04,0.04224243266918161,0.008074886072822123,-0.9920614823955912,classic,0,0,0,none,0,0,0,0.3940624328334184,0.04224243266918161,0.03485943272590075,0
sensor,1768476279134,3861.205229922696,0,0.0628814697265625,0.19952392578125,-0.97589111328125,0.0628814697265625,0.19952392578125,-0.97589111328125,0.00552312983199954,0.03582138195633888,0.05258571356534958,10.0192117,9.9774449,2.368929639177837,230.09606556779974,1005.512018699199,3.980243689037594,,0,0.159,0.649,0.19678217821782176,0,0.04891211388450479,0.005891154845061081,-0.990760374565185,classic,0,0,0,none,0,0,0,1.3349664354907014,0.04891211388450479,0.19568303198809525,0
sensor,1768476280130,3864.634371134719,0,0.041229248046875,0.043121337890625,-1.0115814208984375,0.041229248046875,0.043121337890625,-1.0115814208984375,0.017543040215969086,0.019906330853700638,0.004607534967362881,10.0191922,9.9774207,2.384677083973608,230.73329055905953,1005.340169114992,3.9465425368463896,,0,0.279,0.398,0.4121122599704579,0.12,0.049558752453046806,0.008433327086370773,-0.9915949674601492,classic,0,0,0,none,0,0,0,0.43121669462731227,0.049558752453046806,0.041096767238027236,0
sensor,1768476282123,3868.6645956506045,0,0.0100860595703125,0.1313934326171875,-1.0253143310546875,0.0100860595703125,0.1313934326171875,-1.0253143310546875,-0.03129959851503372,-0.13362917304039001,0.02406725287437439,10.0191684,9.9773929,2.37166250723138,227.9851603893364,1004.6864517843351,4.057878771578615,,0,0.119,0.43800000000000006,0.21364452423698382,0.24,0.047619524617628604,0.007473339585254143,-0.9931122576591139,classic,0,0,0,none,0,0,0,1.6220237991774518,0.047619524617628604,0.1340943225031079,0
sensor,1768476283118,3871.90893403679,0,0.0445556640625,0.0620880126953125,-0.9955902099609375,0.0445556640625,0.0620880126953125,-0.9955902099609375,-0.010305901058018208,-0.05705396458506584,-0.0036424053832888603,10.0191483,9.9773715,2.3790887246608907,226.94022732265722,1005.3936368012801,4.047358695894536,,0,0,0.757,0,0.04,0.04818464064877349,0.008311797168573219,-0.993576049542306,classic,0,0,0,none,0,0,0,0.367410604876799,0.04818464064877349,0.05420718027259159,0
sensor,1768476284115,3874.964082082038,0,0.02886962890625,-0.12890625,-0.9788360595703125,0.02886962890625,-0.12890625,-0.9788360595703125,0.031025560572743416,0.09593744575977325,0.011183678172528744,10.0191285,9.9773521,2.409366665342133,225.87049303028752,1005.2661485774443,3.986005200483082,,0,0.121,0.5970000000000001,0.16852367688022282,0.079,0.04972670369136155,-0.004364672353310407,-0.9916475674038411,classic,0,0,0,none,0,0,0,2.5825821262737345,0.04972670369136155,0.12756202714844123,0
sensor,1768476286112,3880.6930894105258,0,0.061920166015625,0.0414581298828125,-0.96148681640625,0.061920166015625,0.0414581298828125,-0.96148681640625,-0.02954058162868023,-0.09520667791366577,0.023309849202632904,10.0190913,9.9773159,2.501011247008348,224.2820646413018,1005.5832692552358,3.9735042423628197,,0,0.199,0.558,0.2628797886393659,0.04,0.050756345928680155,0.008722765568255526,-0.9917520311630557,classic,0,0,0,none,0,0,0,0.5481040395505589,0.050756345928680155,0.04618982399760016,0
sensor,1768476288101,3884.4391423047887,0,0.057373046875,0.039520263671875,-1.0684356689453125,0.057373046875,0.039520263671875,-1.0684356689453125,0.016569655388593674,-0.03465571627020836,0.03533188998699188,10.0190643,9.9772955,2.5008248913065336,218.69619411147005,1005.39433272928,3.944530462005909,,0,0.12,0.637,0.15852047556142668,0.04,0.047007614311076695,0.007178417897249729,-0.9930759354354443,classic,0,0,0,none,0,0,0,0.832443036120462,0.047007614311076695,0.08307447115940879,0
sensor,1768476289136,3888.143656432584,0,0.1408233642578125,0.043121337890625,-0.949493408203125,0.1408233642578125,0.043121337890625,-0.949493408203125,0.000404534162953496,-0.056467536836862564,0.006564692128449678,10.0190395,9.9772728,2.5218733937349,220.64219308106667,1005.5027569010854,3.9731173189919686,,0,0.08,0.5980000000000001,0.11799410029498525,0.12,0.048166719090307744,0.010137216191794347,-0.9928452939473789,classic,0,0,0,none,0,0,0,0.7145997597910481,0.048166719090307744,0.10802310102152787,0
sensor,1768476291128,3892.4627501525624,0,-0.040069580078125,-0.000762939453125,-1.0325164794921875,-0.040069580078125,-0.000762939453125,-1.0325164794921875,0.01443886011838913,0.09098583459854126,0.018492192029953003,10.0190093,9.9772480,2.5184680662747203,220.2085662065939,1005.4799005333334,3.97714019679019,,0,0.08,0.6370000000000001,0.1115760111576011,0.08,0.04474841379898298,0.007667036976045465,-0.9931762975017911,classic,0,0,0,none,0,0,0,0.7712783462667834,0.04474841379898298,0.09434829074571632,0
sensor,1768476292124,3896.215994564335,0,0.042022705078125,0.0453948974609375,-1.000274658203125,0.042022705078125,0.0453948974609375,-1.000274658203125,-0.015275359153747559,-0.002660231664776802,0.011845474131405354,10.0189829,9.9772267,2.5394841530108154,219.54424356473547,1005.4521984662861,3.972688181341244,,0,0.548,0.159,0.7751060820367751,0.09,0.045187897512043905,0.010495785353128733,-0.9923593485641243,classic,0,0,0,none,0,0,0,0.5182844339135252,0.045187897512043905,0.036105709070135765,0
sensor,1768476294116,3900.6027228842445,0,0.074432373046875,-0.0162506103515625,-0.9722442626953125,0.074432373046875,-0.0162506103515625,-0.9722442626953125,0.0032117723021656275,-0.03927896171808243,0.019163308665156364,10.0189512,9.9772029,2.5405012094810604,216.96777026608112,1005.158498391509,3.961617781962049,,0,0.119,0.678,0.14930991217063988,0,0.04548849568624605,0.006040222469551334,-0.9955973169032779,classic,0,0,0,none,0,0,0,0.8331524333985939,0.04548849568624605,0.04357678619297034,0
sensor,1768476295112,3903.943794166603,0,0.050994873046875,-0.125640869140625,-0.9762725830078125,0.050994873046875,-0.125640869140625,-0.9762725830078125,-0.04013277217745781,-0.11536094546318054,0.01582050882279873,10.0189265,9.9771855,2.5728930058225234,215.82180382174593,1005.0168548543006,3.967149289800154,,0,0.159,0.518,0.23485967503692762,0.12,0.0453248567486779,0.007313612207261907,-0.9957149784171125,classic,0,0,0,none,0,0,0,0.8080506345792563,0.0453248567486779,0.13516392293447907,0
sensor,1768476297112,3908.758767920897,0,0.0489959716796875,0.04461669921875,-0.993408203125,0.0489959716796875,0.04461669921875,-0.993408203125,-0.007260043174028397,0.06784669309854507,0.018572352826595306,10.0188901,9.9771616,2.6025938209050996,213.99202095160263,1004.5404682103544,3.932340792530921,,0,0.082,0.518,0.1366666666666667,0.197,0.04231671230488051,0.007893871610507705,-0.9935312571218488,classic,0,0,0,none,0,0,0,0.3759069734387782,0.04231671230488051,0.037513075630886,0
sensor,1768476299137,3912.5547687787785,0,0.024566650390625,0.0827789306640625,-0.9934539794921875,0.024566650390625,0.0827789306640625,-0.9934539794921875,-0.005038168281316757,0.04746312275528908,0.037456296384334564,10.0188613,9.9771431,2.5680487565376904,213.35385119252163,1004.8843851238489,3.956870676162067,,0,0.199,0.5980000000000001,0.24968632371392718,0,0.0429078958058329,0.006080390663884815,-0.9927138268397587,classic,0,0,0,none,0,0,0,0.9943117823825987,0.0429078958058329,0.07926084089549366,0
sensor,1768476300133,3916.3037567270203,0,0.041168212890625,0.08245849609375,-0.9882049560546875,0.041168212890625,0.08245849609375,-0.9882049560546875,-0.01122202817350626,-0.05091378092765808,0.006272010505199432,10.0188320,9.9771260,2.5604329451852466,211.36527249105478,1004.9224607758224,3.9674555715314033,,0,0.319,0.399,0.44428969359331477,0.079,0.041841521708320166,0.009591300460088208,-0.9925620027858052,classic,0,0,0,none,0,0,0,0.5645567548876317,0.041841521708320166,0.0733672843690701,0
sensor,1768476302125,3920.1529353956903,0,0.0545654296875,0.0301513671875,-1.0347900390625,0.0545654296875,0.0301513671875,-1.0347900390625,-0.0021603561472147703,-0.0902838259935379,0.0271298885345459,10.0188010,9.9771105,2.5076558886319034,207.79279054643473,1005.2168496670201,4.040285909142331,,0,0.08,0.7170000000000001,0.10037641154328733,0,0.04799007792925028,0.0064370447840572465,-0.9908533989671751,classic,0,0,0,none,0,0,0,0.5661000798625703,0.04799007792925028,0.05061209821685167,0
sensor,1768476303121,3923.9136161210376,0,0.068756103515625,-0.0937347412109375,-0.9767303466796875,0.068756103515625,-0.0937347412109375,-0.9767303466796875,-0.017175259068608284,-0.058393802493810654,0.010027067735791206,10.0187705,9.9770956,2.504080451234046,206.83560982138596,1005.7560279835016,4.046047714845058,,0,0.239,0.399,0.3746081504702194,0.159,0.047283170790996754,0.009234054468081676,-0.9916662841575427,classic,0,0,0,none,0,0,0,0.7781997750669691,0.047283170790996754,0.10677294393124581,0
sensor,1768476305113,3928.376489651098,0,0.0174560546875,0.0406951904296875,-1.0196075439453125,0.0174560546875,0.0406951904296875,-1.0196075439453125,0.012800483964383602,-0.04572834074497223,0.01679282821714878,10.0187333,9.9770803,2.4967597288914156,204.25931181975358,1005.42901356332,4.004367783105583,,0,0.319,0.40900000000000003,0.4381868131868132,0.069,0.04373050935600709,0.008217020573566271,-0.9926058957765974,classic,0,0,0,none,0,0,0,0.5142731118194306,0.04373050935600709,0.049991969145287043,0
sensor,1768476307106,3932.4195285693286,0,0.0746917724609375,0.174957275390625,-0.9702301025390625,0.0746917724609375,0.174957275390625,-0.9702301025390625,0.006485063582658768,-0.03399844840168953,0.03229961544275284,10.0186999,9.9770658,2.4382107046274104,203.30471641449114,1005.3434038208798,3.990949009542393,,0,0.201,0.5960000000000001,0.2521957340025094,0,0.04562913485991794,0.00391786087516265,-0.9907348194511988,classic,0,0,0,none,0,0,0,1.1653145054282035,0.04562913485991794,0.17557636964294981,0
sensor,1768476308109,3936.484876920431,0,0.0395965576171875,-0.0086822509765625,-0.9766998291015625,0.0395965576171875,-0.0086822509765625,-0.9766998291015625,-0.008816394954919815,-0.06041673943400383,0.013975470326840878,10.0186653,9.9770538,2.442593269541637,200.79720773648384,1005.4474039981142,3.9528585694306164,,0,0.279,0.518,0.35006273525721454,0,0.04376330769963542,0.00563831735007429,-0.9901787891779027,classic,0,0,0,none,0,0,0,0.4579349403559637,0.04376330769963542,0.020203826103350857,0
sensor,1768476310134,3940.3509839609783,0,0.0106964111328125,-0.0221710205078125,-0.9954376220703125,0.0106964111328125,-0.0221710205078125,-0.9954376220703125,-0.001287904684431851,0.0076030585914850235,0.012583170086145401,10.0186329,9.9770410,2.4267041774341926,201.36509922059363,1005.1352641088888,3.927407938343599,,0,0.199,0.517,0.2779329608938548,0.08,0.03939278700366025,0.001149031527642352,-0.9907759634920392,classic,0,0,0,none,0,0,0,0.24844199050749494,0.03939278700366025,0.037457083859289156,0
sensor,1768476312127,3944.8547051381606,0,0.0319976806640625,-0.0222320556640625,-0.99066162109375,0.0319976806640625,-0.0222320556640625,-0.99066162109375,0.0025843314360827208,0.018522018566727638,0.021133514121174812,10.0185946,9.9770275,2.3997129376336757,200.16488618459476,1005.3614114644006,4.070379257765838,,0,0.119,0.6020000000000001,0.16504854368932037,0.076,0.037252040227960526,-0.0015320374629713828,-0.99084793402886,classic,0,0,0,none,0,0,0,0.1730130685996296,0.037252040227960526,0.02146461128461392,0
sensor,1768476314118,3948.299596197579,0,0.0234375,-0.0063934326171875,-0.9976348876953125,0.0234375,-0.0063934326171875,-0.9976348876953125,-0.003323358716443181,0.01130937971174717,0.06782405823469162,10.0185650,9.9770183,2.3332691065615583,198.4343015435153,1005.231557467021,4.120445349228383,,0,0.478,0.31900000000000006,0.5997490589711417,0,0.0380627698700919,-0.003638466472983353,-0.9901760629895413,classic,0,0,0,none,0,0,0,0.14793536645527108,0.0380627698700919,0.01673064765831079,0
sensor,1768476317113,3952.3897068493684,0,0.0125885009765625,0.0059661865234375,-0.9933319091796875,0.0125885009765625,0.0059661865234375,-0.9933319091796875,-0.008226770907640457,0.0002516687090974301,0.06292570382356644,10.0185289,9.9770111,2.0710068070941685,192.5344655107318,1004.8844970082864,4.130352893642803,,0,0.04,0.726,0.05221932114882506,0.031,0.04276411382060983,-0.005499009967895732,-0.9914101393644965,classic,0,0,0,none,0,0,0,0.4348067689984177,0.04276411382060983,0.03249996323433876,0
sensor,1768476320135,3955.583797779428,0,0.0355682373046875,-0.02685546875,-1.005889892578125,0.0355682373046875,-0.02685546875,-1.005889892578125,0.009474728256464005,0.1517205536365509,0.03500991687178612,10.0185002,9.9770100,1.9963550208156473,185.07261105273645,1005.0565297845751,4.214845649372818,,0,0.119,0.642,0.15637319316688567,0.04,0.03759844103430676,-0.002409741210042193,-0.9921657128637018,classic,0,0,0,none,0,0,0,0.36919570190435147,0.03759844103430676,0.028249402966001844,0
sensor,1768476322367,3955.583797779428,0,0.0239410400390625,0.021942138671875,-0.98968505859375,0.0239410400390625,0.021942138671875,-0.98968505859375,0.0020964404102414846,0.011769574135541916,0.009168997406959534,10.0185002,9.9770100,1.9963550208156473,185.07261105273645,1005.0565297845751,4.214845649372818,,0,0.115,0.682,0.14429109159347553,0,0.034512609320023264,-0.0018790869471637282,-0.9916961553861631,classic,0,0,0,none,0,0,0,0.18396624627119862,0.034512609320023264,0.026270468189878837,0
