sampleType,timestamp,distance,power,accelX,accelY,accelZ,boatAccelX,boatAccelY,boatAccelZ,gyroX,gyroY,gyroZ,latitude,longitude,speed,gpsHeading,gpsAltitude,gpsAccuracy,spm,strokeCount,driveTime,recoveryTime,driveRatio,catchDuration,gravityX,gravityY,gravityZ,detectorMode,detectorAboveThreshold,detectorForcedStroke,detectorResumingFromGap,detectorRejectionReason,detectorPeakProminence,detectorTimeAboveThresholdMs,detectorTimeSinceLastStrokeMs,detectorSmoothedMagnitude,detectorGravityAlpha,detectorGravityShiftG,detectorConfidence
sensor,1768474754821,18.574867616723406,0,-0.14612023532390594,0.8467724323272705,0.5249499082565308,-0.14612023532390594,0.8467724323272705,0.5249499082565308,0,0,0,9.9998568,9.9997573,0.5434489162836083,89,990.4,1.5,,0,0.126,1.0379999999999998,0.1082474226804124,0,-0.1547832957922437,0.863181240543703,0.4933266314458058,classic,0,0,0,none,0,0,0,0.3561270824350514,-0.1547832957922437,0.03684934237532028,0
sensor,1768474759768,22.01236344064786,0,-0.11716539412736893,0.8526917695999146,0.5038418173789978,-0.11716539412736893,0.8526917695999146,0.5038418173789978,0,0,0,9.9998618,9.9997882,0.6292315470972388,96,989.9,1.5,,0,0.208,0.9179999999999999,0.1847246891651865,0,-0.15424385371972146,0.8620631320939717,0.4949542455314572,classic,0,0,0,none,0,0,0,0.5336999068092758,-0.15424385371972146,0.03946081812185637,0
sensor,1768474763765,25.243587110919353,0,-0.107574962079525,0.893470287322998,0.5093482732772827,-0.107574962079525,0.893470287322998,0.5093482732772827,0,0,0,9.9998651,9.9998176,0.6888780850828552,86,989.6,1.465999960899353,,0,0,1.105,0,0.057,-0.14990061719523246,0.8629639004862985,0.49541037221119066,classic,0,0,0,none,0,0,0,0.2558611793181137,-0.14990061719523246,0.05427476078039021,0
sensor,1768474768742,28.45946726748409,0,-0.1483687162399292,0.9109073877334595,0.5245369672775269,-0.1483687162399292,0.9109073877334595,0.5245369672775269,0,0,0,9.9998634,9.9998469,0.726428152638474,84,989.6,1.4160000085830688,,0,0.202,0.46699999999999997,0.30194319880418535,0.495,-0.1557707436959879,0.864037260922128,0.4920039561278379,classic,0,0,0,none,0,0,0,0.6165213389029062,-0.1557707436959879,0.05782166967006033,0
sensor,1768474772732,31.967626121291605,0,-0.17539629340171814,0.8552309274673462,0.45458948612213135,-0.17539629340171814,0.8552309274673462,0.45458948612213135,0,0,0,9.9998718,9.9998778,0.7577370668362876,66,990,1.4830000400543213,,0,0.175,0.96,0.1541850220264317,0,-0.1632320306293877,0.8647145993630321,0.48998507485527626,classic,0,0,0,none,0,0,0,0.7421925451296929,-0.1632320306293877,0.0388043444766059,0
sensor,1768474775750,35.434339923040355,0,-0.15581774711608887,0.8520799875259399,0.45336583256721497,-0.15581774711608887,0.8520799875259399,0.45336583256721497,0,0,0,9.9998868,9.9999055,0.7921332145993878,58,989.7,1.5,,0,0.233,0.9309999999999999,0.20017182130584193,0,-0.1662167773751922,0.8629546257572884,0.48943112226671254,classic,0,0,0,none,0,0,0,0.41302960273028705,-0.1662167773751922,0.03927453419504306,0
sensor,1768474778754,38.51385462362067,0,-0.1963973492383957,0.865739107131958,0.4912993013858795,-0.1963973492383957,0.865739107131958,0.4912993013858795,0,0,0,9.9999051,9.9999266,0.8298035188253339,49,989.9,1.4500000476837158,,0,0,1.0259999999999998,0,0.11,-0.16810764938946918,0.8640014736913304,0.48217402484976324,classic,0,0,0,none,0,0,0,1.0992813879833128,-0.16810764938946918,0.02992540846577662,0
sensor,1768474781724,41.72913339856367,0,-0.1539822518825531,0.8221920728683472,0.3578133285045624,-0.1539822518825531,0.8221920728683472,0.3578133285045624,0,0,0,9.9999251,9.9999478,0.867722579055912,43,989.2,1.4160000085830688,,0,0.232,0.8140000000000001,0.22179732313575526,0.117,-0.16749825685020409,0.8670570945997036,0.4788327162279719,classic,0,0,0,none,0,0,0,0.6669030236115214,-0.16749825685020409,0.13042595134718446,0
sensor,1768474785727,45.463359520292784,0,-0.20384638011455536,0.8252512812614441,0.4930277168750763,-0.20384638011455536,0.8252512812614441,0.4930277168750763,0,0,0,9.9999501,9.9999706,0.9011030895449467,35,988.2,1.4830000400543213,,0,0.236,0.9199999999999999,0.2041522491349481,0,-0.16690523200340598,0.8676414681523293,0.4847894191028056,classic,0,0,0,none,0,0,0,1.0041020198777242,-0.16690523200340598,0.05711378302217793,0
sensor,1768474788720,48.76041764853194,0,-0.20537593960762024,0.8245475888252258,0.513218104839325,-0.20537593960762024,0.8245475888252258,0.513218104839325,0,0,0,9.9999768,9.9999837,0.9299753437999674,25,987.8000000000001,1.5160000324249268,,0,0,0.9510000000000001,0,0.173,-0.16330572016142406,0.8672878910012339,0.485655364648731,classic,0,0,0,none,0,0,0,0.7313847881065905,-0.16330572016142406,0.06633425791435323,0
sensor,1768474790747,51.80820442472756,0,-0.12553216516971588,0.9001086354255676,0.3213176727294922,-0.12553216516971588,0.9001086354255676,0.3213176727294922,0,0,0,10.0000001,9.9999983,0.9680074187276684,22,987.3000000000001,1.5499999523162842,,0,0.583,0.583,0.5,0,-0.1647900855382411,0.8642173537297483,0.491640570667928,classic,0,0,0,none,0,0,0,0.9390758477923088,-0.1647900855382411,0.1793322461784496,0
sensor,1768474792728,55.26190478676277,0,-0.1299067586660385,0.8572804927825928,0.4920181930065155,-0.1299067586660385,0.8572804927825928,0.4920181930065155,0,0,0,10.0000284,10.0000113,1.023410102491873,24,987.2,1.5829999446868896,,0,0.175,0.9889999999999999,0.15034364261168384,0,-0.16540659078840228,0.8605823573166785,0.49348088121547107,classic,0,0,0,none,0,0,0,1.156939909733465,-0.16540659078840228,0.035862358846214755,0
sensor,1768474794745,59.89067117006899,0,-0.18243233859539032,0.8539154529571533,0.6337485313415527,-0.18243233859539032,0.8539154529571533,0.6337485313415527,0,0,0,10.0000668,10.0000277,1.1042452952996256,21,986.6,1.6330000162124634,,0,0,0.9319999999999999,0,0.214,-0.04751552892395346,0.9791672332585528,0.37970625887656784,classic,0,0,0,none,0,0,0,3.0507125611997243,-0.04751552892395346,0.31530896296725225,0
sensor,1768474796721,64.98749959194177,0,0.10014123469591141,1.016249179840088,0.260639488697052,0.10014123469591141,1.016249179840088,0.260639488697052,0,0,0,10.0001084,10.0000472,1.2230282176709326,19,986.1,1.649999976158142,,0,1.066,0.10099999999999998,0.9134532990574122,0,-0.06278237791839844,0.9603719187092632,0.3958419795111459,classic,0,0,0,none,0,0,0,1.5378205808612608,-0.06278237791839844,0.22006627709648843,0
sensor,1768474798742,69.61215736982246,0,-0.20087900757789612,0.8230181336402893,0.535855770111084,-0.20087900757789612,0.8230181336402893,0.535855770111084,0,0,0,10.0001468,10.0000634,1.5356764621647103,22,985.9,1.6829999685287476,,0,0.175,0.99,0.1502145922746781,0,-0.1182654732366715,0.909475117727987,0.553487313082921,classic,0,0,0,none,0,0,0,1.1453744166408928,-0.1182654732366715,0.12148204553823447,0
sensor,1768474800729,74.81394868604579,0,-0.10971636325120926,0.9074506163597107,0.5335155725479126,-0.10971636325120926,0.9074506163597107,0.5335155725479126,0,0,0,10.0001901,10.0000814,1.6478655297678708,14,985.8000000000001,1.6829999685287476,,0,0.175,0.9319999999999999,0.15808491418247514,0.058,-0.12343664180987751,0.9046849980045742,0.5437805718219867,classic,0,0,0,none,0,0,0,1.5156796027707191,-0.12343664180987751,0.017444205173769115,0
sensor,1768474802761,80.18727521225752,0,-0.2134215086698532,0.8743047118186951,0.5174091458320618,-0.2134215086698532,0.8743047118186951,0.5174091458320618,0,0,0,10.0002351,10.0000993,1.936949251844323,16,985.9,1.7000000476837158,,0,0,0.816,0,0.35,-0.1005872883242609,0.9494155607878001,0.36337150277086255,classic,0,0,0,none,0,0,0,2.196600774214153,-0.1005872883242609,0.20621586529685493,0
sensor,1768474804722,85.2625381431931,0,-0.16978275775909424,0.8215802907943726,0.4571439027786255,-0.16978275775909424,0.8215802907943726,0.4571439027786255,0,0,0,10.0002784,10.0001139,2.0338194921874946,21,985.4,1.7000000476837158,,0,0.913,0.2569999999999999,0.7803418803418805,0,-0.1155925465840143,0.9345222440169417,0.3830551160953461,classic,0,0,0,none,0,0,0,1.5700660501081467,-0.1155925465840143,0.14627039172848988,0
sensor,1768474806761,90.1693434491932,0,-0.2783825099468231,0.8591160774230957,0.49568915367126465,-0.2783825099468231,0.8591160774230957,0.49568915367126465,0,0,0,10.0003201,10.0001286,2.1388088383784116,19,985.5,1.7000000476837158,,0,0.186,0.98,0.1595197255574614,0,-0.12170618605561763,0.9237316642736655,0.3996663129085114,classic,0,0,0,none,0,0,0,1.603875987162603,-0.12170618605561763,0.19576855110856262,0
sensor,1768474808727,95.6130011704787,0,-0.2566625773906708,0.7863082885742188,0.4797815680503845,-0.2566625773906708,0.7863082885742188,0.4797815680503845,0,0,0,10.0003684,10.0001367,2.235646071744196,11,985.4,1.7000000476837158,,0,0.132,0.9840000000000001,0.11827956989247311,0.047,-0.12090843987990288,0.9157405826525162,0.4150499352637726,classic,0,0,0,none,0,0,0,1.9034448738676129,-0.12090843987990288,0.19942111846598426,0
sensor,1768474810784,100.92632375077378,0,-0.009896346367895603,1.0140007734298706,0.4209388792514801,-0.009896346367895603,1.0140007734298706,0.4209388792514801,0,0,0,10.0004134,10.0001530,2.3178918300363307,21,985.2,1.7000000476837158,,0,0.141,1.048,0.1185870479394449,0,-0.12571063163556018,0.9027121075264379,0.43227958362338814,classic,0,0,0,none,0,0,0,1.2333329545779024,-0.12571063163556018,0.16182692059657078,0
sensor,1768474812733,106.12857003134627,0,-0.24584849178791046,0.9054009318351746,0.4144075810909271,-0.24584849178791046,0.9054009318351746,0.4144075810909271,0,0,0,10.0004584,10.0001660,2.383023577915591,17,985.5,1.7000000476837158,,0,0.176,0.9440000000000001,0.1571428571428571,0.045,-0.08989420985163936,0.8860130182717196,0.5638911262206495,classic,0,0,0,none,0,0,0,1.8501973544131,-0.08989420985163936,0.21798380902627332,0
sensor,1768474814773,111.47017630680604,0,-0.19884465634822845,0.7870119214057922,0.5173020958900452,-0.19884465634822845,0.7870119214057922,0.5173020958900452,0,0,0,10.0005051,10.0001775,2.43242641250752,13,985.8000000000001,1.715999960899353,,0,0.465,0.32699999999999996,0.5871212121212122,0.381,-0.02789665499930402,0.9523730754658101,0.45348536473962225,classic,0,0,0,none,0,0,0,2.912841570963861,-0.02789665499930402,0.2474895658138251,0
sensor,1768474816739,116.49087131533649,0,-0.03487429395318031,0.9130488634109497,0.4918040633201599,-0.03487429395318031,0.9130488634109497,0.4918040633201599,0,0,0,10.0005484,10.0001905,2.472007706506513,15,986.2,1.715999960899353,,0,0.236,0.927,0.20292347377472053,0,-0.04405827782201517,0.9422802056127524,0.4530954440079932,classic,0,0,0,none,0,0,0,1.7472184229664658,-0.04405827782201517,0.04961582299370124,0
sensor,1768474818726,121.64890342143562,0,-0.17386671900749207,0.8477972149848938,0.49558207392692566,-0.17386671900749207,0.8477972149848938,0.49558207392692566,0,0,0,10.0005934,10.0002019,2.5049984342761817,14,986.1,1.715999960899353,,0,0.292,0.873,0.2506437768240343,0,-0.06555768064872826,0.9267911449074853,0.46305288287889357,classic,0,0,0,none,0,0,0,1.4501773444223505,-0.06555768064872826,0.13863897052209168,0
sensor,1768474820757,126.95082150014451,0,-0.10156373679637909,0.8611503839492798,0.47477987408638,-0.10156373679637909,0.8611503839492798,0.47477987408638,0,0,0,10.0006401,10.0002117,2.527457462857664,14,986.4,1.7000000476837158,,0,0.466,0.7,0.3996569468267582,0,-0.0827143341236832,0.9189381851864152,0.46447703626363696,classic,0,0,0,none,0,0,0,2.123197996034645,-0.0827143341236832,0.06196106989564843,0
sensor,1768474822724,132.58106432900965,0,-0.2614501416683197,0.8280044794082642,0.5187245607376099,-0.2614501416683197,0.8280044794082642,0.5187245607376099,0,0,0,10.0006901,10.0002198,2.5430241276194487,14,985.9,1.7000000476837158,,0,0.467,0.7,0.40017137960582694,0,-0.08997178250393827,0.9144582975531256,0.46724521360312754,classic,0,0,0,none,0,0,0,1.5331768221411566,-0.08997178250393827,0.19981864334933777,0
sensor,1768474824737,137.3839609127159,0,-0.12920314073562622,0.8533036708831787,0.39524200558662415,-0.12920314073562622,0.8533036708831787,0.39524200558662415,0,0,0,10.0007318,10.0002312,2.55393639545956,14,986,1.7000000476837158,,0,0.234,0.825,0.2209631728045326,0.087,-0.10249949421416239,0.9055407594743708,0.4717440531454713,classic,0,0,0,none,0,0,0,1.0671959950335055,-0.10249949421416239,0.09689172725604482,0
sensor,1768474826756,142.58620390038024,0,-0.03732161596417427,0.9289563894271851,0.48437029123306274,-0.03732161596417427,0.9289563894271851,0.48437029123306274,0,0,0,10.0007768,10.0002442,2.5581017125677685,14,986,1.7000000476837158,,0,0,1.048,0,0.117,-0.11112586114478316,0.8979368617626937,0.473022370030021,classic,0,0,0,none,0,0,0,1.4174230608685856,-0.11112586114478316,0.08126455065146207,0
sensor,1768474828736,147.2068661791198,0,-0.23544739186763763,0.8124028444290161,0.5047595500946045,-0.23544739186763763,0.8124028444290161,0.5047595500946045,0,0,0,10.0008168,10.0002556,2.556877775735349,12,985.5,1.7000000476837158,,0,0,0.898,0,0.267,-0.11298891690659098,0.8940285788113504,0.4743671793021828,classic,0,0,0,none,0,0,0,1.307568283411631,-0.11298891690659098,0.15103001425562776,0
sensor,1768474830740,152.13909063412135,0,-0.07066633552312851,0.9546533226966858,0.34140098094940186,-0.07066633552312851,0.9546533226966858,0.34140098094940186,0,0,0,10.0008601,10.0002654,2.5596199517472895,22,985.4,1.7000000476837158,,0,0.117,1.049,0.10034305317324187,0,-0.12362482748423465,0.8887250535277746,0.4774403399671844,classic,0,0,0,none,0,0,0,0.9307233312543504,-0.12362482748423465,0.16098559393273193,0
sensor,1768474832761,157.34133481664531,0,-0.15693432092666626,0.8531966209411621,0.5292327404022217,-0.15693432092666626,0.8531966209411621,0.5292327404022217,0,0,0,10.0009051,10.0002784,2.56405052774616,17,985.4,1.7000000476837158,,0,0.119,1.033,0.10329861111111112,0.042,-0.12901629875226536,0.8866247763977467,0.4768084839814822,classic,0,0,0,none,0,0,0,0.7474470478761186,-0.12901629875226536,0.06849790162357187,0
sensor,1768474834722,162.90017921775913,0,-0.2675684690475464,0.7906829118728638,0.5347391963005066,-0.2675684690475464,0.7906829118728638,0.5347391963005066,0,0,0,10.0009534,10.0002915,2.566773655285202,9,985.4,1.715999960899353,,0,0.07,1.003,0.065237651444548,0.059,-0.07618289430170828,0.9250671632378121,0.3399387301101484,classic,0,0,0,none,0,0,0,2.9436544992766436,-0.07618289430170828,0.3058890794879235,0
sensor,1768474836735,168.1024285910143,0,0.050980713218450546,0.9572076201438904,0.3205987811088562,0.050980713218450546,0.9572076201438904,0.3205987811088562,0,0,0,10.0009984,10.0003045,2.571634910549085,10,985.5,1.715999960899353,,0,1.047,0.11699999999999999,0.8994845360824743,0,-0.0851270817898405,0.917983233422694,0.3584858010017069,classic,0,0,0,none,0,0,0,1.5898106212005476,-0.0851270817898405,0.14736324855302155,0
sensor,1768474838754,173.2193493025591,0,-0.18763288855552673,0.8578923940658569,0.5267854332923889,-0.18763288855552673,0.8578923940658569,0.5267854332923889,0,0,0,10.0010434,10.0003143,2.5798101648162883,12,985.4,1.715999960899353,,0,0.64,0.4999999999999999,0.5614035087719299,0,-0.10401006144753508,0.9041944358234896,0.3852013448912287,classic,0,0,0,none,0,0,0,1.4495314682262814,-0.10401006144753508,0.17168791705578504,0
sensor,1768474840732,178.0981812775248,0,-0.029260758310556412,0.9600679278373718,0.47672244906425476,-0.029260758310556412,0.9600679278373718,0.47672244906425476,0,0,0,10.0010868,10.0003208,2.581061288838782,11,985,1.7000000476837158,,0,0.178,0.9690000000000001,0.15518744551002614,0,-0.04072243814690877,0.9384923376603673,0.266633353439031,classic,0,0,0,none,0,0,0,3.285075249782665,-0.04072243814690877,0.21256769491237879,0
sensor,1768474842750,183.57446285884737,0,-0.19762100279331207,0.8233239650726318,0.4448001980781555,-0.19762100279331207,0.8233239650726318,0.4448001980781555,0,0,0,10.0011351,10.0003306,2.5800199315059547,6,984.7,1.715999960899353,,0,0.175,0.8919999999999999,0.1640112464854733,0.058,-0.05772064572939518,0.927457436885538,0.29733348850654423,classic,0,0,0,none,0,0,0,2.3841784413904463,-0.05772064572939518,0.2295384105381377,0
sensor,1768474844750,188.9914175145279,0,-0.15918280184268951,0.8613491654396057,0.4738621413707733,-0.15918280184268951,0.8613491654396057,0.4738621413707733,0,0,0,10.0011834,10.0003370,2.5842997621629378,7,984.4,1.7330000400543213,,0,1.165,0,1,0,-0.13317021098790638,0.9405634298809677,0.45265749032777663,classic,0,0,0,none,0,0,0,1.1373507693483882,-0.13317021098790638,0.08646249204751755,0
sensor,1768474846753,194.62335694300518,0,-0.2194480299949646,0.7931301593780518,0.5379971861839294,-0.2194480299949646,0.7931301593780518,0.5379971861839294,0,0,0,10.0012334,10.0003453,2.5911201634170853,5,985,1.7829999923706055,,0,0.98,0,1,0.186,-0.16871794339357654,0.8353441410917432,0.47132088074916006,classic,0,0,0,none,0,0,0,1.8161483985667366,-0.16871794339357654,0.09428663259857935,0
sensor,1768474848731,200.41513428874939,0,-0.30051547288894653,0.7933443188667297,0.548199474811554,-0.30051547288894653,0.7933443188667297,0.548199474811554,0,0,0,10.0012818,10.0003648,2.603774672977,11,985.2,1.7829999923706055,,0,0.099,0.879,0.10122699386503069,0.169,-0.049563538557141275,0.9229289805308011,0.3487749851499536,classic,0,0,0,none,0,0,0,2.692449694002414,-0.049563538557141275,0.3474818015294295,0
sensor,1768474850765,206.07693046854945,0,0.17509037256240845,1.0625494718551636,0.36576712131500244,0.17509037256240845,1.0625494718551636,0.36576712131500244,0,0,0,10.0013318,10.0003746,2.6217949285561413,15,985.7,1.7660000324249268,,0,0.447,0.6969999999999998,0.3907342657342658,0,-0.06746494101024392,0.9142549928500732,0.37091829284694355,classic,0,0,0,none,0,0,0,1.4343941663047568,-0.06746494101024392,0.2857717277490332,0
sensor,1768474852727,211.83948430439042,0,-0.18721990287303925,0.859926700592041,0.4267512559890747,-0.18721990287303925,0.859926700592041,0.4267512559890747,0,0,0,10.0013834,10.0003795,2.644969338978163,3,986.1,1.715999960899353,,0,1.161,0,1,0,-0.08301181906798819,0.9044750303390932,0.3931781295699873,classic,0,0,0,none,0,0,0,1.5010814349638604,-0.08301181906798819,0.11879309079390021,0
sensor,1768474854755,217.05978535681768,0,-0.15673549473285675,0.8768591284751892,0.41838446259498596,-0.15673549473285675,0.8768591284751892,0.41838446259498596,0,0,0,10.0014301,10.0003843,2.6627362461656867,7,986.3000000000001,1.7000000476837158,,0,0.173,0.99,0.14875322441960445,0,0.01709184940347049,0.9953752902773894,0.47680834574468023,classic,0,0,0,none,0,0,0,3.334969080447353,0.01709184940347049,0.21944413800304613,0
sensor,1768474856737,222.44209382884162,0,0.011823609471321106,0.8695170879364014,0.475498765707016,0.011823609471321106,0.8695170879364014,0.475498765707016,0,0,0,10.0014784,10.0003876,2.6774711033790197,10,986.5,1.75,,0,0.29,0.907,0.2422723475355054,0,-0.002251188208195482,0.9775197368304052,0.47558145886732534,classic,0,0,0,none,0,0,0,1.8987354633834648,-0.002251188208195482,0.10946324220903468,0
sensor,1768474858753,227.45831355620612,0,-0.17609989643096924,0.7898721694946289,0.5425859093666077,-0.17609989643096924,0.7898721694946289,0.5425859093666077,0,0,0,10.0015234,10.0003908,2.6936963592861782,5,986.1,1.7660000324249268,,0,0.222,0.9430000000000001,0.1905579399141631,0,-0.03008759543289914,0.9545849133348779,0.48580166382301226,classic,0,0,0,none,0,0,0,2.0614368990631755,-0.03008759543289914,0.2284621969783743,0
sensor,1768474860734,232.66384496050208,0,-0.06913676112890244,1.053264856338501,0.45295286178588867,-0.06913676112890244,1.053264856338501,0.45295286178588867,0,0,0,10.0015701,10.0003941,2.7036151597933946,3,986.7,1.7829999923706055,,0,0.38,0.771,0.3301476976542137,0,-0.04805566356201632,0.9402465256822354,0.4875668330608677,classic,0,0,0,none,0,0,0,1.8037110707096586,-0.04805566356201632,0.12066867034657601,0
sensor,1768474862731,238.43746661323928,0,-0.2597217261791229,0.8514681458473206,0.4028898775577545,-0.2597217261791229,0.8514681458473206,0.4028898775577545,0,0,0,10.0016218,10.0003990,2.7055054192318035,4,987.2,1.7330000400543213,,0,0.235,0.9209999999999999,0.20328719723183392,0.042,-0.0655592645819115,0.9317267075231612,0.48014776299117606,classic,0,0,0,none,0,0,0,2.2839030222298216,-0.0655592645819115,0.22497589932321188,0
sensor,1768474864754,244.00841929646018,0,-0.18549148738384247,0.9330403804779053,0.4276689887046814,-0.18549148738384247,0.9330403804779053,0.4276689887046814,0,0,0,10.0016718,10.0004022,2.7064964556951945,3,988.1,1.715999960899353,,0,0.35,0.816,0.30017152658662094,0,-0.08679471809797207,0.9186751085563262,0.48486757057921637,classic,0,0,0,none,0,0,0,1.5462667199657307,-0.08679471809797207,0.11555206647643824,0
sensor,1768474866757,249.19329915770822,0,-0.16805434226989746,0.838512659072876,0.45550721883773804,-0.16805434226989746,0.838512659072876,0.45550721883773804,0,0,0,10.0017184,10.0004039,2.7036252371241325,2,987.8000000000001,1.7000000476837158,,0,0.383,0.6990000000000001,0.3539741219963031,0.083,-0.09828023881156848,0.9132818141873696,0.4843909700039993,classic,0,0,0,none,0,0,0,1.3089726260610677,-0.09828023881156848,0.10680312284385253,0
sensor,1768474868723,254.20951793854934,0,-0.27123939990997314,0.7560227513313293,0.6184528470039368,-0.27123939990997314,0.7560227513313293,0.6184528470039368,0,0,0,10.0017634,10.0004071,2.696840048842985,4,987.8000000000001,1.7000000476837158,,0,0.367,0.583,0.3863157894736842,0.232,-0.10653284339445035,0.9064065611465772,0.4843700659910009,classic,0,0,0,none,0,0,0,1.7013729456664735,-0.10653284339445035,0.26154170356441986,0
sensor,1768474870760,259.78046378904827,0,-0.018553735688328743,1.0400035381317139,0.28185468912124634,-0.018553735688328743,1.0400035381317139,0.28185468912124634,0,0,0,10.0018134,10.0004103,2.691225237443123,1,987.7,1.7000000476837158,,0,0.117,1.048,0.10042918454935623,0,-0.11500771117673118,0.9015202791191249,0.4813820004546176,classic,0,0,0,none,0,0,0,1.5562316400388163,-0.11500771117673118,0.26264083451846526,0
sensor,1768474872740,264.986000532826,0,-0.21586883068084717,0.8787863850593567,0.45439067482948303,-0.21586883068084717,0.8787863850593567,0.45439067482948303,0,0,0,10.0018601,10.0004137,2.689350839624698,2,987.3000000000001,1.7000000476837158,,0,0.291,0.466,0.38441215323645966,0.409,-0.1230706746409169,0.8947171467699717,0.48722412507988805,classic,0,0,0,none,0,0,0,1.054722850281028,-0.1230706746409169,0.10021729573493082,0
sensor,1768474874724,270.35979411741124,0,-0.1904778927564621,0.8318896293640137,0.537599503993988,-0.1904778927564621,0.8318896293640137,0.537599503993988,0,0,0,10.0019084,10.0004120,2.688693872987402,2,987,1.7000000476837158,,0,0.581,0.46499999999999997,0.5554493307839389,0.118,-0.1271215231570378,0.8901816991386429,0.4877949023139141,classic,0,0,0,none,0,0,0,1.8165797673860002,-0.1271215231570378,0.09996081814113607,0
sensor,1768474876734,275.9195381496818,0,0.060265228152275085,0.9275339245796204,0.4810052216053009,0.060265228152275085,0.9275339245796204,0.4810052216053009,0,0,0,10.0019584,10.0004120,2.6916671166064203,3,986.6,1.715999960899353,,0,0.059,0.9319999999999999,0.059535822401614535,0.175,-0.12040946479236944,0.8870626607275889,0.488222586657894,classic,0,0,0,none,0,0,0,2.526653949628406,-0.12040946479236944,0.18622374737255548,0
sensor,1768474878743,280.9051726966473,0,-0.1781495213508606,0.835346519947052,0.47080299258232117,-0.1781495213508606,0.835346519947052,0.47080299258232117,0,0,0,10.0020018,10.0004234,2.698911058986461,3,986,1.715999960899353,,0,0,1.095,0,0.059,-0.12976731547942477,0.879782916206879,0.493378471349872,classic,0,0,0,none,0,0,0,0.6486944476843766,-0.12976731547942477,0.0698118796630475,0
sensor,1768474880725,286.2786087233039,0,-0.1895601600408554,0.8303599953651428,0.46702495217323303,-0.1895601600408554,0.8303599953651428,0.46702495217323303,0,0,0,10.0020501,10.0004250,2.706881259457067,4,986.5,1.7829999923706055,,0,0.966,0.13100000000000006,0.8805834092980857,0.068,-0.008483668233964016,0.9539009966481364,0.4249288593997808,classic,0,0,0,none,0,0,0,2.1936342513756326,-0.008483668233964016,0.22433267544852675,0
sensor,1768474882764,292.0302599391826,0,-0.15295743942260742,0.81087327003479,0.5223954916000366,-0.15295743942260742,0.81087327003479,0.5223954916000366,0,0,0,10.0021018,10.0004267,2.7111391724747516,2,986.6,1.7999999523162842,,0,0.467,0.46799999999999997,0.4994652406417112,0.248,-0.02534856528776014,0.9419730336209455,0.4304044501205897,classic,0,0,0,none,0,0,0,1.6959424530680702,-0.02534856528776014,0.2058057964211453,0
sensor,1768474884745,297.2151408452002,0,-0.1604064553976059,0.8300541043281555,0.32243427634239197,-0.1604064553976059,0.8300541043281555,0.32243427634239197,0,0,0,10.0021484,10.0004250,2.715681914045967,4,986.1,1.7999999523162842,,0,0.115,1.053,0.09845890410958905,0,-0.05086808576720636,0.9263069663668806,0.4416960831356238,classic,0,0,0,none,0,0,0,1.7079228266213042,-0.05086808576720636,0.18932562491433605,0
sensor,1768474886729,302.23212752063716,0,-0.09350287914276123,0.9090719223022461,0.4846762418746948,-0.09350287914276123,0.9090719223022461,0.4846762418746948,0,0,0,10.0021934,10.0004283,2.7161308592893403,4,986.1,1.7330000400543213,,0,0,1.179,0,0,-0.178970815187575,0.8136578767933464,0.444736927632957,classic,0,0,0,none,0,0,0,1.5983560569814086,-0.178970815187575,0.1348523411158729,0
sensor,1768474888748,307.6166835121668,0,-0.2967374324798584,0.8263831734657288,0.5904157161712646,-0.2967374324798584,0.8263831734657288,0.5904157161712646,0,0,0,10.0022418,10.0004299,2.711585378501694,2,986.3000000000001,1.7000000476837158,,0,0.466,0.6950000000000001,0.4013781223083549,0,-0.1764029269577045,0.8244743310084286,0.44646451208617355,classic,0,0,0,none,0,0,0,0.9845668120920134,-0.1764029269577045,0.18857545990804034,0
sensor,1768474890722,313.03504431280226,0,0.04171149432659149,0.8438202738761902,0.3451790511608124,0.04171149432659149,0.8438202738761902,0.3451790511608124,0,0,0,10.0022901,10.0004364,2.7070932025619743,6,986.7,1.7000000476837158,,0,0.161,0.984,0.1406113537117904,0,-0.17497817603771992,0.8313721744961597,0.45521044001948235,classic,0,0,0,none,0,0,0,1.4747622715482058,-0.17497817603771992,0.24456677762814194,0
sensor,1768474892750,318.43234636119786,0,-0.18293708562850952,0.8429943323135376,0.48843899369239807,-0.18293708562850952,0.8429943323135376,0.48843899369239807,0,0,0,10.0023384,10.0004413,2.7018873836055786,4,987,1.7000000476837158,,0,0.045,1.049,0.04113345521023767,0.07,-0.1716265282182854,0.8334461028822645,0.46320665501470615,classic,0,0,0,none,0,0,0,0.8864950022990115,-0.1716265282182854,0.029400520499460594,0
sensor,1768474894733,323.82575433239026,0,-0.19160978496074677,0.8467724323272705,0.5130192041397095,-0.19160978496074677,0.8467724323272705,0.5130192041397095,0,0,0,10.0023868,10.0004445,2.69524493107744,8,986.7,1.7000000476837158,,0,0,0.935,0,0.224,-0.1654490342449932,0.8374110349257236,0.46515100199846476,classic,0,0,0,none,0,0,0,1.2278909972007144,-0.1654490342449932,0.05562598821541826,0
sensor,1768474896751,329.19646686982855,0,-0.1717253178358078,0.9021429419517517,0.37118181586265564,-0.1717253178358078,0.9021429419517517,0.37118181586265564,0,0,0,10.0024351,10.0004445,2.6898876566929966,4,987.1,1.75,,0,0.174,0.992,0.14922813036020582,0,-0.16103038178056037,0.8448078710179675,0.4630446611046741,classic,0,0,0,none,0,0,0,2.6575054695739952,-0.16103038178056037,0.10936074747699465,0
sensor,1768474898735,334.94811911888894,0,-0.14642615616321564,0.8384056091308594,0.48865312337875366,-0.14642615616321564,0.8384056091308594,0.48865312337875366,0,0,0,10.0024868,10.0004462,2.6891911604808265,3,987.7,1.75,,0,0.116,1.0399999999999998,0.10034602076124569,0,-0.16416627482008803,0.8445117350369602,0.4708386295474747,classic,0,0,0,none,0,0,0,0.8395999867323181,-0.16416627482008803,0.0260018622407048,0
sensor,1768474900732,340.5108407742469,0,-0.1067642942070961,0.9152973294258118,0.29949066042900085,-0.1067642942070961,0.9152973294258118,0.29949066042900085,0,0,0,10.0025368,10.0004479,2.689514335190807,4,987.9,1.7829999923706055,,0,0.118,1.044,0.10154905335628227,0,-0.08668697340966662,0.8663199378738621,0.3408639103779594,classic,0,0,0,none,0,0,0,2.0054132953415587,-0.08668697340966662,0.0675211566343652,0
sensor,1768474902755,345.72008080807973,0,-0.19925765693187714,0.8315836787223816,0.4345061779022217,-0.19925765693187714,0.8315836787223816,0.4345061779022217,0,0,0,10.0025834,10.0004527,2.6883194027847983,8,988.4,1.75,,0,0,1.166,0,0,-0.01150687965787677,0.9643269189237679,0.23923723725048338,classic,0,0,0,none,0,0,0,2.916639907889131,-0.01150687965787677,0.3031797536954578,0
sensor,1768474904737,350.5973526208093,0,-0.09258513897657394,0.8481948375701904,0.39902007579803467,-0.09258513897657394,0.8481948375701904,0.39902007579803467,0,0,0,10.0026268,10.0004592,2.6881286693904056,7,987.7,1.75,,0,0.645,0.5409999999999999,0.5438448566610455,0,-0.03629517991873773,0.9447261458091658,0.2842333776679247,classic,0,0,0,none,0,0,0,2.8130130161335245,-0.03629517991873773,0.16100125789566902,0
sensor,1768474906736,355.79179162784374,0,-0.09166739135980606,0.9659720659255981,0.5780720114707947,-0.09166739135980606,0.9659720659255981,0.5780720114707947,0,0,0,10.0026734,10.0004625,2.6860526651763363,3,987.5,1.75,,0,0.795,0.35099999999999987,0.693717277486911,0,-0.09109611763496098,0.9455187125608544,0.46250774514024817,classic,0,0,0,none,0,0,0,2.005899731019101,-0.09109611763496098,0.11795144462600121,0
sensor,1768474908763,361.5514009043366,0,-0.28072279691696167,0.8129228949546814,0.602851152420044,-0.28072279691696167,0.8129228949546814,0.602851152420044,0,0,0,10.0027251,10.0004657,2.681531476972362,4,987.7,1.75,,0,0.7,0.4650000000000001,0.6008583690987124,0,-0.09819419737175626,0.9315002175400959,0.4659131822752038,classic,0,0,0,none,0,0,0,1.9459967378266585,-0.09819419737175626,0.25844837880475074,0
sensor,1768474910742,366.9697651152285,0,0.007341957185417414,0.9604656100273132,0.26308679580688477,0.007341957185417414,0.9604656100273132,0.26308679580688477,0,0,0,10.0027734,10.0004723,2.6765880930719033,2,988.3000000000001,1.75,,0,0.035,1.0310000000000001,0.03283302063789869,0.081,-0.019119371870645635,1.00526174921665,0.22833466323595264,classic,0,0,0,none,0,0,0,1.9630307127566948,-0.019119371870645635,0.06288122432353141,0
sensor,1768474912725,372.0231412046933,0,-0.19925765693187714,0.8229110240936279,0.49669867753982544,-0.19925765693187714,0.8229110240936279,0.49669867753982544,0,0,0,10.0028184,10.0004787,2.673330941205827,3,988.8000000000001,1.715999960899353,,0,1.173,0,1,0,-0.04280066482519336,0.9797715836406792,0.27366877268021067,classic,0,0,0,none,0,0,0,2.9626345859359833,-0.04280066482519336,0.31594633930965615,0
sensor,1768474914769,376.87857478931875,0,-0.12369667738676071,0.8084259629249573,0.474672794342041,-0.12369667738676071,0.8084259629249573,0.474672794342041,0,0,0,10.0028618,10.0004836,2.665541034899583,4,989.2,1.7000000476837158,,0,0.989,0.17600000000000005,0.8489270386266095,0,-0.03167806720689871,0.9660025705485631,0.3271897283779021,classic,0,0,0,none,0,0,0,3.1447969381284917,-0.03167806720689871,0.23580439707464135,0
sensor,1768474916753,381.74640583663137,0,-0.18029092252254486,0.8556439280509949,0.47794610261917114,-0.18029092252254486,0.8556439280509949,0.47794610261917114,0,0,0,10.0029051,10.0004902,2.654795557338925,7,989.4,1.715999960899353,,0,0.373,0.7909999999999999,0.32044673539518903,0,-0.05114742783371826,0.8445813595473627,0.32435343927154237,classic,0,0,0,none,0,0,0,2.4863122659414882,-0.05114742783371826,0.20198537031809605,0
sensor,1768474918727,386.9512000366682,0,-0.16121713817119598,0.8073093295097351,0.4446931481361389,-0.16121713817119598,0.8073093295097351,0.4446931481361389,0,0,0,10.0029518,10.0004934,2.6443131490316687,3,988.8000000000001,1.715999960899353,,0,0.287,0.8780000000000001,0.24635193133047206,0,-0.07315962810549809,0.8435866636627595,0.35538611477284565,classic,0,0,0,none,0,0,0,1.9900056546220035,-0.07315962810549809,0.13121609064152315,0
sensor,1768474920747,392.145641909133,0,-0.11216369271278381,0.9022499918937683,0.6688369512557983,-0.11216369271278381,0.9022499918937683,0.6688369512557983,0,0,0,10.0029984,10.0004967,2.6312631887138047,1,987.8000000000001,1.715999960899353,,0,0.06,1.0879999999999999,0.05226480836236934,0,-0.13116689538310486,0.9013050365672834,0.5340829704918548,classic,0,0,0,none,0,0,0,1.9320924231816339,-0.13116689538310486,0.13677446710248223,0
sensor,1768474922749,397.3504396152481,0,-0.24676622450351715,0.797933042049408,0.5313741564750671,-0.24676622450351715,0.797933042049408,0.5313741564750671,0,0,0,10.0030451,10.0004999,2.6186456134997798,2,987.3000000000001,1.7000000476837158,,0,0.338,0.7379999999999998,0.3141263940520447,0.07,-0.13242681796154196,0.8979703764156385,0.5215358902060718,classic,0,0,0,none,0,0,0,1.0561986994580437,-0.13242681796154196,0.15300747442121448,0
sensor,1768474924727,402.7242334255529,0,0.03721454739570618,1.0042115449905396,0.26114422082901,0.03721454739570618,1.0042115449905396,0.26114422082901,0,0,0,10.0030934,10.0005016,2.6125841419539477,2,987.4,1.7000000476837158,,0,0.357,0.742,0.3248407643312102,0.044,-0.1394066752728638,0.8909107272565829,0.5156484010810919,classic,0,0,0,none,0,0,0,1.1648984558586781,-0.1394066752728638,0.33151284973293277,0
sensor,1768474926735,407.92903015768593,0,-0.1769258677959442,0.852171778678894,0.5204682350158691,-0.1769258677959442,0.852171778678894,0.5204682350158691,0,0,0,10.0031401,10.0005048,2.613574600769584,7,987.3000000000001,1.7330000400543213,,0,0.233,0.914,0.2031386224934612,0,-0.0905817954037495,0.9019494599142119,0.3906749363451949,classic,0,0,0,none,0,0,0,1.5111771174575805,-0.0905817954037495,0.16446650985555508,0
sensor,1768474928757,412.77341131980586,0,-0.15896865725517273,0.8969424366950989,0.5464710593223572,-0.15896865725517273,0.8969424366950989,0.5464710593223572,0,0,0,10.0031834,10.0005097,2.6169726998886906,6,987.1,1.7660000324249268,,0,0.058,0.9319999999999999,0.05858585858585859,0.177,-0.10468234039593328,0.8977528235258846,0.4017641672029101,classic,0,0,0,none,0,0,0,2.2423567254143046,-0.10468234039593328,0.15533327591740834,0
sensor,1768474930747,417.9937020667947,0,-0.3038805425167084,0.8260772228240967,0.47152188420295715,-0.3038805425167084,0.8260772228240967,0.47152188420295715,0,0,0,10.0032301,10.0005146,2.6253913591517977,4,987.3000000000001,1.815999984741211,,0,0,1.141,0,0,-0.10940664724218577,0.8956878769279907,0.4094191372161932,classic,0,0,0,none,0,0,0,2.2240102171946066,-0.10940664724218577,0.21677460134552282,0
sensor,1768474932760,423.37601480262725,0,-0.1248132735490799,0.8384056091308594,0.516185462474823,-0.1248132735490799,0.8384056091308594,0.516185462474823,0,0,0,10.0032784,10.0005178,2.6352350939109033,3,987.7,1.7829999923706055,,0,0.524,0.641,0.4497854077253219,0,-0.12176387673020063,0.8884540177330829,0.42720249887351197,classic,0,0,0,none,0,0,0,1.005563431439659,-0.12176387673020063,0.10265095514068301,0
sensor,1768474934744,428.3830972314848,0,-0.041099660098552704,1.0721246004104614,0.5246440172195435,-0.041099660098552704,1.0721246004104614,0.5246440172195435,0,0,0,10.0033234,10.0005195,2.634737417399202,2,988.4,1.75,,0,0.115,0.8720000000000001,0.11651469098277609,0.178,-0.12608317916098677,0.8858548597036603,0.43379112659809377,classic,0,0,0,none,0,0,0,1.7562376925707177,-0.12608317916098677,0.2251185896007723,0
sensor,1768474936734,434.1347491989037,0,-0.21016351878643036,0.8141465187072754,0.501807451248169,-0.21016351878643036,0.8141465187072754,0.501807451248169,0,0,0,10.0033751,10.0005211,2.629730508896678,4,988.4,1.7000000476837158,,0,0.115,1.041,0.0994809688581315,0,-0.12604317368353007,0.8835544833296382,0.44051304832231414,classic,0,0,0,none,0,0,0,1.1829127549902116,-0.12604317368353007,0.12573142224166914,0
sensor,1768474938730,439.33955050853996,0,-0.06964152306318283,0.8679875731468201,0.4751928746700287,-0.06964152306318283,0.8679875731468201,0.4751928746700287,0,0,0,10.0034218,10.0005244,2.6212649948282354,4,988.2,1.7000000476837158,,0,1.051,0.1160000000000001,0.9005998286203941,0,-0.13370731682235135,0.8760203507224145,0.4518330132540492,classic,0,0,0,none,0,0,0,0.6652005868403794,-0.13370731682235135,0.06900823781539969,0
sensor,1768474940750,444.3557696790045,0,-0.1775376945734024,0.8175116777420044,0.4461309313774109,-0.1775376945734024,0.8175116777420044,0.4461309313774109,0,0,0,10.0034668,10.0005276,2.6091171335282186,2,987.9,1.7000000476837158,,0,0.845,0.05699999999999994,0.9368070953436808,0.244,-0.13505899556163573,0.8737183442627844,0.4575514308566021,classic,0,0,0,none,0,0,0,1.48693495452815,-0.13505899556163573,0.07173131970890241,0
sensor,1768474942734,449.3595413780185,0,-0.25900283455848694,0.8550320267677307,0.5934748649597168,-0.25900283455848694,0.8550320267677307,0.5934748649597168,0,0,0,10.0035118,10.0005276,2.5904517275137633,2,987.4,1.7000000476837158,,0,0.408,0.4930000000000001,0.45283018867924524,0.232,-0.1372751756724348,0.8738753587676648,0.4592402385119094,classic,0,0,0,none,0,0,0,1.1853281254547638,-0.1372751756724348,0.18310120534564073,0
sensor,1768474944755,454.54405159450647,0,0.1658058613538742,0.9796465635299683,0.13735578954219818,0.1658058613538742,0.9796465635299683,0.13735578954219818,0,0,0,10.0035584,10.0005260,2.5769734623284495,2,987.4,1.7000000476837158,,0,0,0.857,0,0.291,-0.13824953909226062,0.8711103947682817,0.46059297649437647,classic,0,0,0,none,0,0,0,1.9044964787920866,-0.13824953909226062,0.4591458859347165,0
sensor,1768474946737,459.92860734355634,0,-0.1549917608499527,0.8456557989120483,0.49761641025543213,-0.1549917608499527,0.8456557989120483,0.49761641025543213,0,0,0,10.0036068,10.0005276,2.5659888072508745,5,987.6,1.7000000476837158,,0,0.993,0.17400000000000004,0.8508997429305912,0,-0.1414790461890749,0.8687049011688768,0.47198087931339266,classic,0,0,0,none,0,0,0,0.8830800956957204,-0.1414790461890749,0.03721355783416715,0
sensor,1768474948729,465.0124820820846,0,-0.22626993060112,0.7783545255661011,0.5105719566345215,-0.22626993060112,0.7783545255661011,0.5105719566345215,0,0,0,10.0036518,10.0005358,2.553142045938639,10,987.4,1.7000000476837158,,0,0.118,1.0310000000000001,0.10269799825935595,0,-0.13672590466896045,0.8657165948564536,0.47654117923689954,classic,0,0,0,none,0,0,0,1.3778703131708776,-0.13672590466896045,0.13029854258727064,0
sensor,1768474950735,470.2061842666459,0,-0.07903310656547546,0.8524776697158813,0.34751930832862854,-0.07903310656547546,0.8524776697158813,0.34751930832862854,0,0,0,10.0036984,10.0005390,2.543908072533797,8,987.7,1.7000000476837158,,0,0.234,0.913,0.20401046207497822,0,-0.12960481071666125,0.8653104600598539,0.47598189208630926,classic,0,0,0,none,0,0,0,2.686849614833703,-0.12960481071666125,0.13935032422010193,0
sensor,1768474952761,475.20995735660887,0,-0.2432023286819458,0.8630928993225098,0.40594902634620667,-0.2432023286819458,0.8630928993225098,0.40594902634620667,0,0,0,10.0037434,10.0005390,2.5400242416554875,5,987.8000000000001,1.7000000476837158,,0,0.35,0.8150000000000001,0.3004291845493562,0,-0.1387438991337835,0.8611075415198177,0.48193933793078814,classic,0,0,0,none,0,0,0,0.6876202331593029,-0.1387438991337835,0.12983910458705247,0
sensor,1768474954763,480.41475280189866,0,-0.2430034875869751,0.792426586151123,0.6166173219680786,-0.2430034875869751,0.792426586151123,0.6166173219680786,0,0,0,10.0037901,10.0005423,2.5333021890493126,6,987.8000000000001,1.7000000476837158,,0,0.173,0.8929999999999999,0.16228893058161353,0.047,-0.14609564366206818,0.8513386003322544,0.33178813603660945,classic,0,0,0,none,0,0,0,2.632858638231534,-0.14609564366206818,0.3081175286997946,0
sensor,1768474956729,485.9856991770458,0,-0.21219784021377563,0.8929654955863953,0.5041477084159851,-0.21219784021377563,0.8929654955863953,0.5041477084159851,0,0,0,10.0038401,10.0005390,2.5255301878392364,359,987.5,1.715999960899353,,0,0.582,0.564,0.5078534031413613,0,-0.14641672488096757,0.8582415222508272,0.34992076115592113,classic,0,0,0,none,0,0,0,2.1386305118280355,-0.14641672488096757,0.17208795133057017,0
sensor,1768474958769,490.8038809364124,0,-0.12216710299253464,0.7742705345153809,0.5527881979942322,-0.12216710299253464,0.7742705345153809,0.5527881979942322,0,0,0,10.0038834,10.0005407,2.52053435528631,3,986.9,1.715999960899353,,0,0.348,0.8170000000000001,0.2987124463519313,0,-0.14995080024599483,0.8556171361879935,0.3789093270015108,classic,0,0,0,none,0,0,0,1.6924228373027455,-0.14995080024599483,0.19494136689350475,0
sensor,1768474960749,495.0776440305646,0,-0.10472995042800903,0.9291704893112183,0.5750129222869873,-0.10472995042800903,0.9291704893112183,0.5750129222869873,0,0,0,10.0039218,10.0005390,2.5118749844103165,1,987.7,1.715999960899353,,0,1.111,0.04200000000000004,0.9635732870771899,0,-0.15076524191832366,0.8575751073609035,0.39765351310333524,classic,0,0,0,none,0,0,0,1.9219178454807933,-0.15076524191832366,0.19771556326873102,0
sensor,1768474962731,500.2713405761889,0,-0.20037424564361572,0.8736929297447205,0.47141480445861816,-0.20037424564361572,0.8736929297447205,0.47141480445861816,0,0,0,10.0039684,10.0005423,2.5000546390840355,5,987.9,1.7000000476837158,,0,0.171,1.01,0.14479254868755292,0,-0.1511193751880125,0.8612322397650894,0.39847427668290236,classic,0,0,0,none,0,0,0,1.298850586610231,-0.1511193751880125,0.08933781150836194,0
sensor,1768474964770,505.6797060539798,0,-0.1664176881313324,0.860645592212677,0.4584593176841736,-0.1664176881313324,0.860645592212677,0.4584593176841736,0,0,0,10.0040168,10.0005471,2.4941840463919407,4,987.8000000000001,1.7000000476837158,,0,0.145,1.021,0.12435677530017153,0,-0.15560857955430482,0.859466255140752,0.4149957323665405,classic,0,0,0,none,0,0,0,0.7382379761007892,-0.15560857955430482,0.045028164300082274,0
sensor,1768474966696,510.8741496329238,0,-0.3319176435470581,0.7688711881637573,0.720429539680481,-0.3319176435470581,0.7688711881637573,0.720429539680481,0,0,0,10.0040634,10.0005505,2.4942452679239406,2,987.6,1.7000000476837158,,0,0.233,0.914,0.2031386224934612,0,-0.15746935722858552,0.8609911021486425,0.426039497237848,classic,0,0,0,none,0,0,0,2.389118227265369,-0.15746935722858552,0.35615881291082746,0
sensor,1768474968796,515.8903688011728,0,-0.28898248076438904,0.8102614283561707,0.4465286433696747,-0.28898248076438904,0.8102614283561707,0.4465286433696747,0,0,0,10.0041084,10.0005537,2.49428562764545,1,987.1,1.7000000476837158,,0,0.061,1.087,0.05313588850174216,0,-0.011936619083039914,0.9738721814539767,0.3818613632286931,classic,0,0,0,none,0,0,0,2.8347116211338736,-0.011936619083039914,0.32983317695910835,0
sensor,1768474970757,521.1585840916679,0,-0.027425268664956093,0.8592077493667603,0.509149432182312,-0.027425268664956093,0.8592077493667603,0.509149432182312,0,0,0,10.0041551,10.0005618,2.506313335654432,5,986.9,1.7000000476837158,,0,0.584,0.582,0.5008576329331046,0,-0.038140158631270245,0.955095562653923,0.39742741140950627,classic,0,0,0,none,0,0,0,1.6926546779568188,-0.038140158631270245,0.1483598589267235,0
sensor,1768474972745,526.5769450633751,0,-0.22382262349128723,0.8184293508529663,0.4146217107772827,-0.22382262349128723,0.8184293508529663,0.4146217107772827,0,0,0,10.0042034,10.0005683,2.5271645802335905,4,987.1,1.7000000476837158,,0,0.117,0.939,0.11079545454545454,0.116,-0.024503707010532103,0.9494509337848273,0.40575990076130597,classic,0,0,0,none,0,0,0,2.5284902586748466,-0.024503707010532103,0.2398900814293804,0
sensor,1768474974777,531.9703533399984,0,-0.1779353767633438,0.769574761390686,0.5203611850738525,-0.1779353767633438,0.769574761390686,0.5203611850738525,0,0,0,10.0042518,10.0005716,2.5450290593370983,359,987.2,1.7000000476837158,,0,0.059,0.9920000000000001,0.05613701236917221,0.116,-0.03896215390150083,0.9361349726154393,0.4172135551223511,classic,0,0,0,none,0,0,0,2.3630708017004545,-0.03896215390150083,0.2414054749142123,0
sensor,1768474976755,536.8381899204436,0,-0.20904691517353058,1.0272620916366577,0.5051724910736084,-0.20904691517353058,1.0272620916366577,0.5051724910736084,0,0,0,10.0042951,10.0005781,2.562610088151204,9,987.2,1.7000000476837158,,0,0.914,0.253,0.7832047986289632,0,-0.057518459417126314,0.9227963683013117,0.4312779928372291,classic,0,0,0,none,0,0,0,1.416169928979176,-0.057518459417126314,0.19932553916742232,0
sensor,1768474978743,541.6658639180959,0,-0.20649254322052002,0.8743047118186951,0.48456916213035583,-0.20649254322052002,0.8743047118186951,0.48456916213035583,0,0,0,10.0043384,10.0005813,2.5769652615917584,2,987.1,1.7000000476837158,,0,0.815,0.287,0.7395644283121597,0.052,-0.1181582719003732,0.9005507055620499,0.40584487280105697,classic,0,0,0,none,0,0,0,1.5270806380424844,-0.1181582719003732,0.12180850377029719,0
sensor,1768474980777,547.414634322865,0,-0.2918427884578705,0.8159820437431335,0.5714489817619324,-0.2918427884578705,0.8159820437431335,0.5714489817619324,0,0,0,10.0043901,10.0005813,2.5841417120586625,6,987.2,1.7000000476837158,,0,0.174,0.938,0.1564748201438849,0.046,-0.12308511342425553,0.894773508669942,0.41798270317535696,classic,0,0,0,none,0,0,0,1.8194905863666313,-0.12308511342425553,0.24254058463449912,0
sensor,1768474982731,553.163412030017,0,0.16152305901050568,0.8953057527542114,0.5334084630012512,0.16152305901050568,0.8953057527542114,0.5334084630012512,0,0,0,10.0044418,10.0005813,2.590728406234329,2,986.9,1.7000000476837158,,0,0,1.166,0,0,-0.12319867262081864,0.8906814174703799,0.4322033768909198,classic,0,0,0,none,0,0,0,1.7789942239007086,-0.12319867262081864,0.30372770256377807,0
sensor,1768474984752,557.8034168957926,0,-0.18741874396800995,0.8680793046951294,0.5198564529418945,-0.18741874396800995,0.8680793046951294,0.5198564529418945,0,0,0,10.0044834,10.0005847,2.594189295108888,4,986.5,1.7000000476837158,,0,0.856,0.24500000000000005,0.7774750227066304,0.048,-0.12921908958242687,0.8854454868742023,0.4419907660771597,classic,0,0,0,none,0,0,0,1.0914164688154577,-0.12921908958242687,0.09924769031429094,0
sensor,1768474986735,562.85678588212,0,-0.18721990287303925,0.8456557989120483,0.5619655847549438,-0.18721990287303925,0.8456557989120483,0.5619655847549438,0,0,0,10.0045284,10.0005911,2.593336021979175,5,985.9,1.7000000476837158,,0,0.116,0.8179999999999998,0.12419700214132766,0.234,-0.04388491757905807,0.9169102224683255,0.28924907858620175,classic,0,0,0,none,0,0,0,3.573810874059616,-0.04388491757905807,0.31781113526986654,0
sensor,1768474988756,568.250189806998,0,0.011425920762121677,0.9773979783058167,0.35894519090652466,0.011425920762121677,0.9773979783058167,0.35894519090652466,0,0,0,10.0045768,10.0005879,2.595989083114555,3,986.3000000000001,1.715999960899353,,0,0,1.0299999999999998,0,0.116,-0.05759589312283262,0.9110477949524577,0.31644953301609086,classic,0,0,0,none,0,0,0,1.2728268965875649,-0.05759589312283262,0.10527482788713748,0
sensor,1768474990731,573.8129101567969,0,-0.13440369069576263,0.8537012934684753,0.509149432182312,-0.13440369069576263,0.8537012934684753,0.509149432182312,0,0,0,10.0046268,10.0005896,2.6006486481404005,3,986.1,1.715999960899353,,0,1.067,0.08000000000000007,0.9302528334786399,0,-0.07667181851094636,0.9006471832002761,0.34735413685970024,classic,0,0,0,none,0,0,0,1.9182966816419758,-0.07667181851094636,0.17898084758327287,0
sensor,1768474992722,578.8199921636998,0,-0.19425594806671143,0.8848128914833069,0.6103001832962036,-0.19425594806671143,0.8848128914833069,0.6103001832962036,0,0,0,10.0046718,10.0005879,2.6035726088934004,0,986.6,1.715999960899353,,0,0.563,0.40299999999999997,0.582815734989648,0.176,-0.08964002348068177,0.8949210965937092,0.36745777337194896,classic,0,0,0,none,0,0,0,2.813818412055266,-0.08964002348068177,0.26594093562906995,0
sensor,1768474994728,584.1937843490305,0,-0.23555445671081543,0.893470287322998,0.6543518900871277,-0.23555445671081543,0.893470287322998,0.6543518900871277,0,0,0,10.0047201,10.0005896,2.6043207249671587,5,986.9,1.715999960899353,,0,0.294,0.7849999999999999,0.27247451343836887,0.048,-0.10093234055625118,0.8940616206567392,0.3781859548162596,classic,0,0,0,none,0,0,0,2.144455553213437,-0.10093234055625118,0.3087752019468494,0
sensor,1768474996785,589.3865888403978,0,-0.21811731159687042,0.9041772484779358,0.5116884708404541,-0.21811731159687042,0.9041772484779358,0.5116884708404541,0,0,0,10.0047668,10.0005896,2.60830561415015,356,987.2,1.715999960899353,,0,0.119,1.023,0.1042031523642732,0,-0.1694582115673494,0.8222541549077971,0.5247464918435472,classic,0,0,0,none,0,0,0,0.7298550121351923,-0.1694582115673494,0.09665820035082426,0
sensor,1768474998727,594.5710981281362,0,-0.2542152404785156,0.8602326512336731,0.24798989295959473,-0.2542152404785156,0.8602326512336731,0.24798989295959473,0,0,0,10.0048134,10.0005911,2.607548334749501,359,987.9,1.7660000324249268,,0,0.117,0.9139999999999999,0.11348205625606209,0.105,-0.17069612174213789,0.8294288697502841,0.5154910304573462,classic,0,0,0,none,0,0,0,1.6289090118201202,-0.17069612174213789,0.2833407622218246,0
sensor,1768475000724,599.9794626574039,0,-0.24748513102531433,0.8464664816856384,0.5163843035697937,-0.24748513102531433,0.8464664816856384,0.5163843035697937,0,0,0,10.0048618,10.0005960,2.604560768209997,357,988.4,1.7829999923706055,,0,0.422,0.758,0.3576271186440678,0,-0.06529419230266405,0.9578527140577608,0.4403316052080529,classic,0,0,0,none,0,0,0,2.036972891475928,-0.06529419230266405,0.22782047311047907,0
sensor,1768475002749,605.1739056518771,0,-0.13256821036338806,0.8669627904891968,0.4928288459777832,-0.13256821036338806,0.8669627904891968,0.4928288459777832,0,0,0,10.0049084,10.0005993,2.605836174034188,1,988.4,1.7999999523162842,,0,0.35,0.8150000000000001,0.3004291845493562,0,-0.08131745381196007,0.9404520743047167,0.45202570678879195,classic,0,0,0,none,0,0,0,1.182527062247426,-0.08131745381196007,0.09894374640874537,0
sensor,1768475004731,610.3667111223612,0,-0.15560360252857208,0.8595137000083923,0.4269500970840454,-0.15560360252857208,0.8595137000083923,0.4269500970840454,0,0,0,10.0049551,10.0005993,2.6094935857106303,358,988.4,1.75,,0,0.153,1,0.1326973113616652,0,-0.03777140783140002,0.9919511275646867,0.3477070845067754,classic,0,0,0,none,0,0,0,2.208007573994967,-0.03777140783140002,0.1951497774471914,0
sensor,1768475006770,615.7836674951448,0,-0.24646033346652985,0.7707065939903259,0.5550366640090942,-0.24646033346652985,0.7707065939903259,0.5550366640090942,0,0,0,10.0050034,10.0006058,2.611612735005706,3,988.4,1.715999960899353,,0,1.112,0.052999999999999936,0.9545064377682404,0,-0.05278742189226067,0.9730750560513928,0.368364117078902,classic,0,0,0,none,0,0,0,2.7432597775517733,-0.05278742189226067,0.3383052975847417,0
sensor,1768475008753,620.9796586282215,0,-0.02263770066201687,0.9058139324188232,0.22801364958286285,-0.02263770066201687,0.9058139324188232,0.22801364958286285,0,0,0,10.0050501,10.0006074,2.616524353155256,6,988.1,1.7000000476837158,,0,0.524,0.6019999999999999,0.4653641207815276,0,-0.0680649048313289,0.9561492620113101,0.38556710126856103,classic,0,0,0,none,0,0,0,1.9074967763699984,-0.0680649048313289,0.1723855893521256,0
sensor,1768475010723,626.1724617023694,0,-0.18833649158477783,0.8529977202415466,0.4511173665523529,-0.18833649158477783,0.8529977202415466,0.4511173665523529,0,0,0,10.0050968,10.0006074,2.6203178155059934,2,987.9,1.7000000476837158,,0,0.361,0.7669999999999999,0.3200354609929078,0,-0.08441687218726907,0.9401456888818502,0.40442927861256595,classic,0,0,0,none,0,0,0,1.5401539026155195,-0.08441687218726907,0.14415659891699575,0
sensor,1768475012756,631.3573371171537,0,-0.19711624085903168,0.8695170879364014,0.4672390818595886,-0.19711624085903168,0.8695170879364014,0.4672390818595886,0,0,0,10.0051434,10.0006091,2.617527817792045,2,987.8000000000001,1.715999960899353,,0,1.123,0,1,0,-0.09214275683363338,0.9250512339816339,0.4270467069683375,classic,0,0,0,none,0,0,0,2.3801922729990825,-0.09214275683363338,0.12600506560640096,0
sensor,1768475014761,636.3896359091688,0,0.03905003145337105,0.9064258337020874,0.42939743399620056,0.03905003145337105,0.9064258337020874,0.42939743399620056,0,0,0,10.0051884,10.0006140,2.6132329278455413,3,987.6,1.7330000400543213,,0,0.174,0.9910000000000001,0.14935622317596564,0,-0.04158480639999285,0.9181649234041357,0.39260036832807726,classic,0,0,0,none,0,0,0,2.3202714067230334,-0.04158480639999285,0.08985738130774608,0
sensor,1768475016739,641.7837519029981,0,-0.2861374616622925,0.8283104300498962,0.5309611558914185,-0.2861374616622925,0.8283104300498962,0.5309611558914185,0,0,0,10.0052368,10.0006107,2.6072986968845773,4,986.7,1.7330000400543213,,0,0.117,0.9750000000000001,0.10714285714285714,0.059,-0.17193329854646414,0.8319880514860096,0.5337237107397761,classic,0,0,0,none,0,0,0,0.905463393046489,-0.17193329854646414,0.1148711073792134,0
sensor,1768475018742,646.968265279143,0,-0.02947489731013775,0.8899063467979431,0.41226616501808167,-0.02947489731013775,0.8899063467979431,0.41226616501808167,0,0,0,10.0052834,10.0006091,2.5956120751432925,3,986.4,1.7330000400543213,,0,0.272,0.049000000000000044,0.8473520249221183,0.826,-0.1687133905230866,0.8383186113812233,0.5254398267627398,classic,0,0,0,none,0,0,0,1.2928132836941837,-0.1687133905230866,0.1876382990214076,0
sensor,1768475020732,651.4160683077449,0,-0.16101829707622528,0.830757737159729,0.5651318430900574,-0.16101829707622528,0.830757737159729,0.5651318430900574,0,0,0,10.0053234,10.0006091,2.5802564782307176,357,986.9,1.7330000400543213,,0,0.641,0.5249999999999999,0.5497427101200687,0,-0.02371249773775275,0.9487356742677602,0.44759779182440185,classic,0,0,0,none,0,0,0,2.0330212497562314,-0.02371249773775275,0.21692235030333057,0
sensor,1768475022765,657.3650022165081,0,-0.24167275428771973,0.9016382098197937,0.26308679580688477,-0.24167275428771973,0.9016382098197937,0.26308679580688477,0,0,0,10.0053768,10.0006058,2.5672553439495926,2,986.5,1.7330000400543213,,0,0.233,0.9189999999999999,0.20225694444444448,0,-0.13239180583575477,0.8262103826258909,0.4301519078494647,classic,0,0,0,none,0,0,0,1.3237020068972285,-0.13239180583575477,0.21447913048418313,0
sensor,1768475024748,662.3819928262916,0,0.0008106744498945773,0.9081541895866394,0.50690096616745,0.0008106744498945773,0.9081541895866394,0.50690096616745,0,0,0,10.0054218,10.0006091,2.5537433014713757,357,986.3000000000001,1.715999960899353,,0,0.933,0,1,0.221,-0.13513871807301103,0.8317359486990941,0.43502727136666786,classic,0,0,0,none,0,0,0,1.4116373135228217,-0.13513871807301103,0.17258307397687478,0
sensor,1768475026734,668.1629534404694,0,-0.16998159885406494,0.7787522077560425,0.547480583190918,-0.16998159885406494,0.7787522077560425,0.547480583190918,0,0,0,10.0054734,10.0006155,2.5407453371086195,1,986.1,1.7000000476837158,,0,0.116,0.834,0.12210526315789474,0.219,-0.1357804079084763,0.8364644337897512,0.44116748728962524,classic,0,0,0,none,0,0,0,1.2436129761845385,-0.1357804079084763,0.12634127984524485,0
sensor,1768475028769,673.3684922233666,0,-0.14377999305725098,0.9975883364677429,0.2850055992603302,-0.14377999305725098,0.9975883364677429,0.2850055992603302,0,0,0,10.0055201,10.0006189,2.533887448641087,359,986.3000000000001,1.7000000476837158,,0,0.113,0.8600000000000001,0.11613566289825282,0.186,-0.06073831086929663,0.9120923922659577,0.3207809691055744,classic,0,0,0,none,0,0,0,1.8315097152277442,-0.06073831086929663,0.125065491969236,0
sensor,1768475030745,678.9539230663858,0,-0.1472521275281906,0.8445238471031189,0.5155736207962036,-0.1472521275281906,0.8445238471031189,0.5155736207962036,0,0,0,10.0055701,10.0006140,2.5350450773998303,354,986.8000000000001,1.7000000476837158,,0,0,1.172,0,0,-0.11467471735273588,0.8695399119054726,0.5068628182793783,classic,0,0,0,none,0,0,0,0.8666087670884192,-0.11467471735273588,0.042198720768126516,0
sensor,1768475032741,683.7717125486599,0,-0.148475781083107,0.9248877167701721,0.46488356590270996,-0.148475781083107,0.9248877167701721,0.46488356590270996,0,0,0,10.0056134,10.0006155,2.537820603852249,358,987.4,1.7000000476837158,,0,0.231,0.8170000000000001,0.22041984732824427,0.117,-0.12245909358938323,0.8676261833440637,0.5039103916018293,classic,0,0,0,none,0,0,0,1.452925623999703,-0.12245909358938323,0.07439117203139767,0
sensor,1768475034756,689.1800754599752,0,-0.23035389184951782,0.8263831734657288,0.5107707381248474,-0.23035389184951782,0.8263831734657288,0.5107707381248474,0,0,0,10.0056618,10.0006204,2.5520653141879923,2,987.9,1.7000000476837158,,0,0.398,0.799,0.33249791144527985,0,-0.12156712465961204,0.8692194520365033,0.49606860209056647,classic,0,0,0,none,0,0,0,1.093355373001579,-0.12156712465961204,0.11842957947748536,0
sensor,1768475036733,693.8089579403835,0,-0.14642615616321564,0.8383138179779053,0.481311172246933,-0.14642615616321564,0.8383138179779053,0.481311172246933,0,0,0,10.0057034,10.0006189,2.5731504883737597,358,987.8000000000001,1.7000000476837158,,0,0.296,0.851,0.25806451612903225,0,-0.1310379343043986,0.8668380261718511,0.49903230682302424,classic,0,0,0,none,0,0,0,0.5915336321110471,-0.1310379343043986,0.037124306344962,0
sensor,1768475038760,698.8160327045457,0,-0.2085268646478653,0.7880367040634155,0.3979952335357666,-0.2085268646478653,0.7880367040634155,0.3979952335357666,0,0,0,10.0057484,10.0006172,2.590232883441573,359,987.6,1.7000000476837158,,0,0.876,0.23300000000000004,0.7899008115419297,0.056,-0.13309821805882896,0.8674513578867137,0.49543504651467607,classic,0,0,0,none,0,0,0,1.3811027535132316,-0.13309821805882896,0.1473336844954275,0
sensor,1768475040753,703.2675537566914,0,-0.19486777484416962,0.7964035272598267,0.515466570854187,-0.19486777484416962,0.7964035272598267,0.515466570854187,0,0,0,10.0057884,10.0006155,2.6002083659191166,5,987.4,1.6829999685287476,,0,0.111,1.052,0.09544282029234738,0,-0.13393538843728175,0.8699742008666539,0.49109394432668907,classic,0,0,0,none,0,0,0,1.002468620993932,-0.13393538843728175,0.09908255520366706,0
sensor,1768475042765,708.2837674006639,0,-0.03793344274163246,0.949055016040802,0.2858315408229828,-0.03793344274163246,0.949055016040802,0.2858315408229828,0,0,0,10.0058334,10.0006123,2.6072161250678194,4,987.4,1.6829999685287476,,0,0.098,1.0299999999999998,0.08687943262411349,0,-0.13875571810543427,0.8699277509072614,0.4948868087957769,classic,0,0,0,none,0,0,0,1.183195078825049,-0.13875571810543427,0.2464471626923626,0
sensor,1768475044729,713.50406298196,0,-0.1483687162399292,0.818123459815979,0.37546461820602417,-0.1483687162399292,0.818123459815979,0.37546461820602417,0,0,0,10.0058801,10.0006074,2.6058225030813493,356,987.5,1.6829999685287476,,0,0.057,1.038,0.052054794520547946,0.052,-0.06819979496601238,0.967548634634657,0.5308592405472545,classic,0,0,0,none,0,0,0,1.8134102170684487,-0.06819979496601238,0.23116108243946368,0
sensor,1768475046732,719.0667810705093,0,-0.1905849575996399,0.796709418296814,0.584909200668335,-0.1905849575996399,0.796709418296814,0.584909200668335,0,0,0,10.0059301,10.0006091,2.5982219673038154,354,987.9,1.7000000476837158,,0,0.039,0.5840000000000002,0.0626003210272873,0.578,0.017893280369616096,1.0301136061372154,0.2950995480544045,classic,0,0,0,none,0,0,0,3.8375046739671577,0.017893280369616096,0.4286762938646155,0
sensor,1768475048731,724.4490952497581,0,0.2140333503484726,1.0272620916366577,-0.0030591487884521484,0.2140333503484726,1.0272620916366577,-0.0030591487884521484,0,0,0,10.0059784,10.0006123,2.589049274866076,1,988.9,1.7000000476837158,,0,0,1.165,0,0,-0.006746324940605369,0.9707397454101722,0.28396938230299845,classic,0,0,0,none,0,0,0,1.7203383357111433,-0.006746324940605369,0.5235744850899152,0
sensor,1768475050734,729.2783872008148,0,-0.1607123762369156,0.8494185209274292,0.4855939745903015,-0.1607123762369156,0.8494185209274292,0.4855939745903015,0,0,0,10.0060218,10.0006140,2.580759424444197,358,989.1,1.7000000476837158,,0,0.214,0.9530000000000001,0.18337617823479005,0,-0.02900190507929789,0.9507741763743848,0.3199339145917575,classic,0,0,0,none,0,0,0,2.1901912059917983,-0.02900190507929789,0.2358361058101188,0
sensor,1768475052748,734.2821575088792,0,-0.15581774711608887,0.8458545804023743,0.5669673681259155,-0.15581774711608887,0.8458545804023743,0.5669673681259155,0,0,0,10.0060668,10.0006140,2.5719334514208385,354,989.1,1.7000000476837158,,0,0.308,0.798,0.27848101265822783,0.059,-0.04993372460685167,0.9392702143642497,0.3410462460560845,classic,0,0,0,none,0,0,0,3.1129329881972785,-0.04993372460685167,0.26775623610517457,0
sensor,1768475054746,739.3144558029385,0,-0.1956784427165985,0.8111791610717773,0.583685576915741,-0.1956784427165985,0.8111791610717773,0.583685576915741,0,0,0,10.0061118,10.0006091,2.562936954161788,359,988.9,1.7000000476837158,,0,0,1.127,0,0,0.039046389856986406,1.0668621861491983,0.3153524061876659,classic,0,0,0,none,0,0,0,2.746982893739718,0.039046389856986406,0.4409211965654272,0
sensor,1768475056761,744.1326334506382,0,-0.23850654065608978,0.8561486601829529,0.5162772536277771,-0.23850654065608978,0.8561486601829529,0.5162772536277771,0,0,0,10.0061551,10.0006074,2.5577484128234467,356,988.8000000000001,1.7000000476837158,,0,0.407,0.7549999999999999,0.3502581755593804,0,0.0011455670830443116,1.0318426990633773,0.3490548148311275,classic,0,0,0,none,0,0,0,3.1798170575440547,0.0011455670830443116,0.3426898002030081,0
sensor,1768475058743,749.3374278024384,0,-0.05862858518958092,0.9100967049598694,0.5997002124786377,-0.05862858518958092,0.9100967049598694,0.5997002124786377,0,0,0,10.0062018,10.0006042,2.5487576072455456,357,989,1.7000000476837158,,0,0.409,0.6869999999999998,0.37317518248175185,0.058,-0.02226791469793558,1.0082221901566861,0.3679161603708516,classic,0,0,0,none,0,0,0,2.8038720733223674,-0.02226791469793558,0.2555898759882259,0
sensor,1768475060784,754.3445070653659,0,-0.2075173556804657,0.8282186388969421,0.5537059307098389,-0.2075173556804657,0.8282186388969421,0.5537059307098389,0,0,0,10.0062468,10.0006026,2.5413713783492495,352,988.9,1.7000000476837158,,0,0.058,0.9869999999999999,0.055502392344497616,0.099,0.054947666767365906,1.0365516931015797,0.4721882666774624,classic,0,0,0,none,0,0,0,3.459881408102246,0.054947666767365906,0.3466035427402226,0
sensor,1768475062766,759.7418068781831,0,-0.09983532130718231,0.9159091114997864,0.3750516474246979,-0.09983532130718231,0.9159091114997864,0.3750516474246979,0,0,0,10.0062951,10.0005977,2.5404482558773163,355,987.9,1.7000000476837158,,0,0,1.05,0,0.117,0.020190168287550242,1.0094323002361787,0.47656525006981776,classic,0,0,0,none,0,0,0,2.1966420040123125,0.020190168287550242,0.18383367437363238,0
sensor,1768475064729,764.3822086379315,0,-0.17050166428089142,0.8224062323570251,0.49466437101364136,-0.17050166428089142,0.8224062323570251,0.49466437101364136,0,0,0,10.0063368,10.0005960,2.540586177679108,353,987.7,1.7000000476837158,,0,0.128,0.9989999999999999,0.11357586512866018,0.058,-0.007501353406001621,0.9865412725704157,0.4768567678992657,classic,0,0,0,none,0,0,0,2.3853198100991957,-0.007501353406001621,0.2331712949884416,0
sensor,1768475066723,769.1999911313169,0,-0.2724630832672119,0.7903769612312317,0.5639999508857727,-0.2724630832672119,0.7903769612312317,0.5639999508857727,0,0,0,10.0063801,10.0005944,2.5375643288309404,351,987.5,1.7000000476837158,,0,0.15,1.0170000000000001,0.12853470437017994,0,-0.027411034113679754,0.9691464883018793,0.47733719805908564,classic,0,0,0,none,0,0,0,2.307564908856848,-0.027411034113679754,0.31705234930226195,0
sensor,1768475068751,774.0979262082229,0,0.04619314521551132,0.9729164242744446,0.1549917608499527,0.04619314521551132,0.9729164242744446,0.1549917608499527,0,0,0,10.0064234,10.0005862,2.537090660863254,356,987.3000000000001,1.7000000476837158,,0,0.174,0.9910000000000001,0.14935622317596564,0,-0.04616969768078344,0.9521513427224068,0.4796843151552928,classic,0,0,0,none,0,0,0,1.623266443365463,-0.04616969768078344,0.3399115299111459,0
sensor,1768475070793,779.1141430981719,0,-0.17671172320842743,0.862267017364502,0.4799804389476776,-0.17671172320842743,0.862267017364502,0.4799804389476776,0,0,0,10.0064684,10.0005830,2.535848239841452,354,987.4,1.7000000476837158,,0,1.115,0,1,0.059,-0.06453675814299877,0.9353037177828804,0.4823015728750629,classic,0,0,0,none,0,0,0,1.844901846034163,-0.06453675814299877,0.13454944444073744,0
sensor,1768475072729,784.1303611675464,0,-0.24197867512702942,0.8032253980636597,0.5373854041099548,-0.24197867512702942,0.8032253980636597,0.5373854041099548,0,0,0,10.0065134,10.0005798,2.5264818471524597,353,987.9,1.7000000476837158,,0,0.117,0.642,0.1541501976284585,0.402,-0.011824847343626158,0.9729365534432605,0.3574896135069269,classic,0,0,0,none,0,0,0,3.075071262134826,-0.011824847343626158,0.3395366332301122,0
sensor,1768475074736,789.5152666512847,0,0.16233372688293457,1.0823267698287964,0.2965385615825653,0.16233372688293457,1.0823267698287964,0.2965385615825653,0,0,0,10.0065618,10.0005781,2.5187880493588786,359,987.4,1.7000000476837158,,0,0.409,0.758,0.35047129391602394,0,-0.03184892230833921,0.9567293204174631,0.37334373122069064,classic,0,0,0,none,0,0,0,1.7932886677509332,-0.03184892230833921,0.24490599135405208,0
sensor,1768475076733,794.33344705614,0,-0.12328369915485382,0.8775627017021179,0.5363758206367493,-0.12328369915485382,0.8775627017021179,0.5363758206367493,0,0,0,10.0066051,10.0005798,2.514324886943088,357,986.9,1.7000000476837158,,0,0.132,1.049,0.1117696867061812,0,-0.05406139108404687,0.9378197390926084,0.39597240394214,classic,0,0,0,none,0,0,0,2.1944017710378336,-0.05406139108404687,0.16858006948188825,0
sensor,1768475078761,798.6077305348812,0,-0.14449889957904816,0.810567319393158,0.48926496505737305,-0.14449889957904816,0.810567319393158,0.48926496505737305,0,0,0,10.0066434,10.0005765,2.5070451616791036,355,986.9,1.715999960899353,,0,1.108,0,1,0.059,-0.06708580886083142,0.9262033800013163,0.40829525196116,classic,0,0,0,none,0,0,0,2.200096187604523,-0.06708580886083142,0.16180773296513232,0
sensor,1768475080788,803.8280195493345,0,-0.15938164293766022,0.8775627017021179,0.5370794534683228,-0.15938164293766022,0.8775627017021179,0.5370794534683228,0,0,0,10.0066901,10.0005716,2.500287357186293,351,987.1,1.7330000400543213,,0,0.76,0.395,0.658008658008658,0,-0.07480229045704352,0.9166905804976995,0.41933154822206414,classic,0,0,0,none,0,0,0,1.6403017832752267,-0.07480229045704352,0.1509185931621428,0
sensor,1768475082745,809.4134512491173,0,-0.08545732498168945,0.9044831991195679,0.49446550011634827,-0.08545732498168945,0.9044831991195679,0.49446550011634827,0,0,0,10.0067401,10.0005667,2.500757314608086,356,987,1.7330000400543213,,0,0.305,0.855,0.2629310344827586,0,-0.09006671013861352,0.9065275907986644,0.4365868465431355,classic,0,0,0,none,0,0,0,1.6285422314344413,-0.09006671013861352,0.05838983647883904,0
sensor,1768475084729,813.8933270003702,0,-0.1544870138168335,0.8087318539619446,0.47091004252433777,-0.1544870138168335,0.8087318539619446,0.47091004252433777,0,0,0,10.0067801,10.0005618,2.501369742202451,356,986.9,1.715999960899353,,0,0.174,0.9950000000000001,0.14884516680923865,0,-0.09488768053953689,0.8993827500430482,0.447390215373995,classic,0,0,0,none,0,0,0,1.9249431021885184,-0.09488768053953689,0.11156615368426094,0
sensor,1768475086748,818.5333150012876,0,-0.2374970018863678,0.8229110240936279,0.5098530650138855,-0.2374970018863678,0.8229110240936279,0.5098530650138855,0,0,0,10.0068218,10.0005602,2.50028607369682,356,986.8000000000001,1.7000000476837158,,0,0,1.148,0,0,-0.09844029051443531,0.8957854783724604,0.4520801228779645,classic,0,0,0,none,0,0,0,1.5474639252306497,-0.09844029051443531,0.16812832168996408,0
sensor,1768475088731,823.7149943230821,0,-0.12042339146137238,0.9563969373703003,0.3974904716014862,-0.12042339146137238,0.9563969373703003,0.3974904716014862,0,0,0,10.0068684,10.0005602,2.5025035418336476,3,986.7,1.7000000476837158,,0,0.341,0.835,0.28996598639455784,0,-0.1132226375434606,0.888753242331445,0.45746169570096284,classic,0,0,0,none,0,0,0,1.3826109836490528,-0.1132226375434606,0.09114235941116507,0
sensor,1768475090803,828.7187666731274,0,-0.08432543277740479,0.8834821581840515,0.5131263136863708,-0.08432543277740479,0.8834821581840515,0.5131263136863708,0,0,0,10.0069134,10.0005602,2.503538218166297,359,986.4,1.715999960899353,,0,0.556,0.44899999999999995,0.5532338308457713,0.16,-0.12224304905657704,0.885296665084496,0.46261474505756817,classic,0,0,0,none,0,0,0,1.0348603360018354,-0.12224304905657704,0.06350340647717057,0
sensor,1768475092753,833.9390621951644,0,-0.2071043699979782,0.764481246471405,0.6049007773399353,-0.2071043699979782,0.764481246471405,0.6049007773399353,0,0,0,10.0069601,10.0005554,2.4995445698796965,351,986.4,1.715999960899353,,0,0.175,0.952,0.15527950310559005,0,-0.08805301227645852,0.903384469412015,0.6058691370328754,classic,0,0,0,none,0,0,0,1.930272479697353,-0.08805301227645852,0.18386266202529825,0
sensor,1768475094740,839.5244940211958,0,0.012037750333547592,0.9711726903915405,0.34159982204437256,0.012037750333547592,0.9711726903915405,0.34159982204437256,0,0,0,10.0070101,10.0005505,2.4971256596052496,358,986.7,1.715999960899353,,0,0.972,0,1,0.194,-0.09126271064056553,0.9498596257122264,0.41865961746058017,classic,0,0,0,none,0,0,0,2.3276260666266015,-0.09126271064056553,0.13128353597110726,0
sensor,1768475096756,844.3529695038559,0,-0.15774500370025635,0.866243839263916,0.543916642665863,-0.15774500370025635,0.866243839263916,0.543916642665863,0,0,0,10.0070534,10.0005471,2.4990410157341527,355,986.9,1.7000000476837158,,0,1.046,0,1,0.129,-0.105049626446977,0.9371597566547163,0.430333719576166,classic,0,0,0,none,0,0,0,1.4651870396163895,-0.105049626446977,0.14462220951886434,0
sensor,1768475098727,849.3691854346539,0,-0.14561548829078674,0.8563628196716309,0.48498213291168213,-0.14561548829078674,0.8563628196716309,0.48498213291168213,0,0,0,10.0070984,10.0005439,2.5007333335465916,0,986.6,1.715999960899353,,0,0.29,0.7649999999999999,0.27488151658767773,0.109,-0.11356926250834698,0.9261928221088107,0.4381548940016041,classic,0,0,0,none,0,0,0,2.163030304666695,-0.11356926250834698,0.09042981369261954,0
sensor,1768475100819,854.4014835104374,0,-0.22056461870670319,0.8648213148117065,0.32437682151794434,-0.22056461870670319,0.8648213148117065,0.32437682151794434,0,0,0,10.0071434,10.0005390,2.513245304932367,353,986.9,1.7330000400543213,,0,0,0.933,0,0.234,-0.1138772392342556,0.9192973803176295,0.43935533178828085,classic,0,0,0,none,0,0,0,1.8632862899372273,-0.1138772392342556,0.16687623274243163,0
sensor,1768475102753,860.1502551647309,0,-0.1664176881313324,0.8651272654533386,0.5301504731178284,-0.1664176881313324,0.8651272654533386,0.5301504731178284,0,0,0,10.0071951,10.0005390,2.534178336964177,356,986.3000000000001,1.7330000400543213,,0,0.852,0.06700000000000006,0.927094668117519,0.24,-0.12545800147371858,0.9053382155256424,0.4507900803591931,classic,0,0,0,none,0,0,0,1.1482906421950516,-0.12545800147371858,0.09843444284140901,0
sensor,1768475104786,865.0180959580056,0,-0.18110160529613495,0.7929313778877258,0.40675970911979675,-0.18110160529613495,0.7929313778877258,0.40675970911979675,0,0,0,10.0072384,10.0005325,2.551231784180318,353,986.4,1.7330000400543213,,0,0.874,0.05699999999999994,0.9387755102040817,0.235,-0.12762325432791558,0.8994841475415865,0.45669259137253326,classic,0,0,0,none,0,0,0,1.5199827495740652,-0.12762325432791558,0.12990399561919078,0
sensor,1768475106744,870.4115009325301,0,-0.1958925873041153,0.8447380065917969,0.5545165538787842,-0.1958925873041153,0.8447380065917969,0.5545165538787842,0,0,0,10.0072868,10.0005293,2.563730857687879,358,985.4,1.715999960899353,,0,0.152,1.012,0.13058419243986255,0,-0.1107044661675345,0.8740906627350296,0.27378213174194144,classic,0,0,0,none,0,0,0,2.467691100523681,-0.1107044661675345,0.296321240883936,0
sensor,1768475108730,874.6741593125682,0,-0.021108126267790794,0.8250524401664734,0.3697440028190613,-0.021108126267790794,0.8250524401664734,0.3697440028190613,0,0,0,10.0073251,10.0005309,2.5753800308746633,357,985.3000000000001,1.715999960899353,,0,0.64,0.527,0.5484147386461011,0,-0.12104931579856681,0.8705720427540542,0.3093588595107085,classic,0,0,0,none,0,0,0,1.5249148680646523,-0.12104931579856681,0.12595591859409058,0
sensor,1768475110839,879.9162209198925,0,-0.15938164293766022,0.8870460987091064,0.36434462666511536,-0.15938164293766022,0.8870460987091064,0.36434462666511536,0,0,0,10.0073718,10.0005244,2.5763667919514877,353,985.7,1.7000000476837158,,0,1.167,0,1,0,-0.12956686461995526,0.8694640737844408,0.33418391080855686,classic,0,0,0,none,0,0,0,1.4628120317524784,-0.12956686461995526,0.04614058626340045,0
sensor,1768475112793,884.5971727529803,0,-0.21455340087413788,0.8186282515525818,0.5041477084159851,-0.21455340087413788,0.8186282515525818,0.5041477084159851,0,0,0,10.0074134,10.0005178,2.5697170551605755,351,985.8000000000001,1.7000000476837158,,0,0.156,0.901,0.14758751182592242,0.07,-0.13699815130319176,0.868971343673858,0.3570273725589009,classic,0,0,0,none,0,0,0,2.3142352880946984,-0.13699815130319176,0.17463634491818697,0
sensor,1768475114723,889.8377845974081,0,-0.16825318336486816,0.893470287322998,0.3315046429634094,-0.16825318336486816,0.893470287322998,0.3315046429634094,0,0,0,10.0074601,10.0005114,2.5610414461608104,352,985.7,1.7000000476837158,,0,0.156,0.9759999999999999,0.13780918727915195,0,-0.07767764132675258,0.9827029005119466,0.2798803883607507,classic,0,0,0,none,0,0,0,1.7441908987471697,-0.07767764132675258,0.1379173233733516,0
sensor,1768475116769,894.7357249873454,0,-0.11471807211637497,0.8975542187690735,0.5048666000366211,-0.11471807211637497,0.8975542187690735,0.5048666000366211,0,0,0,10.0075034,10.0005032,2.548681189508953,349,985.5,1.6829999685287476,,0,0.446,0.7190000000000001,0.3828326180257511,0,-0.09407207646276655,0.9598433844889152,0.31865250489124497,classic,0,0,0,none,0,0,0,2.5825176228502724,-0.09407207646276655,0.19843046301849654,0
sensor,1768475118734,899.8781611022225,0,-0.1481698602437973,1.0054351091384888,0.44694164395332336,-0.1481698602437973,1.0054351091384888,0.44694164395332336,0,0,0,10.0075468,10.0004869,2.532732175613348,345,985.7,1.6829999685287476,,0,0.034,1.132,0.029159519725557467,0,-0.09900917573288791,0.9448614850324081,0.3469266588002315,classic,0,0,0,none,0,0,0,2.5809507491472554,-0.09900917573288791,0.12747955993078092,0
sensor,1768475120762,904.3833828284469,0,-0.19792692363262177,0.835346519947052,0.6214202046394348,-0.19792692363262177,0.835346519947052,0.6214202046394348,0,0,0,10.0075868,10.0004804,2.521231123066455,338,986.7,1.6829999685287476,,0,0.044,0.973,0.043264503441494594,0.13,-0.10761763886777247,0.9337458834703207,0.36803004039279513,classic,0,0,0,none,0,0,0,2.5959668217529632,-0.10761763886777247,0.28787396443929586,0
sensor,1768475122737,909.5856357048066,0,-0.25777915120124817,0.7375607490539551,0.5123003125190735,-0.25777915120124817,0.7375607490539551,0.5123003125190735,0,0,0,10.0076318,10.0004674,2.5151122171151927,336,987.3000000000001,1.7000000476837158,,0,0.933,0.23199999999999998,0.8008583690987124,0,-0.026635528585863915,0.9355429701075428,0.5119168509954362,classic,0,0,0,none,0,0,0,2.445522810276069,-0.026635528585863915,0.30587206381600135,0
sensor,1768475124723,914.7760576282386,0,-0.184971421957016,0.9037796258926392,0.5067021250724792,-0.184971421957016,0.9037796258926392,0.5067021250724792,0,0,0,10.0076718,10.0004430,2.5126828931200245,331,987.4,1.7000000476837158,,0,0,1.165,0,0,-0.05065313113646555,0.9216741550832728,0.511915731223009,classic,0,0,0,none,0,0,0,1.4702499927527055,-0.05065313113646555,0.1362867400603452,0
sensor,1768475126759,919.2175891252814,0,-0.047217957675457,0.9108156561851501,0.5854139924049377,-0.047217957675457,0.9108156561851501,0.5854139924049377,0,0,0,10.0077068,10.0004234,2.5094023605586626,324,988,1.6829999685287476,,0,0.889,0,1,0.271,-0.06923203355664115,0.9123360390875798,0.5044570439387155,classic,0,0,0,none,0,0,0,2.0945238170707907,-0.06923203355664115,0.08433208053051935,0
sensor,1768475128725,924.8114211582796,0,-0.18610331416130066,0.8273009061813354,0.5086293816566467,-0.18610331416130066,0.8273009061813354,0.5086293816566467,0,0,0,10.0077468,10.0003925,2.506828434711597,327,988.6,1.6829999685287476,,0,0.681,0.23299999999999996,0.7450765864332605,0.233,-0.07933799251277021,0.9095967472262801,0.49517167707184406,classic,0,0,0,none,0,0,0,1.5035980066959866,-0.07933799251277021,0.13615234239479018,0
sensor,1768475130771,929.8843601168735,0,0.08993896842002869,1.0292046070098877,0.2854185700416565,0.08993896842002869,1.0292046070098877,0.2854185700416565,0,0,0,10.0077834,10.0003648,2.5042937327216688,320,988.8000000000001,1.6660000085830688,,0,0.278,0.8879999999999999,0.23842195540308753,0,-0.09374176303331908,0.9016045294691526,0.4928567051993986,classic,0,0,0,none,0,0,0,1.3081720416832596,-0.09374176303331908,0.3065754493796419,0
sensor,1768475132733,935.478198217993,0,-0.22321078181266785,0.843101441860199,0.5260665416717529,-0.22321078181266785,0.843101441860199,0.5260665416717529,0,0,0,10.0078234,10.0003338,2.499550238470385,323,989,1.6660000085830688,,0,0.36,0.809,0.30795551753635586,0,-0.10502256855382884,0.8953094190144936,0.49301751218268064,classic,0,0,0,none,0,0,0,1.3380509912295637,-0.10502256855382884,0.13403571001163836,0
sensor,1768475134724,940.4228156757308,0,-0.16294555366039276,0.8325014114379883,0.5941937565803528,-0.16294555366039276,0.8325014114379883,0.5941937565803528,0,0,0,10.0078618,10.0003110,2.4908277919974706,323,989.1,1.649999976158142,,0,0.115,0.8880000000000001,0.11465603190428714,0.174,-0.11285352137395005,0.8917752605707456,0.48933937470918204,classic,0,0,0,none,0,0,0,1.5801245496954461,-0.11285352137395005,0.13110491047343698,0
sensor,1768475136727,945.0998688483439,0,-0.2671707570552826,0.8285245895385742,0.46029484272003174,-0.2671707570552826,0.8285245895385742,0.46029484272003174,0,0,0,10.0078951,10.0002850,2.4800836966148614,319,988.5,1.6330000162124634,,0,0.2,0.966,0.17152658662092626,0,-0.11576939515260509,0.8892259628009581,0.4874155679284212,classic,0,0,0,none,0,0,0,2.3522701634224044,-0.11576939515260509,0.16618680126769014,0
sensor,1768475138752,950.1217036722499,0,-0.04986412450671196,0.8725762963294983,0.48905083537101746,-0.04986412450671196,0.8725762963294983,0.48905083537101746,0,0,0,10.0079284,10.0002540,2.471134003873804,320,988.2,1.6160000562667847,,0,0.176,0.951,0.1561668145519077,0.057,-0.12493353305375172,0.8853185424925659,0.49594472912121595,classic,0,0,0,none,0,0,0,1.3795404020951714,-0.12493353305375172,0.07683879953535253,0
sensor,1768475140737,954.3732584596114,0,-0.1842678189277649,0.8639035820960999,0.5092412233352661,-0.1842678189277649,0.8639035820960999,0.5092412233352661,0,0,0,10.0079568,10.0002280,2.4561504546408512,318,988.1,1.600000023841858,,0,0.679,0.46599999999999997,0.5930131004366812,0,-0.17321775154043287,0.7314319168925348,0.46454672426333415,classic,0,0,0,none,0,0,0,1.3655918502425302,-0.17321775154043287,0.14094897584205918,0
sensor,1768475142757,959.1328217347101,0,0.06057114526629448,1.0141078233718872,0.40054965019226074,0.06057114526629448,1.0141078233718872,0.40054965019226074,0,0,0,10.0079884,10.0001987,2.4396456666766904,319,988.1,1.600000023841858,,0,0.235,0.874,0.21190261496844004,0.058,-0.16191922326397024,0.7532021527889109,0.4707085207098396,classic,0,0,0,none,0,0,0,2.9122252996587044,-0.16191922326397024,0.3517530511281216,0
sensor,1768475144736,963.9317807869403,0,-0.20935283601284027,0.7923195362091064,0.47233259677886963,-0.20935283601284027,0.7923195362091064,0.47233259677886963,0,0,0,10.0080218,10.0001709,2.420297419923775,316,988.6,1.600000023841858,,0,0.233,0.8949999999999999,0.2065602836879433,0.058,-0.16200338422635485,0.767658568959317,0.4789560463699384,classic,0,0,0,none,0,0,0,0.9225873765841278,-0.16200338422635485,0.05406627896208849,0
sensor,1768475146732,968.175080907937,0,-0.25218093395233154,0.8845987915992737,0.44735461473464966,-0.25218093395233154,0.8845987915992737,0.44735461473464966,0,0,0,10.0080501,10.0001449,2.395336937522202,314,988.7,1.6160000562667847,,0,1.18,0,1,0,-0.07132293387704457,0.8322699658706396,0.29589427365107945,classic,0,0,0,none,0,0,0,3.017667647660656,-0.07132293387704457,0.2428506684674622,0
sensor,1768475148740,972.7031357038977,0,-0.19303229451179504,0.8486078977584839,0.5953103303909302,-0.19303229451179504,0.8486078977584839,0.5953103303909302,0,0,0,10.0080751,10.0001123,2.361160908727203,313,988.9,1.6330000162124634,,0,0,1.167,0,0,-0.08177812774599415,0.8392762015294769,0.3240354778891143,classic,0,0,0,none,0,0,0,2.300896505414767,-0.08177812774599415,0.2948247942913746,0
sensor,1768475150761,977.0759354801221,0,-0.12072930485010147,0.8799182176589966,0.3013261556625366,-0.12072930485010147,0.8799182176589966,0.3013261556625366,0,0,0,10.0081018,10.0000830,2.3288365953200576,311,988.6,1.649999976158142,,0,0.88,0.30300000000000005,0.7438715131022823,0,-0.09616369686453581,0.8398417455554179,0.35565616567931707,classic,0,0,0,none,0,0,0,1.5013716374888586,-0.09616369686453581,0.0722035028582216,0
sensor,1768475152726,981.3226619740187,0,-0.20874100923538208,0.8423824310302734,0.4969128370285034,-0.20874100923538208,0.8423824310302734,0.4969128370285034,0,0,0,10.0081268,10.0000536,2.2947524900225678,309,988.2,1.649999976158142,,0,0.589,0.583,0.5025597269624573,0,-0.02848800847038197,0.8798155265647672,0.48388800197671444,classic,0,0,0,none,0,0,0,1.5551888160974194,-0.02848800847038197,0.18548643971162418,0
sensor,1768475154744,986.230752732018,0,-0.2836901545524597,0.8143454194068909,0.558707594871521,-0.2836901545524597,0.8143454194068909,0.558707594871521,0,0,0,10.0081534,10.0000179,2.2636315354384346,308,988.7,1.6660000085830688,,0,0.174,0.5050000000000001,0.25625920471281294,0.468,-0.04620882571107178,0.8776582896872567,0.48098502087364703,classic,0,0,0,none,0,0,0,2.080841836496592,-0.04620882571107178,0.2590679129706851,0
sensor,1768475156729,991.6361163578555,0,0.028648927807807922,0.819347083568573,0.3443530797958374,0.028648927807807922,0.819347083568573,0.3443530797958374,0,0,0,10.0081868,9.9999820,2.2456156198986816,310,988.4,1.6660000085830688,,0,0.249,0.875,0.22153024911032027,0.059,-0.017810125625427983,0.8638840043292425,0.3421401130824055,classic,0,0,0,none,0,0,0,2.164545327781452,-0.017810125625427983,0.06471985833230134,0
sensor,1768475158740,996.2659024958396,0,-0.08738458156585693,0.8273926973342896,0.5736975073814392,-0.08738458156585693,0.8273926973342896,0.5736975073814392,0,0,0,10.0082168,9.9999527,2.2433592375312097,310,988.7,1.6829999685287476,,0,0.144,1.0210000000000001,0.12360515021459226,0,-0.03738930033777176,0.8602932720548905,0.3707930106638794,classic,0,0,0,none,0,0,0,1.6864281355419675,-0.03738930033777176,0.21261023444400798,0
sensor,1768475160750,1000.7666489010699,0,-0.11543697863817215,0.9469136595726013,0.521783709526062,-0.11543697863817215,0.9469136595726013,0.521783709526062,0,0,0,10.0082434,9.9999217,2.248179874443083,310,988.4,1.6829999685287476,,0,0.117,0.8740000000000001,0.11806256306760847,0.174,-0.08439504458073728,0.8488509261241574,0.374406545881496,classic,0,0,0,none,0,0,0,2.2956927015592643,-0.08439504458073728,0.18062493673028054,0
sensor,1768475162770,1005.6479503741749,0,-0.1839619129896164,0.8822584748268127,0.4964998662471771,-0.1839619129896164,0.8822584748268127,0.4964998662471771,0,0,0,10.0082734,9.9998892,2.259171961685172,310,988.5,1.6829999685287476,,0,0.29,0.9319999999999999,0.23731587561374795,0,-0.08377219275904411,0.8513081735597542,0.39675407424113485,classic,0,0,0,none,0,0,0,1.6551759371923787,-0.08377219275904411,0.14545156195845518,0
sensor,1768475164753,1011.1930638040607,0,-0.13949717581272125,0.8983649611473083,0.44224584102630615,-0.13949717581272125,0.8983649611473083,0.44224584102630615,0,0,0,10.0083051,9.9998501,2.2896276171968575,314,988.4,1.6660000085830688,,0,0.047,1.119,0.04030874785591767,0,-0.1030330481143227,0.8516937115711071,0.4100573746479179,classic,0,0,0,none,0,0,0,1.1206050646666526,-0.1030330481143227,0.06774745714899272,0
sensor,1768475166730,1016.0938509477684,0,-0.41757380962371826,0.7806947231292725,0.23024682700634003,-0.41757380962371826,0.7806947231292725,0.23024682700634003,0,0,0,10.0083384,9.9998208,2.317705595681588,315,988.4,1.649999976158142,,0,1.166,0,1,0,-0.11353076326146051,0.8528561604656036,0.416362579058993,classic,0,0,0,none,0,0,0,2.595566442001794,-0.11353076326146051,0.3655426016805768,0
sensor,1768475168782,1020.975156524674,0,-0.2731819748878479,0.7997685670852661,0.5510597825050354,-0.2731819748878479,0.7997685670852661,0.5510597825050354,0,0,0,10.0083684,9.9997882,2.3412786178060325,307,988.2,1.649999976158142,,0,0.407,0.4149999999999999,0.49513381995133826,0.36,-0.12079797648954556,0.8576655401378327,0.4214610152081285,classic,0,0,0,none,0,0,0,1.551495238724169,-0.12079797648954556,0.20929822084827318,0
sensor,1768475170740,1026.1296470732818,0,0.06791310012340546,1.0333805084228516,0.05272442847490311,0.06791310012340546,1.0333805084228516,0.05272442847490311,0,0,0,10.0084018,9.9997556,2.3677920796105854,316,988,1.6330000162124634,,0,0.549,0.6389999999999999,0.46212121212121215,0,-0.1262763619005429,0.8600665182040585,0.4316822866181308,classic,0,0,0,none,0,0,0,1.983885234328222,-0.1262763619005429,0.46204530744274247,0
sensor,1768475172762,1031.010956163216,0,-0.23310711979866028,0.8724692463874817,0.5351521968841553,-0.23310711979866028,0.8724692463874817,0.5351521968841553,0,0,0,10.0084318,9.9997231,2.397051213741491,316,988.4,1.6160000562667847,,0,1.166,0,1,0,-0.13541052623431035,0.8582365414357913,0.4442829072087578,classic,0,0,0,none,0,0,0,1.1625870069641417,-0.13541052623431035,0.13485483195572368,0
sensor,1768475174744,1036.0155314855715,0,-0.02886306680738926,0.9231440424919128,0.4739692211151123,-0.02886306680738926,0.9231440424919128,0.4739692211151123,0,0,0,10.0084634,9.9996905,2.4183217896811993,318,988.1,1.6160000562667847,,0,0.239,0.869,0.21570397111913356,0.06,-0.1396286850884188,0.8616633364391151,0.447821720112212,classic,0,0,0,none,0,0,0,1.5179215393555148,-0.1396286850884188,0.13000454028246142,0
sensor,1768475176730,1040.6502723741737,0,-0.21016351878643036,0.8686911463737488,0.41206735372543335,-0.21016351878643036,0.8686911463737488,0.41206735372543335,0,0,0,10.0084918,9.9996595,2.430757776438874,314,987.9,1.6330000162124634,,0,0.117,1.084,0.0974188176519567,0,-0.003502948495637587,0.9401846988858027,0.2650154160141192,classic,0,0,0,none,0,0,0,2.5098068133803126,-0.003502948495637587,0.2648468933566055,0
sensor,1768475178799,1045.917113690646,0,-0.136636883020401,0.8048620820045471,0.00010707020555855706,-0.136636883020401,0.8048620820045471,0.00010707020555855706,0,0,0,10.0085251,9.9996253,2.444024236431028,315,987.8000000000001,1.6330000162124634,,0,0.7,0.4670000000000001,0.5998286203941731,0,-0.10595423098375517,0.8392820056581393,0.37404800568476454,classic,0,0,0,none,0,0,0,1.895592797067245,-0.10595423098375517,0.3786664463300219,0
sensor,1768475180731,1050.9295069975472,0,-0.18741874396800995,0.7897651195526123,0.5491172075271606,-0.18741874396800995,0.7897651195526123,0.5491172075271606,0,0,0,10.0085568,9.9995928,2.447043268336386,317,987.4,1.6160000562667847,,0,0.156,0.917,0.14538676607642126,0.074,-0.11723278572072562,0.8416706673747596,0.3944229248371643,classic,0,0,0,none,0,0,0,1.5994034302831603,-0.11723278572072562,0.17851740433835858,0
sensor,1768475182732,1056.008844270419,0,-0.12236595153808594,0.9728093147277832,0.5456450581550598,-0.12236595153808594,0.9728093147277832,0.5456450581550598,0,0,0,10.0085934,9.9995650,2.445263787303043,318,987,1.600000023841858,,0,0.349,0.701,0.3323809523809524,0.116,-0.12091944982049584,0.8451202359184758,0.4101501487670586,classic,0,0,0,none,0,0,0,1.8938175130408132,-0.12091944982049584,0.18712224793644186,0
sensor,1768475184755,1061.0316816377085,0,-0.20893985033035278,0.8233239650726318,0.5304563641548157,-0.20893985033035278,0.8233239650726318,0.5304563641548157,0,0,0,10.0086268,9.9995342,2.4412849165494697,318,987,1.6160000562667847,,0,0.117,1.05,0.10025706940874037,0,-0.11813954808611875,0.8498558217823812,0.42257888970004603,classic,0,0,0,none,0,0,0,1.6792395837482195,-0.11813954808611875,0.14419986117356737,0
sensor,1768475186740,1066.1110191317946,0,-0.01876787655055523,0.8540072441101074,0.6274313926696777,-0.01876787655055523,0.8540072441101074,0.6274313926696777,0,0,0,10.0086634,9.9995064,2.4420508969851698,315,987.3000000000001,1.6160000562667847,,0,1.05,0.11799999999999988,0.8989726027397261,0,-0.12776694189148635,0.8525138044016634,0.43278527797449234,classic,0,0,0,none,0,0,0,1.401865404158663,-0.12776694189148635,0.22421328181177208,0
sensor,1768475188727,1071.3033589026961,0,-0.0530303455889225,0.8653261065483093,0.27654704451560974,-0.0530303455889225,0.8653261065483093,0.27654704451560974,0,0,0,10.0087001,9.9994771,2.4414276751704067,318,987.4,1.6330000162124634,,0,0.701,0.2920000000000001,0.7059415911379656,0.174,-0.1270206656190247,0.8536455094023192,0.4438564106674297,classic,0,0,0,none,0,0,0,1.730365141672799,-0.1270206656190247,0.1842335454050413,0
sensor,1768475190741,1076.053484692515,0,-0.2772659361362457,0.7840598225593567,0.5761447548866272,-0.2772659361362457,0.7840598225593567,0.5761447548866272,0,0,0,10.0087301,9.9994462,2.4426106596967423,313,987.5,1.6160000562667847,,0,0.699,0.291,0.706060606060606,0.176,-0.12996558147944628,0.8552124467396859,0.44920584640688477,classic,0,0,0,none,0,0,0,1.3440995057210563,-0.12996558147944628,0.20809985524886024,0
sensor,1768475192761,1081.2162869891936,0,-0.10788087546825409,0.9162150621414185,0.19414886832237244,-0.10788087546825409,0.9162150621414185,0.19414886832237244,0,0,0,10.0087651,9.9994152,2.4473886732831263,317,988.2,1.6160000562667847,,0,0.698,0.44700000000000006,0.6096069868995633,0,-0.057071977869190584,0.9309065211888872,0.32669021321051356,classic,0,0,0,none,0,0,0,1.5419920892552514,-0.057071977869190584,0.1434216672998792,0
sensor,1768475194743,1086.261418146291,0,-0.22770772874355316,0.8631846904754639,0.4628491997718811,-0.22770772874355316,0.8631846904754639,0.4628491997718811,0,0,0,10.0088001,9.9993859,2.463692730030018,317,988.2,1.600000023841858,,0,0.212,0.954,0.18181818181818182,0,-0.07937565375525879,0.9183527356238095,0.3543951796434029,classic,0,0,0,none,0,0,0,2.2208783886491554,-0.07937565375525879,0.19281870555954234,0
sensor,1768475196726,1091.0292106864338,0,-0.22443445026874542,0.8388186097145081,0.37627527117729187,-0.22443445026874542,0.8388186097145081,0.37627527117729187,0,0,0,10.0088318,9.9993566,2.473692711817142,319,988.4,1.600000023841858,,0,0,1.13,0,0.036,-0.07289816510749185,0.9393516799145227,0.5324899344199036,classic,0,0,0,none,0,0,0,2.711291670344431,-0.07289816510749185,0.24094031624101406,0
sensor,1768475198767,1096.935672596173,0,-0.2734878957271576,0.7907899618148804,0.5516716241836548,-0.2734878957271576,0.7907899618148804,0.5516716241836548,0,0,0,10.0088684,9.9993175,2.4845506467032297,320,988.3000000000001,1.6160000562667847,,0,0.527,0.6209999999999999,0.4590592334494774,0,-0.08743738061471698,0.9283781935001695,0.5196249752072564,classic,0,0,0,none,0,0,0,1.8259489243359768,-0.08743738061471698,0.23478106140999513,0
sensor,1768475200748,1102.3891317038147,0,-0.10492879897356033,0.7880367040634155,-0.131038635969162,-0.10492879897356033,0.7880367040634155,-0.131038635969162,0,0,0,10.0089068,9.9992865,2.5002324036791794,320,988.6,1.6660000085830688,,0,0.292,0.733,0.28487804878048784,0.118,-0.0989842309034503,0.8796390320447973,0.3217979027552947,classic,0,0,0,none,0,0,0,1.8308554914961477,-0.0989842309034503,0.660066872284884,0
sensor,1768475202753,1107.1432694435823,0,-0.15275859832763672,0.8363713026046753,0.5194434523582458,-0.15275859832763672,0.8363713026046753,0.5194434523582458,0,0,0,10.0089351,9.9992540,2.5151079368339784,315,987.9,1.6829999685287476,,0,0.176,0.6990000000000001,0.20114285714285712,0.292,-0.11357039585108826,0.8762686845599241,0.34971020661202495,classic,0,0,0,none,0,0,0,1.7221821858531117,-0.11357039585108826,0.17960699111551096,0
sensor,1768475204733,1112.5446843783923,0,-0.0775953084230423,0.864515483379364,0.5428000092506409,-0.0775953084230423,0.864515483379364,0.5428000092506409,0,0,0,10.0089701,9.9992198,2.52762338790255,321,987.8000000000001,1.7000000476837158,,0,0.467,0.6409999999999998,0.4214801444043322,0.058,-0.12060765974395866,0.8755704383159819,0.37181113144477246,classic,0,0,0,none,0,0,0,2.432856206191566,-0.12060765974395866,0.17754977287666157,0
sensor,1768475206755,1117.8115392149753,0,-0.1362391859292984,0.8396292924880981,0.4568379521369934,-0.1362391859292984,0.8396292924880981,0.4568379521369934,0,0,0,10.0090034,9.9991856,2.5416199239015933,315,987.6,1.6660000085830688,,0,0.097,0.855,0.10189075630252102,0.195,-0.12177860410294487,0.8773011052413446,0.3817794856211739,classic,0,0,0,none,0,0,0,1.8545184678938869,-0.12177860410294487,0.08564587601844244,0
sensor,1768475208737,1122.7036875231222,0,-0.24044908583164215,0.7955775260925293,0.4498019516468048,-0.24044908583164215,0.7955775260925293,0.4498019516468048,0,0,0,10.0090351,9.9991546,2.5578923499626676,314,987.7,1.649999976158142,,0,1.107,0.05800000000000005,0.9502145922746781,0,-0.1299633984158835,0.8723167603242469,0.4029285993752589,classic,0,0,0,none,0,0,0,1.264995832735383,-0.1299633984158835,0.14316973012591822,0
sensor,1768475210736,1127.2344689013978,0,-0.12940199673175812,0.8429943323135376,0.44082334637641907,-0.12940199673175812,0.8429943323135376,0.44082334637641907,0,0,0,10.0090668,9.9991286,2.5652203313361452,315,987.9,1.6829999685287476,,0,0.191,0.976,0.1636675235646958,0,-0.10682293798701471,0.9138114477665525,0.5938212445863831,classic,0,0,0,none,0,0,0,1.583170454622064,-0.10682293798701471,0.17095248312803163,0
sensor,1768475212741,1132.0625629103913,0,-0.20996467769145966,0.8172057271003723,0.5844045281410217,-0.20996467769145966,0.8172057271003723,0.5844045281410217,0,0,0,10.0091018,9.9991025,2.5645014474509136,318,988.3000000000001,1.7000000476837158,,0,0.233,0.8240000000000001,0.2204351939451277,0.059,-0.1082507083985801,0.9099568051118962,0.5756337648304483,classic,0,0,0,none,0,0,0,1.4091958661548016,-0.1082507083985801,0.1386257948320444,0
sensor,1768475214760,1137.1076934323476,0,0.09931526333093643,1.2482397556304932,0.4803934097290039,0.09931526333093643,1.2482397556304932,0.4803934097290039,0,0,0,10.0091368,9.9990732,2.5624239583337425,316,988.8000000000001,1.715999960899353,,0,0.181,0.46099999999999985,0.28193146417445486,0.524,-0.11117462799158177,0.9020180310159919,0.5611091877356063,classic,0,0,0,none,0,0,0,2.136332103014878,-0.11117462799158177,0.4152232009067708,0
sensor,1768475216751,1142.270505354825,0,-0.12225887924432755,0.8897075057029724,0.633549690246582,-0.12225887924432755,0.8897075057029724,0.633549690246582,0,0,0,10.0091718,9.9990422,2.5602082119791914,317,988,1.649999976158142,,0,0.825,0.2820000000000001,0.7452574525745257,0.058,-0.12309865373477512,0.8948872253455802,0.5488328500180779,classic,0,0,0,none,0,0,0,1.2286439054233234,-0.12309865373477512,0.0853057235661378,0
sensor,1768475218755,1147.6719290575868,0,-0.15765322744846344,0.9026477336883545,0.5620726943016052,-0.15765322744846344,0.9026477336883545,0.5620726943016052,0,0,0,10.0092068,9.9990080,2.553637068382202,317,987.8000000000001,1.6160000562667847,,0,1.108,0,1,0.072,-0.09838700989484722,0.8835299141111899,0.40466014489813906,classic,0,0,0,none,0,0,0,2.1776429004197637,-0.09838700989484722,0.1701335264164146,0
sensor,1768475220744,1152.6765177383961,0,-0.06902968883514404,0.8835892081260681,0.568894624710083,-0.06902968883514404,0.8835892081260681,0.568894624710083,0,0,0,10.0092384,9.9989755,2.5507676676954807,315,987.4,1.6160000562667847,,0,0.234,0.901,0.20616740088105728,0,-0.013262917558726817,0.9204684618001842,0.2427126006276996,classic,0,0,0,none,0,0,0,3.07280052074688,-0.013262917558726817,0.3346367326662764,0
sensor,1768475222732,1157.8236040953745,0,-0.1301208883523941,0.7205365896224976,0.5451403260231018,-0.1301208883523941,0.7205365896224976,0.5451403260231018,0,0,0,10.0092718,9.9989429,2.553349994708798,317,987,1.6160000562667847,,0,0.758,0.3799999999999999,0.6660808435852373,0,-0.0381577880738873,0.9082412116284182,0.28577169856501705,classic,0,0,0,none,0,0,0,2.638522708736008,-0.0381577880738873,0.33478399464028646,0
sensor,1768475224751,1162.453400027997,0,-0.2082209438085556,0.8109803199768066,0.33508384227752686,-0.2082209438085556,0.8109803199768066,0.33508384227752686,0,0,0,10.0093018,9.9989136,2.553793282869721,317,987.2,1.6330000162124634,,0,0,1.17,0,0,-0.056196251670325326,0.9016285947287115,0.31545018351405385,classic,0,0,0,none,0,0,0,2.750902747226864,-0.056196251670325326,0.17897941998628733,0
sensor,1768475226767,1167.7375283610459,0,-0.2596146762371063,0.803026556968689,0.5780720114707947,-0.2596146762371063,0.803026556968689,0.5780720114707947,0,0,0,10.0093368,9.9988810,2.5518199128312413,313,987.8000000000001,1.6160000562667847,,0,0.159,0.9869999999999999,0.1387434554973822,0,-0.074333790601222,0.8952317877467791,0.33988717952159536,classic,0,0,0,none,0,0,0,2.6915760611128854,-0.074333790601222,0.3171213819584017,0
sensor,1768475228730,1172.6188495219153,0,-0.020695142447948456,1.0035078525543213,0.4790627062320709,-0.020695142447948456,1.0035078525543213,0.4790627062320709,0,0,0,10.0093668,9.9988484,2.5508366460314758,319,987.8000000000001,1.6160000562667847,,0,0.133,0.758,0.14927048260381595,0.272,-0.08938828226222983,0.9690558066907026,0.4936336267815716,classic,0,0,0,none,0,0,0,1.7471269841975527,-0.08938828226222983,0.0786107155691965,0
sensor,1768475230771,1177.2576637230827,0,0.013659099116921425,0.9813749194145203,0.5425859093666077,0.013659099116921425,0.9813749194145203,0.5425859093666077,0,0,0,10.0093984,9.9988208,2.550609881238935,316,987.2,1.600000023841858,,0,1.111,5.551115123125783e-17,1,0.06,-0.10259461624405657,0.947104767393817,0.500215995365235,classic,0,0,0,none,0,0,0,1.713200357732003,-0.10259461624405657,0.12903747400452856,0
sensor,1768475232755,1182.2776766330055,0,-0.11216369271278381,0.85013747215271,0.5931689739227295,-0.11216369271278381,0.85013747215271,0.5931689739227295,0,0,0,10.0094301,9.9987882,2.5451881772013643,316,986.7,1.600000023841858,,0,0.2,0.85,0.19047619047619047,0.116,-0.011577863403389151,0.9703638365896833,0.3591701479765807,classic,0,0,0,none,0,0,0,2.552550422542939,-0.011577863403389151,0.28306642533914295,0
sensor,1768475234764,1187.2923076427892,0,-0.267782598733902,0.7869201302528381,0.5955091714859009,-0.267782598733902,0.7869201302528381,0.5955091714859009,0,0,0,10.0094634,9.9987573,2.539792848847863,312,986.5,1.600000023841858,,0,0.234,0.9319999999999999,0.20068610634648373,0,-0.034398765933667384,0.9549707506836115,0.3774382205835021,classic,0,0,0,none,0,0,0,2.693309562389634,-0.034398765933667384,0.3627346675555875,0
sensor,1768475236776,1192.956085815813,0,0.11094003170728683,1.1035419702529907,0.23494262993335724,0.11094003170728683,1.1035419702529907,0.23494262993335724,0,0,0,10.0095001,9.9987214,2.537635898138696,315,986.5,1.600000023841858,,0,0.234,0.933,0.20051413881748073,0,-0.04734533166972869,0.9463416355364161,0.38993252074636947,classic,0,0,0,none,0,0,0,1.8642987645081157,-0.04734533166972869,0.2730046147177864,0
sensor,1768475238743,1198.3739078507544,0,-0.15560360252857208,0.8382067680358887,0.5197493433952332,-0.15560360252857208,0.8382067680358887,0.5197493433952332,0,0,0,10.0095368,9.9986889,2.536827625466826,316,987,1.600000023841858,,0,0.116,1.0319999999999998,0.1010452961672474,0,-0.06978990703617599,0.9293495154598855,0.4128234459471381,classic,0,0,0,none,0,0,0,2.2891491174916268,-0.06978990703617599,0.16546064824501436,0
sensor,1768475240744,1203.419047818279,0,-0.13195638358592987,0.8712455630302429,0.3813687860965729,-0.13195638358592987,0.8712455630302429,0.3813687860965729,0,0,0,10.0095718,9.9986596,2.5294164377636306,317,986.9,1.600000023841858,,0,1.152,0,1,0,0.00776866541160929,1.0254757098086258,0.40687087211053796,classic,0,0,0,none,0,0,0,3.1671375256322536,0.00776866541160929,0.21072092176557966,0
sensor,1768475242775,1209.0788567876527,0,-0.26461637020111084,0.8059785962104797,0.6481265425682068,-0.26461637020111084,0.8059785962104797,0.6481265425682068,0,0,0,10.0096068,9.9986220,2.5228842777068103,314,986.4,1.600000023841858,,0,0,1.028,0,0.118,-0.021599071012098014,1.0011375713611526,0.4125445203150717,classic,0,0,0,none,0,0,0,2.9506054905747194,-0.021599071012098014,0.3926592425647918,0
sensor,1768475244731,1214.2179346449007,0,-0.08677275478839874,0.898976743221283,0.5061820149421692,-0.08677275478839874,0.898976743221283,0.5061820149421692,0,0,0,10.0096401,9.9985895,2.5187325095000483,314,986.3000000000001,1.600000023841858,,0,0.765,0.4009999999999999,0.6560891938250429,0,-0.0393421794148168,0.9809291408472682,0.41887633265247,classic,0,0,0,none,0,0,0,1.8572266717674695,-0.0393421794148168,0.12944215288946453,0
sensor,1768475246767,1219.6156874054018,0,-0.1669224500656128,0.9019441604614258,0.4343991279602051,-0.1669224500656128,0.9019441604614258,0.4343991279602051,0,0,0,10.0096734,9.9985536,2.5182124209528114,311,986.1,1.600000023841858,,0,0.118,1.0060000000000002,0.10498220640569393,0.057,-0.17002688773434751,0.8925349185680378,0.522239405314897,classic,0,0,0,none,0,0,0,1.0043453710674093,-0.17002688773434751,0.08884152484594504,0
sensor,1768475248750,1224.892591163736,0,-0.08668097853660583,0.860431432723999,0.6353852152824402,-0.08668097853660583,0.860431432723999,0.6353852152824402,0,0,0,10.0097084,9.9985211,2.5182400373707017,314,986.1,1.6160000562667847,,0,0.292,0.758,0.27809523809523806,0.117,-0.16832394979807658,0.8885084038100203,0.5148963064423543,classic,0,0,0,none,0,0,0,1.2010201880905633,-0.16832394979807658,0.14897262101580613,0
sensor,1768475250734,1230.0359318967405,0,-0.2777707278728485,0.8234157562255859,0.5315729975700378,-0.2777707278728485,0.8234157562255859,0.5315729975700378,0,0,0,10.0097401,9.9984869,2.5218120965073783,320,986,1.6160000562667847,,0,0.197,0.718,0.21530054644808744,0.193,-0.16861437338440718,0.887028658758642,0.5034817572084012,classic,0,0,0,none,0,0,0,0.9550246836723352,-0.16861437338440718,0.13007537010508038,0
sensor,1768475252774,1235.4806945723021,0,-0.009988120757043362,0.854619026184082,-0.05261735990643501,-0.009988120757043362,0.854619026184082,-0.05261735990643501,0,0,0,10.0097784,9.9984559,2.535153309966893,318,986,1.6330000162124634,,0,0,1.066,0,0.101,-0.026032292244341167,1.001483632071499,0.353547844652596,classic,0,0,0,none,0,0,0,2.7114968786378433,-0.026032292244341167,0.43437181429551464,0
sensor,1768475254757,1240.6240379456144,0,-0.24717921018600464,0.8725762963294983,0.47814494371414185,-0.24717921018600464,0.8725762963294983,0.47814494371414185,0,0,0,10.0098101,9.9984217,2.550351066871286,314,986,1.6160000562667847,,0,0,1.166,0,0,-0.14729485257454797,0.869456974640927,0.3951406425096021,classic,0,0,0,none,0,0,0,1.5730470215072105,-0.14729485257454797,0.13056173477870012,0
sensor,1768475256729,1245.6364448679562,0,-0.15621542930603027,0.9755625128746033,0.6394691467285156,-0.15621542930603027,0.9755625128746033,0.6394691467285156,0,0,0,10.0098418,9.9983892,2.559676338236155,316,985.7,1.6330000162124634,,0,0.175,0.97,0.15283842794759825,0,-0.14594611101110233,0.8673678863855769,0.4082942122389006,classic,0,0,0,none,0,0,0,2.1533259752395564,-0.14594611101110233,0.2567310794115116,0
sensor,1768475258741,1250.775521096602,0,-0.12236595153808594,0.8012981414794922,0.6341615319252014,-0.12236595153808594,0.8012981414794922,0.6341615319252014,0,0,0,10.0098751,9.9983566,2.5640488554610545,312,986.4,1.6330000162124634,,0,1.049,0.1160000000000001,0.9004291845493562,0,-0.032731333736351724,0.9404397036728281,0.51743319514156,classic,0,0,0,none,0,0,0,1.3503826194831083,-0.032731333736351724,0.20355231081999714,0
sensor,1768475260764,1255.795542815352,0,0.03231990709900856,0.8972483277320862,0.5112907886505127,0.03231990709900856,0.8972483277320862,0.5112907886505127,0,0,0,10.0099068,9.9983240,2.5677622513597043,312,986.6,1.649999976158142,,0,0.117,0.9709999999999999,0.10753676470588237,0.058,-0.05543475842695251,0.9265185664531512,0.5146072093725925,classic,0,0,0,none,0,0,0,1.6045699757065381,-0.05543475842695251,0.09303203786578118,0
sensor,1768475262724,1260.9312703863222,0,-0.23433078825473785,0.8301458954811096,0.5203611850738525,-0.23433078825473785,0.8301458954811096,0.5203611850738525,0,0,0,10.0099384,9.9982898,2.5648203121999726,311,986.5,1.649999976158142,,0,0.117,1.049,0.10034305317324187,0,-0.06980936958893302,0.9190805459478628,0.5102752506102634,classic,0,0,0,none,0,0,0,1.6484998849090609,-0.06980936958893302,0.18823343966962874,0
sensor,1768475264764,1266.0870623400804,0,-0.18844355642795563,0.8555368781089783,0.5149617791175842,-0.18844355642795563,0.8555368781089783,0.5149617791175842,0,0,0,10.0099734,9.9982589,2.5616559356517032,313,986.5,1.6660000085830688,,0,0.118,0.4670000000000001,0.20170940170940166,0.581,-0.1169414607099851,0.9100059631759883,0.4350661795764898,classic,0,0,0,none,0,0,0,1.8927525638852007,-0.1169414607099851,0.12086545042219414,0
sensor,1768475266747,1271.6162018798884,0,-0.22994090616703033,0.8318896293640137,0.44785937666893005,-0.22994090616703033,0.8318896293640137,0.44785937666893005,0,0,0,10.0100084,9.9982230,2.5550539345602745,308,986.9,1.6829999685287476,,0,0.045,0.99,0.043478260869565216,0.143,-0.1228059565470132,0.9047366880692393,0.4367809441176407,classic,0,0,0,none,0,0,0,1.512329945950095,-0.1228059565470132,0.13068157041650416,0
sensor,1768475268730,1277.2833871939326,0,0.013047270476818085,0.930180013179779,0.37638238072395325,0.013047270476818085,0.930180013179779,0.37638238072395325,0,0,0,10.0100418,9.9981839,2.554316116158754,312,986.8000000000001,1.6829999685287476,,0,0.233,0.932,0.2,0,-0.130846567617546,0.8960514362182498,0.44712865890215225,classic,0,0,0,none,0,0,0,0.9650104311786165,-0.130846567617546,0.16476047393222887,0
sensor,1768475270768,1282.3052542599264,0,-0.29367828369140625,0.7904840111732483,0.5063961744308472,-0.29367828369140625,0.7904840111732483,0.5063961744308472,0,0,0,10.0100751,9.9981530,2.5540160768355125,315,986.7,1.649999976158142,,0,0.138,0.951,0.12672176308539945,0.057,-0.13785465206986602,0.8918362156318073,0.4535018841692137,classic,0,0,0,none,0,0,0,1.293947831926273,-0.13785465206986602,0.19423545088672436,0
sensor,1768475272723,1287.317665105593,0,-0.1430610865354538,0.8467724323272705,0.5782861709594727,-0.1430610865354538,0.8467724323272705,0.5782861709594727,0,0,0,10.0101068,9.9981204,2.5561093471692335,315,986.7,1.6330000162124634,,0,0.576,0.44799999999999995,0.5625,0.116,-0.13927309606808422,0.8893478374987309,0.4582710167461199,classic,0,0,0,none,0,0,0,1.7508671144362302,-0.13927309606808422,0.12803977200747674,0
sensor,1768475274771,1292.7154234776451,0,-0.22137530148029327,0.8870460987091064,0.3620961308479309,-0.22137530148029327,0.8870460987091064,0.3620961308479309,0,0,0,10.0101401,9.9980846,2.5562359545373616,310,986.8000000000001,1.6330000162124634,,0,0.333,0.8880000000000001,0.2727272727272727,0,-0.10729696416691462,0.8932547407254932,0.3084018251725662,classic,0,0,0,none,0,0,0,2.2765884199559845,-0.10729696416691462,0.12687021261530004,0
sensor,1768475276753,1298.1213668984424,0,-0.015295743942260742,0.9266161918640137,0.4467427730560303,-0.015295743942260742,0.9266161918640137,0.4467427730560303,0,0,0,10.0101718,9.9980471,2.564959684978154,314,986.3000000000001,1.649999976158142,,0,0.174,0.952,0.15452930728241562,0,-0.11731724376697478,0.8855346205565141,0.34211904764017675,classic,0,0,0,none,0,0,0,1.6534582595629848,-0.11731724376697478,0.1525593906153497,0
sensor,1768475278736,1303.38823575772,0,-0.31764671206474304,0.8180163502693176,0.6891191601753235,-0.31764671206474304,0.8180163502693176,0.6891191601753235,0,0,0,10.0102051,9.9980129,2.571273547704071,316,986.6,1.649999976158142,,0,1.066,0,1,0.059,-0.05575393410939607,0.8452083257954606,0.47874229318991907,classic,0,0,0,none,0,0,0,2.132757714693769,-0.05575393410939607,0.33871830402765984,0
sensor,1768475280732,1308.3196089887522,0,-0.189055398106575,0.7670356631278992,0.5896050333976746,-0.189055398106575,0.7670356631278992,0.5896050333976746,0,0,0,10.0102401,9.9979853,2.5783439337944722,318,986.8000000000001,1.6660000085830688,,0,0.12,0.885,0.11940298507462688,0.163,-0.11853777248021617,0.801496153737878,0.3503067855007585,classic,0,0,0,none,0,0,0,2.345979157311367,-0.11853777248021617,0.2531065787612215,0
sensor,1768475282737,1313.466115845993,0,0.007953786291182041,0.918662428855896,0.6699535846710205,0.007953786291182041,0.918662428855896,0.6699535846710205,0,0,0,10.0102734,9.9979526,2.588260079518636,316,987,1.6660000085830688,,0,0.448,0.7170000000000001,0.384549356223176,0,-0.11812476474525448,0.8155615691957325,0.36664292998487064,classic,0,0,0,none,0,0,0,2.80517955292393,-0.11812476474525448,0.3460016182192812,0
sensor,1768475284757,1319.1460035267003,0,-0.032534047961235046,0.8445238471031189,0.49027445912361145,-0.032534047961235046,0.8445238471031189,0.49027445912361145,0,0,0,10.0103118,9.9979184,2.605340057780193,314,987.4,1.6660000085830688,,0,0.351,0.796,0.3060156931124673,0,-0.12523498534605998,0.8204473991677607,0.39223542498678404,classic,0,0,0,none,0,0,0,1.4845130267746922,-0.12523498534605998,0.13774635231472365,0
sensor,1768475286724,1324.1606501559434,0,-0.1597946435213089,0.8224062323570251,0.44928187131881714,-0.1597946435213089,0.8224062323570251,0.44928187131881714,0,0,0,10.0103451,9.9978876,2.61453621946504,314,987.5,1.649999976158142,,0,0.363,0.5650000000000001,0.39116379310344823,0.215,-0.14080131324040063,0.9226557601983366,0.567668695458299,classic,0,0,0,none,0,0,0,2.5428065713346344,-0.14080131324040063,0.15707406009406405,0
sensor,1768475288729,1329.847413262199,0,-0.2725701630115509,0.7964035272598267,0.5561532378196716,-0.2725701630115509,0.7964035272598267,0.5561532378196716,0,0,0,10.0103768,9.9978468,2.618385857700764,310,987,1.649999976158142,,0,0.058,0.6389999999999998,0.08321377331420375,0.451,-0.1427360144681652,0.9164626566438221,0.549996011816066,classic,0,0,0,none,0,0,0,1.4774352824933128,-0.1427360144681652,0.1778326914783067,0
sensor,1768475290742,1334.748221957909,0,0.011823609471321106,1.0201189517974854,0.04343991354107857,0.011823609471321106,1.0201189517974854,0.04343991354107857,0,0,0,10.0104101,9.9978175,2.6254150699026577,313,987.1,1.649999976158142,,0,0.897,0.25,0.7820401046207498,0,-0.09672454621176871,0.9419676121719924,0.3930048241985928,classic,0,0,0,none,0,0,0,2.3871724316927603,-0.09672454621176871,0.5346865584781946,0
sensor,1768475292765,1340.0251316633337,0,-0.21678657829761505,0.9010263085365295,0.5452473759651184,-0.21678657829761505,0.9010263085365295,0.5452473759651184,0,0,0,10.0104451,9.9977849,2.6315465260777415,311,987.4,1.649999976158142,,0,0.854,0.29100000000000004,0.7458515283842795,0,-0.11106219980391957,0.9280184176448009,0.40867831606778415,classic,0,0,0,none,0,0,0,1.8676410521216797,-0.11106219980391957,0.17568496441149237,0
sensor,1768475294747,1345.5702823873642,0,-0.21138718724250793,0.7762131094932556,0.4704970717430115,-0.21138718724250793,0.7762131094932556,0.4704970717430115,0,0,0,10.0104768,9.9977459,2.6322937554676655,312,987.8000000000001,1.649999976158142,,0,0.117,0.875,0.11794354838709678,0.174,-0.11467479246387169,0.9193095404010226,0.41995821313806403,classic,0,0,0,none,0,0,0,1.5950964781962427,-0.11467479246387169,0.1808599947194178,0
sensor,1768475296741,1350.9771175787723,0,-0.1965044140815735,0.8169915676116943,0.563801109790802,-0.1965044140815735,0.8169915676116943,0.563801109790802,0,0,0,10.0105084,9.9977083,2.633547896805209,312,988,1.6660000085830688,,0,0.117,0.992,0.1055004508566276,0.059,-0.09583881399933478,0.9363457163522048,0.27363687833643247,classic,0,0,0,none,0,0,0,2.4940328674413417,-0.09583881399933478,0.3311618899352937,0
sensor,1768475298739,1356.3830667260072,0,0.08891415596008301,1.0779368877410889,0.23881244659423828,0.08891415596008301,1.0779368877410889,0.23881244659423828,0,0,0,10.0105401,9.9976709,2.64118645756854,310,988.1,1.6829999685287476,,0,0.371,0.8160000000000001,0.3125526537489469,0,-0.10707895696772506,0.9252586283306549,0.3080436925020194,classic,0,0,0,none,0,0,0,1.6671691637585402,-0.10707895696772506,0.2592047608054635,0
sensor,1768475300734,1361.6603778938313,0,-0.2251533567905426,0.812096893787384,0.5731773972511292,-0.2251533567905426,0.812096893787384,0.5731773972511292,0,0,0,10.0105718,9.9976350,2.644409031669404,310,988.4,1.6829999685287476,,0,0.989,0.17499999999999993,0.8496563573883162,0,-0.1161992961220323,0.9140016284825635,0.3388172856474769,classic,0,0,0,none,0,0,0,2.131410212468038,-0.1161992961220323,0.27920933686376415,0
sensor,1768475302752,1366.664982888607,0,-0.14683914184570312,0.9174387454986572,0.3656753599643707,-0.14683914184570312,0.9174387454986572,0.3656753599643707,0,0,0,10.0106034,9.9976025,2.6447295045301606,309,988.6,1.6829999685287476,,0,1.089,0.05600000000000005,0.9510917030567685,0,-0.020471369146175502,0.979844373200717,0.338767972612443,classic,0,0,0,none,0,0,0,3.163098113650124,-0.020471369146175502,0.14420371383250868,0
sensor,1768475304721,1371.7046052556261,0,-0.14153151214122772,0.8195459842681885,0.5960292220115662,-0.14153151214122772,0.8195459842681885,0.5960292220115662,0,0,0,10.0106318,9.9975666,2.641841465506174,305,988.7,1.6829999685287476,,0,0.874,0.273,0.7619877942458587,0,-0.035111623992151564,0.9656218362951585,0.35470939823188014,classic,0,0,0,none,0,0,0,2.3752595989840715,-0.035111623992151564,0.30300899931094194,0
sensor,1768475306785,1377.1315585600596,0,-0.08891415596008301,0.879306435585022,0.475498765707016,-0.08891415596008301,0.879306435585022,0.475498765707016,0,0,0,10.0106618,9.9975275,2.640187534021672,306,988.9,1.7000000476837158,,0,0.192,0.9730000000000001,0.1648068669527897,0,-0.10795226064678687,0.9272658640099835,0.5302712155688991,classic,0,0,0,none,0,0,0,1.165350120022478,-0.10795226064678687,0.07562824066360703,0
sensor,1768475308745,1382.5585161804397,0,-0.1777365356683731,0.9041772484779358,0.3377300202846527,-0.1777365356683731,0.9041772484779358,0.3377300202846527,0,0,0,10.0106918,9.9974885,2.63623464889476,311,988.6,1.7000000476837158,,0,0.092,0.9939999999999999,0.0847145488029466,0.112,-0.11393118209243547,0.9159272902619939,0.5225738374292034,classic,0,0,0,none,0,0,0,1.9536634887714883,-0.11393118209243547,0.19688343032793318,0
sensor,1768475310758,1388.3490136172704,0,-0.27593520283699036,0.803531289100647,0.6104990243911743,-0.27593520283699036,0.803531289100647,0.6104990243911743,0,0,0,10.0107251,9.9974478,2.6321963825074923,309,987.7,1.7000000476837158,,0,0.117,0.788,0.1292817679558011,0.232,-0.021327718234464457,0.990624267214857,0.4185286766061312,classic,0,0,0,none,0,0,0,2.9424367405071616,-0.021327718234464457,0.3715622446616702,0
sensor,1768475312731,1393.3816839503688,0,-0.09616433829069138,0.8453498482704163,0.23850654065608978,-0.09616433829069138,0.8453498482704163,0.23850654065608978,0,0,0,10.0107534,9.9974119,2.631490689450194,310,987.1,1.7000000476837158,,0,0.856,0.24200000000000002,0.77959927140255,0.041,-0.03910681889149761,0.9718631526924694,0.42704806836295117,classic,0,0,0,none,0,0,0,1.6968993276006563,-0.03910681889149761,0.23528984994651803,0
sensor,1768475314759,1398.658995237741,0,-0.15815798938274384,0.8531966209411621,0.5438095331192017,-0.15815798938274384,0.8531966209411621,0.5438095331192017,0,0,0,10.0107851,9.9973761,2.6357518281338668,309,986.9,1.7000000476837158,,0,0.699,0.46699999999999997,0.5994854202401372,0,-0.06274637158901153,0.9534283530456695,0.44128595481696925,classic,0,0,0,none,0,0,0,1.679204181430317,-0.06274637158901153,0.17308873197647728,0
sensor,1768475316740,1403.5403353035088,0,-0.19843168556690216,0.9227463006973267,0.5674720406532288,-0.19843168556690216,0.9227463006973267,0.5674720406532288,0,0,0,10.0108151,9.9973435,2.639559571189419,305,987.3000000000001,1.7000000476837158,,0,0.116,0.8759999999999999,0.11693548387096776,0.175,-0.07722388627157481,0.9403723180279763,0.4483156527314178,classic,0,0,0,none,0,0,0,2.2263410588186985,-0.07722388627157481,0.17173950945878327,0
sensor,1768475318733,1408.601357096794,0,-0.07433731108903885,0.8473842144012451,0.5333166718482971,-0.07433731108903885,0.8473842144012451,0.5333166718482971,0,0,0,10.0108418,9.9973061,2.6408157056139485,302,986.9,1.715999960899353,,0,0.292,0.8169999999999998,0.2633002705139766,0.057,-0.10817061252511434,0.9107855068428833,0.3076806781194468,classic,0,0,0,none,0,0,0,2.2593440767674955,-0.10817061252511434,0.23799372245783154,0
sensor,1768475320769,1413.6645487432086,0,-0.08983190357685089,0.8474912643432617,0.5025110840797424,-0.08983190357685089,0.8474912643432617,0.5025110840797424,0,0,0,10.0108684,9.9972686,2.642428955800354,305,986.7,1.715999960899353,,0,1.164,0,1,0,-0.0846021742128924,0.9056054219630858,0.4849004258479776,classic,0,0,0,none,0,0,0,0.8832537485489188,-0.0846021742128924,0.06125494714487559,0
sensor,1768475322743,1418.91306619517,0,-0.1905849575996399,0.8434073328971863,0.5383030772209167,-0.1905849575996399,0.8434073328971863,0.5383030772209167,0,0,0,10.0108934,9.9972279,2.639577031513445,305,986.3000000000001,1.7330000400543213,,0,0.18,0.9440000000000002,0.16014234875444838,0,-0.09670336863882568,0.8986591734355388,0.48714715225922794,classic,0,0,0,none,0,0,0,1.6922498135264992,-0.09670336863882568,0.12095195453586748,0
sensor,1768475324763,1423.9827630028003,0,-0.29459601640701294,0.8183223009109497,0.5862399339675903,-0.29459601640701294,0.8183223009109497,0.5862399339675903,0,0,0,10.0109201,9.9971904,2.6333175849741353,305,986,1.75,,0,0.483,0.34800000000000003,0.5812274368231047,0.314,-0.003317707331249132,0.9750444860679001,0.42134787698901216,classic,0,0,0,none,0,0,0,2.8222639446228217,-0.003317707331249132,0.37144386289488346,0
sensor,1768475326745,1429.5279189479727,0,-0.11441216617822647,0.9107086062431335,0.267782598733902,-0.11441216617822647,0.9107086062431335,0.267782598733902,0,0,0,10.0109518,9.9971513,2.6261964847995922,308,986.1,1.7660000324249268,,0,0.175,0.99,0.1502145922746781,0,-0.02670732727919105,0.9556520891504837,0.4313786617820757,classic,0,0,0,none,0,0,0,1.4113841359886448,-0.02670732727919105,0.19194592616610648,0
sensor,1768475328766,1434.6953237658415,0,-0.18457373976707458,0.8406540751457214,0.5277031660079956,-0.18457373976707458,0.8406540751457214,0.5277031660079956,0,0,0,10.0109801,9.9971139,2.621631651209121,306,986.2,1.7829999923706055,,0,1.143,0,1,0,-0.050894781825765706,0.9391500009004574,0.44061167609592833,classic,0,0,0,none,0,0,0,1.707886492108172,-0.050894781825765706,0.18844271705569693,0
sensor,1768475330747,1440.1558286089723,0,-0.14969944953918457,0.8458545804023743,0.6009238958358765,-0.14969944953918457,0.8458545804023743,0.6009238958358765,0,0,0,10.0110084,9.9970731,2.614725293063246,307,986.5,1.7829999923706055,,0,0.991,0.05899999999999993,0.943809523809524,0.116,-0.07195933997707878,0.9287510673702306,0.3023932114485375,classic,0,0,0,none,0,0,0,3.247404160939523,-0.07195933997707878,0.32103580011746335,0
sensor,1768475332787,1445.561783842297,0,-0.24809695780277252,0.7814136147499084,0.6061244606971741,-0.24809695780277252,0.7814136147499084,0.6061244606971741,0,0,0,10.0110401,9.9970357,2.611792674894667,309,986.4,1.8329999446868896,,0,0.992,0.17500000000000004,0.8500428449014567,0,-0.07774731480224858,0.9216223346467706,0.3352826572135415,classic,0,0,0,none,0,0,0,2.201347957529715,-0.07774731480224858,0.3510873254087427,0
sensor,1768475334767,1451.0853913150354,0,-0.2786884307861328,0.8716585636138916,0.493945449590683,-0.2786884307861328,0.8716585636138916,0.493945449590683,0,0,0,10.0110734,9.9969983,2.612430534024266,305,986.5,1.8660000562667847,,0,0.407,0.758,0.34935622317596565,0,-0.096022187812396,0.9091391237298923,0.3655504961029558,classic,0,0,0,none,0,0,0,2.048605535177397,-0.096022187812396,0.22753780561342807,0
sensor,1768475336763,1455.9493081663445,0,-0.14520250260829926,0.8721632957458496,0.3809710741043091,-0.14520250260829926,0.8721632957458496,0.3809710741043091,0,0,0,10.0110968,9.9969608,2.610701239931176,307,987,1.9160000085830688,,0,0.264,0.938,0.21963394342762066,0,-0.10606199860225239,0.9037814297689469,0.3815118906468967,classic,0,0,0,none,0,0,0,1.414692575268836,-0.10606199860225239,0.0505716213615086,0
sensor,1768475338732,1460.9736273681133,0,-0.23575331270694733,0.8418777585029602,0.5807334780693054,-0.23575331270694733,0.8418777585029602,0.5807334780693054,0,0,0,10.0111251,9.9969250,2.606970088578019,311,987.9,1.9500000476837158,,0,0.175,0.978,0.15177797051170858,0,-0.11203586360860894,0.9006626283434521,0.3922143614367136,classic,0,0,0,none,0,0,0,1.7215272252289682,-0.11203586360860894,0.23419700388749495,0
sensor,1768475340733,1466.9415445620577,0,-0.009483360685408115,1.0604079961776733,0.1713123321533203,-0.009483360685408115,1.0604079961776733,0.1713123321533203,0,0,0,10.0111568,9.9968810,2.608244168569469,306,987.9,1.9830000400543213,,0,0.847,0.31200000000000006,0.7308024158757549,0,-0.12095693250831795,0.8960371899076612,0.4082372532460917,classic,0,0,0,none,0,0,0,0.9860668744650221,-0.12095693250831795,0.3107097185191025,0
sensor,1768475342753,1472.9502557517537,0,-0.10625952482223511,0.8511622548103333,0.5008897185325623,-0.10625952482223511,0.8511622548103333,0.5008897185325623,0,0,0,10.0111868,9.9968354,2.6135802543378825,301,987.6,2,,0,0.176,0.751,0.18985976267529664,0.233,-0.11134207582682087,0.9518553442378735,0.27753228401169705,classic,0,0,0,none,0,0,0,2.846733038288321,-0.11134207582682087,0.24628955135450994,0
sensor,1768475344736,1478.5107530872815,0,-0.22373083233833313,0.8354535698890686,0.4993601441383362,-0.22373083233833313,0.8354535698890686,0.4993601441383362,0,0,0,10.0112118,9.9967914,2.6277608749129273,302,987.9,2.049999952316284,,0,0.409,0.7569999999999999,0.3507718696397942,0,-0.11437597427816237,0.9367894432013292,0.3137256748118187,classic,0,0,0,none,0,0,0,3.035176519301582,-0.11437597427816237,0.23928801996660695,0
sensor,1768475346733,1484.0080898153067,0,-0.19772808253765106,0.8885756134986877,0.5077115893363953,-0.19772808253765106,0.8885756134986877,0.5077115893363953,0,0,0,10.0112384,9.9967491,2.6477999851035956,306,987.7,2.1500000953674316,,0,0.131,1.037,0.11215753424657536,0,-0.07571780160091009,0.9063214625088492,0.38108056450698935,classic,0,0,0,none,0,0,0,2.340457601226483,-0.07571780160091009,0.17762760805390146,0
sensor,1768475348757,1489.5532525637652,0,-0.14102675020694733,0.8265819549560547,0.455614298582077,-0.14102675020694733,0.8265819549560547,0.455614298582077,0,0,0,10.0112701,9.9967100,2.679117016897167,306,988,2.183000087738037,,0,0.173,0.994,0.1482433590402742,0,-0.08330173714222056,0.9271066222648008,0.5372795813748006,classic,0,0,0,none,0,0,0,1.4746360256801017,-0.08330173714222056,0.14251030993985314,0
sensor,1768475350722,1494.8462105173815,0,-0.11054234206676483,1.0686676502227783,0.32865965366363525,-0.11054234206676483,1.0686676502227783,0.32865965366363525,0,0,0,10.0113001,9.9966725,2.7063495066200542,304,988,2.183000087738037,,0,0.234,0.856,0.2146788990825688,0.057,-0.015129898922432923,0.9647364157387249,0.42475924664269454,classic,0,0,0,none,0,0,0,1.8448748725783877,-0.015129898922432923,0.17156331613735165,0
sensor,1768475352761,1500.197266419161,0,-0.30683261156082153,0.6899451017379761,0.5639999508857727,-0.30683261156082153,0.6899451017379761,0.5639999508857727,0,0,0,10.0113268,9.9966318,2.725027138029109,301,988.4,2.0829999446868896,,0,0.713,0.07600000000000012,0.903675538656527,0.289,-0.035017081629700894,0.9504377261072514,0.4334993976878525,classic,0,0,0,none,0,0,0,2.708572047370376,-0.035017081629700894,0.4004624533694316,0
sensor,1768475354754,1505.9499949710184,0,0.04669790714979172,0.9314036965370178,0.4275619387626648,0.04669790714979172,0.9314036965370178,0.4275619387626648,0,0,0,10.0113551,9.9965879,2.739316082864143,303,988.4,2.0329999923706055,,0,0.328,0.837,0.2815450643776824,0,-0.05285481481525441,0.9373713594254501,0.43957458133138694,classic,0,0,0,none,0,0,0,1.3875317076952687,-0.05285481481525441,0.10095706770424762,0
sensor,1768475356730,1512.009524092849,0,-0.1299067586660385,0.8333120942115784,0.5181127190589905,-0.1299067586660385,0.8333120942115784,0.5181127190589905,0,0,0,10.0113901,9.9965454,2.7500437128183464,303,988.3000000000001,1.965999960899353,,0,0.563,0.6420000000000001,0.4672199170124481,0,-0.07482747973043431,0.9242024771239035,0.4551528496744296,classic,0,0,0,none,0,0,0,1.5497944511797317,-0.07482747973043431,0.12414698243445452,0
sensor,1768475358744,1517.5725543249814,0,-0.2510490417480469,0.8616551160812378,0.6523175835609436,-0.2510490417480469,0.8616551160812378,0.6523175835609436,0,0,0,10.0114201,9.9965048,2.7519828412857996,302,988.5,1.965999960899353,,0,1.047,0.13800000000000012,0.8835443037974683,0,-0.08707521807550396,0.9148693974637834,0.45643389903168907,classic,0,0,0,none,0,0,0,1.7945313757382826,-0.08707521807550396,0.2622510807613236,0
sensor,1768475360729,1522.8301668577315,0,-0.2500395178794861,0.797214150428772,0.47753310203552246,-0.2500395178794861,0.797214150428772,0.47753310203552246,0,0,0,10.0114451,9.9964640,2.7510554549399546,302,987.9,1.9830000400543213,,0,0.233,0.934,0.19965724078834618,0,-0.09242492543375742,0.9080271860613753,0.4594545706096245,classic,0,0,0,none,0,0,0,1.7769802362336349,-0.09242492543375742,0.19448916841784739,0
sensor,1768475362731,1527.384498048902,0,0.12868309020996094,1.0483702421188354,1.0678417682647705,0.12868309020996094,1.0483702421188354,1.0678417682647705,0,0,0,10.0114684,9.9964298,2.752556157385538,305,988.1,2,,0,0.526,0.579,0.47601809954751134,0.042,-0.08532373740121343,0.8541535461092487,0.6095862639381013,classic,0,0,0,none,0,0,0,2.0887889817304037,-0.08532373740121343,0.7739603355849138,0
sensor,1768475364760,1532.8514198967946,0,-0.23504969477653503,0.7524434924125671,0.4918040633201599,-0.23504969477653503,0.7524434924125671,0.4918040633201599,0,0,0,10.0114968,9.9963891,2.7561056773801487,304,987.7,2,,0,0.827,0,1,0.313,-0.09984830636880411,0.8546240890041623,0.5900205121661024,classic,0,0,0,none,0,0,0,1.643617438879785,-0.09984830636880411,0.196858642146729,0
sensor,1768475366741,1538.60414813401,0,-0.17712470889091492,0.8536096215248108,0.5435036420822144,-0.17712470889091492,0.8536096215248108,0.5435036420822144,0,0,0,10.0115251,9.9963451,2.7651330013124937,311,987.7,2.0329999923706055,,0,0.115,0.8760000000000001,0.1160443995963673,0.174,-0.055559835037407836,0.9188057081082971,0.4439467326089241,classic,0,0,0,none,0,0,0,1.8533865757218637,-0.055559835037407836,0.17097284234659516,0
sensor,1768475368770,1543.88880330858,0,-0.24095384776592255,0.8341228365898132,0.5506467819213867,-0.24095384776592255,0.8341228365898132,0.5506467819213867,0,0,0,10.0115551,9.9963077,2.7690910478120783,307,988.2,2.0999999046325684,,0,0.278,0.8140000000000001,0.25457875457875456,0.073,-0.025529915059584688,0.9732399519422706,0.30696093998198304,classic,0,0,0,none,0,0,0,3.2414144178586906,-0.025529915059584688,0.35553441352759907,0
sensor,1768475370752,1549.0982707464796,0,-0.006531282793730497,1.1297435760498047,0.6203953623771667,-0.006531282793730497,1.1297435760498047,0.6203953623771667,0,0,0,10.0115818,9.9962686,2.7721489341791297,301,988.3000000000001,2.0999999046325684,,0,0.409,0.7589999999999999,0.3501712328767123,0,-0.04613849956164702,0.9582511576718317,0.3359077954146023,classic,0,0,0,none,0,0,0,2.1934533332519175,-0.04613849956164702,0.33621291197879977,0
sensor,1768475372751,1554.0149718794953,0,-0.1594887226819992,0.8102614283561707,0.535855770111084,-0.1594887226819992,0.8102614283561707,0.535855770111084,0,0,0,10.0116084,9.9962327,2.7693271407649904,304,987.7,2.0329999923706055,,0,0,1.145,0,0,-0.06499883614885239,0.938619292530691,0.3671739273788692,classic,0,0,0,none,0,0,0,2.3033946194476407,-0.06499883614885239,0.23323869079051163,0
sensor,1768475374735,1558.679432637489,0,-0.13766169548034668,0.8088389039039612,0.5972529053688049,-0.13766169548034668,0.8088389039039612,0.5972529053688049,0,0,0,10.0116334,9.9961985,2.7587727011024405,316,986.9,1.9500000476837158,,0,1.167,0,1,0,-0.08044890032260416,0.9288809951063631,0.3821395834787511,classic,0,0,0,none,0,0,0,2.188607025357194,-0.08044890032260416,0.2541683483418764,0
sensor,1768475376780,1563.88889694167,0,-0.24840287864208221,0.7865071296691895,0.5857199430465698,-0.24840287864208221,0.7865071296691895,0.5857199430465698,0,0,0,10.0116601,9.9961594,2.7344088627981074,305,985.8000000000001,1.9160000085830688,,0,0,1.168,0,0,-0.09143432278758797,0.9217628053656921,0.39597868984896906,classic,0,0,0,none,0,0,0,2.072162066029644,-0.09143432278758797,0.28236550430858737,0
sensor,1768475378755,1569.0983654866086,0,0.05679309740662575,1.0471465587615967,0.13541322946548462,0.05679309740662575,1.0471465587615967,0.13541322946548462,0,0,0,10.0116868,9.9961204,2.711694396902389,308,984.7,1.9160000085830688,,0,0.755,0.3849999999999999,0.662280701754386,0,-0.09794943896071132,0.9149031845063009,0.4092567165758321,classic,0,0,0,none,0,0,0,1.9017769581386363,-0.09794943896071132,0.34292396616909854,0
sensor,1768475380735,1574.152891456208,0,-0.22311900556087494,0.8694100379943848,0.5371865034103394,-0.22311900556087494,0.8694100379943848,0.5371865034103394,0,0,0,10.0117134,9.9960829,2.688875114251976,305,984.2,1.899999976158142,,0,0.465,0.6989999999999998,0.39948453608247425,0,-0.11290346720332435,0.9034014223675545,0.42484519716284647,classic,0,0,0,none,0,0,0,1.6249210993984438,-0.11290346720332435,0.16181668634675844,0
sensor,1768475382755,1579.4723557583436,0,-0.0659705400466919,0.9161080121994019,0.28694814443588257,-0.0659705400466919,0.9161080121994019,0.28694814443588257,0,0,0,10.0117418,9.9960438,2.6723905772993626,307,984.3000000000001,1.9160000085830688,,0,0.527,0.445,0.5421810699588477,0.175,-0.06775223106899236,0.8779671359169252,0.3812994245449271,classic,0,0,0,none,0,0,0,3.3659533683655654,-0.06775223106899236,0.1022958835507521,0
sensor,1768475384738,1584.8261669826425,0,-0.23605921864509583,0.8086400628089905,0.6162196397781372,-0.23605921864509583,0.8086400628089905,0.6162196397781372,0,0,0,10.0117684,9.9960031,2.6650158389568857,309,984.4,1.965999960899353,,0,0.163,0.804,0.16856256463288521,0.176,-0.08145818449927729,0.8794569621782395,0.3918083125567604,classic,0,0,0,none,0,0,0,1.9270922948860112,-0.08145818449927729,0.2829765220080427,0
sensor,1768475386756,1590.433739551838,0,-0.1188938170671463,0.7329720258712769,0.762752890586853,-0.1188938170671463,0.7329720258712769,0.762752890586853,0,0,0,10.0117968,9.9959608,2.669675201281735,305,985,2.049999952316284,,0,0.076,1.0519999999999998,0.0673758865248227,0.054,-0.09283728953914477,0.876063476498302,0.4070249253009535,classic,0,0,0,none,0,0,0,1.6787223563270575,-0.09283728953914477,0.3862442331178388,0
sensor,1768475388744,1595.6913590727956,0,-0.17111347615718842,0.8705266118049622,0.5310682058334351,-0.17111347615718842,0.8705266118049622,0.5310682058334351,0,0,0,10.0118218,9.9959200,2.6755149112093717,300,984.9,2.0829999446868896,,0,1.049,0.11699999999999999,0.8996569468267581,0,-0.10276027703314934,0.8723361983377668,0.42210982596125773,classic,0,0,0,none,0,0,0,1.235905975257734,-0.10276027703314934,0.1292829686617313,0
sensor,1768475390756,1600.5995162112124,0,-0.13440369069576263,0.7968012094497681,0.6084647178649902,-0.13440369069576263,0.7968012094497681,0.6084647178649902,0,0,0,10.0118484,9.9958843,2.6844826224576135,308,984.1,2.0829999446868896,,0,0.284,0.873,0.24546240276577352,0,-0.10579578198382719,0.869493020541574,0.4346403939637808,classic,0,0,0,none,0,0,0,1.8546267640668277,-0.10579578198382719,0.19152891054102192,0
sensor,1768475392741,1605.918986317523,0,-0.1428622454404831,0.8468794822692871,0.5964269638061523,-0.1428622454404831,0.8468794822692871,0.5964269638061523,0,0,0,10.0118768,9.9958452,2.683613726357594,304,984,2,,0,0.972,0.2330000000000001,0.8066390041493775,0,0.007609409067167183,0.9686511364963053,0.37360703776669346,classic,0,0,0,none,0,0,0,2.5912593359008325,0.007609409067167183,0.2966421067637717,0
sensor,1768475394736,1611.5789209665227,0,0.01713123358786106,0.9126511216163635,0.6348804235458374,0.01713123358786106,0.9126511216163635,0.6348804235458374,0,0,0,10.0119101,9.9958061,2.678009146276469,307,983.9,1.9500000476837158,,0,0.291,0.875,0.24957118353344768,0,-0.017199224653224435,0.9491906457366666,0.3945086806111594,classic,0,0,0,none,0,0,0,2.0384247950779986,-0.017199224653224435,0.24677878183690344,0
sensor,1768475396770,1617.7706765523826,0,-0.21180017292499542,0.8227121829986572,0.5383030772209167,-0.21180017292499542,0.8227121829986572,0.5383030772209167,0,0,0,10.0119451,9.9957621,2.6603108185665922,306,983.9,1.899999976158142,,0,0.118,0.9589999999999999,0.10956360259981429,0.059,0.016044578134582096,0.923647823037454,0.5293846393965288,classic,0,0,0,none,0,0,0,2.3293301464509777,0.016044578134582096,0.2506137967430597,0
sensor,1768475398728,1622.7907352750349,0,-0.1599934846162796,0.8574793934822083,0.5073139667510986,-0.1599934846162796,0.8574793934822083,0.5073139667510986,0,0,0,10.0119768,9.9957295,2.6414409329893265,303,984.3000000000001,1.899999976158142,,0,0.233,0.39399999999999996,0.37161084529505584,0.408,0.031737004851035824,0.9681640283390733,0.3950438916564398,classic,0,0,0,none,0,0,0,3.168238030472385,0.031737004851035824,0.24947355241335253,0
sensor,1768475400747,1627.8452627147485,0,-0.2195398062467575,0.8301458954811096,0.5385172367095947,-0.2195398062467575,0.8301458954811096,0.5385172367095947,0,0,0,10.0120034,9.9956920,2.622558376888697,301,984.3000000000001,1.899999976158142,,0,0,1.088,0,0.059,0.003699652493169202,0.9561545603879849,0.401816009216184,classic,0,0,0,none,0,0,0,2.179719145533762,0.003699652493169202,0.2919788526261156,0
sensor,1768475402726,1633.0194598422954,0,0.21291674673557281,1.1471807956695557,0.11246960610151291,0.21291674673557281,1.1471807956695557,0.11246960610151291,0,0,0,10.0120318,9.9956546,2.6128282227965505,308,984.3000000000001,1.899999976158142,,0,0,1.165,0,0,-0.018025331210848233,0.9425531144884447,0.4201182926168024,classic,0,0,0,none,0,0,0,2.3070503416290253,-0.018025331210848233,0.43791246231379755,0
sensor,1768475404767,1638.3732758828191,0,-0.2888907194137573,0.8639035820960999,0.4501078426837921,-0.2888907194137573,0.8639035820960999,0.4501078426837921,0,0,0,10.0120584,9.9956139,2.608925788557221,307,984.8000000000001,1.9329999685287476,,0,1.05,0,1,0.116,-0.0455658584246293,0.9280329881662907,0.4317869809173938,classic,0,0,0,none,0,0,0,1.957952158555893,-0.0455658584246293,0.2535677051012884,0
sensor,1768475406785,1644.1791317392237,0,-0.2565555274486542,0.7899792790412903,0.5376912951469421,-0.2565555274486542,0.7899792790412903,0.5376912951469421,0,0,0,10.0120918,9.9955731,2.6107906908881415,308,985.1,1.9500000476837158,,0,0.727,0.408,0.6405286343612334,0.059,-0.06571135141182984,0.9190900437702023,0.4383870449663928,classic,0,0,0,none,0,0,0,2.0475627749787515,-0.06571135141182984,0.252164034980893,0
sensor,1768475408731,1649.346559012679,0,-0.2679814100265503,0.8463594317436218,0.5196422934532166,-0.2679814100265503,0.8463594317436218,0.5196422934532166,0,0,0,10.0121201,9.9955357,2.617958418723481,302,985.7,1.9500000476837158,,0,0.547,0.64,0.46082561078348777,0,-0.07890972583387564,0.912524439396239,0.4421542170794829,classic,0,0,0,none,0,0,0,1.532211430868556,-0.07890972583387564,0.2158589773083831,0
sensor,1768475410752,1655.0562273364276,0,0.09647025913000107,1.0579607486724854,0.44847121834754944,0.09647025913000107,1.0579607486724854,0.44847121834754944,0,0,0,10.0121501,9.9954934,2.6382400037319647,301,985.9,1.9160000085830688,,0,0.35,0.797,0.3051438535309503,0,-0.07961305694618685,0.9314741191706821,0.22880911732265194,classic,0,0,0,none,0,0,0,2.0150503431458056,-0.07961305694618685,0.310186055090802,0
sensor,1768475412734,1660.4832133662208,0,-0.15376810729503632,0.8202648162841797,0.5304563641548157,-0.15376810729503632,0.8202648162841797,0.5304563641548157,0,0,0,10.0121801,9.9954543,2.6540723069112486,306,986.8000000000001,1.899999976158142,,0,0.374,0.8150000000000001,0.31455004205214465,0,-0.09579336303795792,0.9184432529963014,0.2722322878366424,classic,0,0,0,none,0,0,0,2.4876518000485697,-0.09579336303795792,0.28369448984582535,0
sensor,1768475414724,1665.7605484979172,0,-0.23361188173294067,0.8481030464172363,0.5533999800682068,-0.23361188173294067,0.8481030464172363,0.5533999800682068,0,0,0,10.0122118,9.9954184,2.6678825871074774,306,987.5,1.899999976158142,,0,0.159,0.976,0.14008810572687225,0,-0.10485230154257241,0.9084299645508127,0.3062090532782613,classic,0,0,0,none,0,0,0,2.7347380731511244,-0.10485230154257241,0.28660264842364885,0
sensor,1768475416787,1670.9636978833782,0,-0.21027058362960815,0.7653990387916565,0.5661413669586182,-0.21027058362960815,0.7653990387916565,0.5661413669586182,0,0,0,10.0122384,9.9953793,2.6760294190670564,306,987.7,1.899999976158142,,0,0.115,1.051,0.0986277873070326,0,-0.020823165686192087,0.9359662331353099,0.48715527419884846,classic,0,0,0,none,0,0,0,2.2450594142760454,-0.020823165686192087,0.268216135339263,0
sensor,1768475418749,1676.2483623471485,0,0.17100641131401062,1.2189637422561646,0.9428296089172363,0.17100641131401062,1.2189637422561646,0.9428296089172363,0,0,0,10.0122684,9.9953419,2.681664197827476,306,988.1,1.899999976158142,,0,0.234,0.95,0.19763513513513514,0,0.022820329374407512,1.0137514947652686,0.6238707139761596,classic,0,0,0,none,0,0,0,1.5383760013572387,0.022820329374407512,0.5817039678830062,0
sensor,1768475420739,1680.8831548991677,0,-0.2317764163017273,0.8520799875259399,0.4572356641292572,-0.2317764163017273,0.8520799875259399,0.4572356641292572,0,0,0,10.0122968,9.9953109,2.6844480448757397,312,988.2,1.8830000162124634,,0,0.901,0.2909999999999999,0.7558724832214766,0,-0.006565509258067026,0.990671409819086,0.607843393805706,classic,0,0,0,none,0,0,0,2.1931887163321764,-0.006565509258067026,0.30584852103320054,0
sensor,1768475422757,1686.4123224741186,0,-0.15590952336788177,0.8170986175537109,0.33355429768562317,-0.15590952336788177,0.8170986175537109,0.33355429768562317,0,0,0,10.0123318,9.9952751,2.687784366010892,314,988.5,1.8660000562667847,,0,0.576,1.1102230246251565e-16,0.9999999999999998,0.589,-0.029937161503857397,0.9719181600899974,0.5879251355288773,classic,0,0,0,none,0,0,0,2.4954460152984708,-0.029937161503857397,0.3249553348493515,0
sensor,1768475424757,1692.0644099213498,0,-0.26951101422309875,0.8092519044876099,0.5445284843444824,-0.26951101422309875,0.8092519044876099,0.5445284843444824,0,0,0,10.0123668,9.9952376,2.6907982212511397,312,988.5,1.8660000562667847,,0,0.605,0,1,0.562,-0.10534505490894744,0.836461520401445,0.478675000943148,classic,0,0,0,none,0,0,0,1.3758539733567083,-0.10534505490894744,0.1798616132363034,0
sensor,1768475426803,1697.7202249800964,0,0.07331249862909317,0.9084601402282715,-0.254720002412796,0.07331249862909317,0.9084601402282715,-0.254720002412796,0,0,0,10.0124034,9.9952018,2.6973640924240607,315,988.8000000000001,1.8660000562667847,,0,0.168,0.9979999999999999,0.14408233276157806,0,-0.059696256982852657,0.8613231150273752,0.2611844829561076,classic,0,0,0,none,0,0,0,2.36642338211112,-0.059696256982852657,0.7640796334152365,0
sensor,1768475428742,1703.5144876596676,0,-0.24779103696346283,0.8928583860397339,0.46060073375701904,-0.24779103696346283,0.8928583860397339,0.46060073375701904,0,0,0,10.0124418,9.9951660,2.70617535293542,306,988.6,1.850000023841858,,0,0.057,1.088,0.04978165938864629,0,-0.08091455551867495,0.8581929443347006,0.2997844025316911,classic,0,0,0,none,0,0,0,2.5946177990738883,-0.08091455551867495,0.2355092455275234,0
sensor,1768475430737,1709.174432125895,0,-0.11277551203966141,0.935487687587738,0.4761106073856354,-0.11277551203966141,0.935487687587738,0.4761106073856354,0,0,0,10.0124751,9.9951269,2.7170644691964876,313,988.5,1.8660000562667847,,0,0,1.18,0,0,-0.09927379402255601,0.8917698103537566,0.5019956262785521,classic,0,0,0,none,0,0,0,1.8335906053147073,-0.09927379402255601,0.05283396516827694,0
sensor,1768475432764,1714.3178122188003,0,-0.2553318440914154,0.7811077237129211,0.5644129514694214,-0.2553318440914154,0.7811077237129211,0.5644129514694214,0,0,0,10.0125068,9.9950927,2.722958995678081,307,987.5,1.899999976158142,,0,0.121,0.8160000000000001,0.12913553895410884,0.242,-0.10713271350041056,0.8890060854724128,0.4998598657193437,classic,0,0,0,none,0,0,0,1.3377503800728305,-0.10713271350041056,0.19532719465052717,0
sensor,1768475434724,1720.2390593374112,0,-0.06159596145153046,1.0506186485290527,0.39290177822113037,-0.06159596145153046,1.0506186485290527,0.39290177822113037,0,0,0,10.0125418,9.9950520,2.7311608664413036,312,986.6,1.9160000085830688,,0,0.174,0.9730000000000001,0.15170008718395814,0,-0.06967419389286826,0.8852951299563933,0.31041074108545724,classic,0,0,0,none,0,0,0,2.1301824970838643,-0.06967419389286826,0.1858668774669913,0
sensor,1768475436824,1725.7771924258263,0,-0.14969944953918457,0.8438202738761902,0.4862057864665985,-0.14969944953918457,0.8438202738761902,0.4862057864665985,0,0,0,10.0125734,9.9950129,2.7393631187756906,314,985.5,1.850000023841858,,0,0.697,0.5260000000000001,0.5699100572363041,0,-0.08602442336991001,0.8822850062760409,0.34311503870965626,classic,0,0,0,none,0,0,0,1.8765201406617527,-0.08602442336991001,0.1620834986004543,0
sensor,1768475438731,1730.9205760740167,0,-0.16967567801475525,0.833725094795227,0.41318389773368835,-0.16967567801475525,0.833725094795227,0.41318389773368835,0,0,0,10.0126051,9.9949787,2.7405189349028407,318,984.7,1.815999984741211,,0,0.418,0.7,0.3738819320214669,0.058,-0.09812608372256759,0.8800525787683976,0.3643514337769405,classic,0,0,0,none,0,0,0,2.08660980340737,-0.09812608372256759,0.09872902444529986,0
sensor,1768475440723,1736.7044495361522,0,-0.2601347267627716,0.8034394979476929,0.5076198577880859,-0.2601347267627716,0.8034394979476929,0.5076198577880859,0,0,0,10.0126418,9.9949412,2.7376228249293284,313,984.4,1.7829999923706055,,0,0.291,0.873,0.25,0,-0.10168195273301985,0.8796765203282922,0.38235237274355605,classic,0,0,0,none,0,0,0,2.0041101172462072,-0.10168195273301985,0.21698142862637645,0
sensor,1768475442747,1742.3643073677822,0,-0.07995085418224335,1.0363324880599976,0.38381609320640564,-0.07995085418224335,1.0363324880599976,0.38381609320640564,0,0,0,10.0126768,9.9949037,2.7384646352948376,314,984.6,1.815999984741211,,0,0.408,0.758,0.34991423670668953,0,-0.10677982853644512,0.8789422474371874,0.3977399691589606,classic,0,0,0,none,0,0,0,1.8226186402084097,-0.10677982853644512,0.16107187499739206,0
sensor,1768475444731,1747.8858932755134,0,-0.1658058613538742,0.7960975766181946,0.4280819594860077,-0.1658058613538742,0.7960975766181946,0.4280819594860077,0,0,0,10.0127118,9.9948680,2.738321624507149,312,984.4,1.7999999523162842,,0,0.047,1.12,0.04027420736932305,0,-0.12121361624351848,0.8736622349635244,0.41425196950589593,classic,0,0,0,none,0,0,0,1.281530149375031,-0.12121361624351848,0.09098676896962486,0
sensor,1768475446845,1753.2873634798357,0,-0.16325147449970245,0.7634564638137817,0.5867447257041931,-0.16325147449970245,0.7634564638137817,0.5867447257041931,0,0,0,10.0127468,9.9948338,2.735372229285638,317,985.3000000000001,1.7999999523162842,,0,1.105,0,1,0.045,-0.12308962846513184,0.873697734910179,0.4249804173646337,classic,0,0,0,none,0,0,0,1.2859159630958825,-0.12308962846513184,0.20083863259328572,0
sensor,1768475448751,1758.943184213756,0,-0.27604228258132935,0.7689629197120667,0.5716478228569031,-0.27604228258132935,0.7689629197120667,0.5716478228569031,0,0,0,10.0127834,9.9947979,2.7310875758939033,315,985.4,1.75,,0,0,1.107,0,0.059,-0.12598587403953404,0.871691531818383,0.43360171238507744,classic,0,0,0,none,0,0,0,1.475232824422638,-0.12598587403953404,0.22946029300548196,0
sensor,1768475450752,1764.3610452726011,0,-0.12920314073562622,0.9263102412223816,0.27134647965431213,-0.12920314073562622,0.9263102412223816,0.27134647965431213,0,0,0,10.0128201,9.9947653,2.7312633755831266,316,985.3000000000001,1.7330000400543213,,0,0.705,0.46499999999999997,0.6025641025641025,0,-0.12966127455478368,0.8726321667595833,0.4410022348810378,classic,0,0,0,none,0,0,0,2.175442098059569,-0.12966127455478368,0.178839754621464,0
sensor,1768475452733,1770.0248718221474,0,-0.14367292821407318,0.8810348510742188,0.5392208099365234,-0.14367292821407318,0.8810348510742188,0.5392208099365234,0,0,0,10.0128568,9.9947295,2.7315182106781966,314,985.5,1.715999960899353,,0,0.74,0.42500000000000004,0.6351931330472103,0,-0.13717688433074754,0.867420552999814,0.45209501516381256,classic,0,0,0,none,0,0,0,0.9102567678011935,-0.13717688433074754,0.08886634148422595,0
sensor,1768475454725,1775.0467703438387,0,-0.20292863249778748,0.7406198978424072,0.5527881979942322,-0.20292863249778748,0.7406198978424072,0.5527881979942322,0,0,0,10.0128901,9.9946985,2.7278623035997374,313,985.3000000000001,1.7000000476837158,,0,0.221,0.945,0.1895368782161235,0,-0.16084989193665883,0.8052177693312296,0.4109754489264544,classic,0,0,0,none,0,0,0,2.30983167983052,-0.16084989193665883,0.1622247576805175,0
sensor,1768475456936,1780.1858844640856,0,-0.20618662238121033,0.8139324188232422,0.5926641821861267,-0.20618662238121033,0.8139324188232422,0.5926641821861267,0,0,0,10.0129234,9.9946660,2.7242098831840167,310,985.5,1.6829999685287476,,0,0.175,0.9909999999999999,0.15008576329331047,0,-0.09381781903965924,0.9210918420302889,0.35800700060770146,classic,0,0,0,none,0,0,0,2.8361650090056725,-0.09381781903965924,0.28279250258449434,0
sensor,1768475458755,1785.591314502746,0,0.06710243225097656,0.9671040177345276,0.3667919337749481,0.06710243225097656,0.9671040177345276,0.3667919337749481,0,0,0,10.0129568,9.9946301,2.7230846363173282,311,986.4,1.7330000400543213,,0,0.057,1.107,0.04896907216494846,0,0.01779287635094075,0.9722579336575842,0.2290232336387485,classic,0,0,0,none,0,0,0,1.7139607587288428,0.01779287635094075,0.1471536973397555,0
sensor,1768475460734,1791.1294447764485,0,-0.1841607540845871,0.873998761177063,0.47130775451660156,-0.1841607540845871,0.873998761177063,0.47130775451660156,0,0,0,10.0129884,9.9945910,2.721396091735553,306,987.5,1.75,,0,0.058,1.093,0.05039096437880104,0,-0.10578595267769181,0.8979399787393035,0.35550806009865576,classic,0,0,0,none,0,0,0,1.9537981672447071,-0.10578595267769181,0.1425767644303688,0
sensor,1768475462737,1796.2335741366956,0,0.02702758088707924,0.8424895405769348,0.4635680913925171,0.02702758088707924,0.8424895405769348,0.4635680913925171,0,0,0,10.0130134,9.9945519,2.713388782504311,306,988,1.75,,0,0.12,1.0470000000000002,0.10282776349614393,0,-0.11521513901732873,0.8924060892664857,0.3747578011074595,classic,0,0,0,none,0,0,0,2.1179271046597052,-0.11521513901732873,0.1758418362172518,0
sensor,1768475464755,1801.6395620851497,0,-0.3011273145675659,0.748879611492157,0.5181127190589905,-0.3011273145675659,0.748879611492157,0.5181127190589905,0,0,0,10.0130451,9.9945145,2.70547410417478,305,988.6,1.7000000476837158,,0,0.233,0.816,0.22211630123927553,0.117,-0.12255103109801374,0.8893529468231719,0.3912523233381738,classic,0,0,0,none,0,0,0,1.951638940257066,-0.12255103109801374,0.26153026170056665,0
sensor,1768475466907,1806.4191094930782,0,-0.28144168853759766,0.8248535394668579,0.43144702911376953,-0.28144168853759766,0.8248535394668579,0.43144702911376953,0,0,0,10.0130718,9.9944803,2.6961537363804475,305,988.9,1.7000000476837158,,0,0.7,0.44599999999999995,0.6108202443280978,0,-0.12597770328029598,0.8875649236636776,0.402412879864967,classic,0,0,0,none,0,0,0,1.8093102690287612,-0.12597770328029598,0.17098649994848303,0
sensor,1768475468755,1811.9427444072687,0,-0.16488811373710632,0.9295682311058044,0.4214436411857605,-0.16488811373710632,0.9295682311058044,0.4214436411857605,0,0,0,10.0131051,9.9944429,2.687341956569583,304,988.7,1.7000000476837158,,0,0.699,0.46699999999999997,0.5994854202401372,0,-0.13680985636905715,0.8800190656134739,0.4173829228109877,classic,0,0,0,none,0,0,0,0.9660685427935224,-0.13680985636905715,0.057383306713085454,0
sensor,1768475470747,1817.2003861335945,0,-0.2436152994632721,0.7485737204551697,0.708299994468689,-0.2436152994632721,0.7485737204551697,0.708299994468689,0,0,0,10.0131301,9.9944021,2.676340525586219,301,988.7,1.7330000400543213,,0,0.466,0.698,0.40034364261168387,0,-0.1778063791931136,0.8455385603043328,0.5722921588341138,classic,0,0,0,none,0,0,0,2.1647013252667997,-0.1778063791931136,0.1804324536065686,0
sensor,1768475472727,1822.7609183375498,0,-0.24606263637542725,0.7318554520606995,0.4380700886249542,-0.24606263637542725,0.7318554520606995,0.4380700886249542,0,0,0,10.0131551,9.9943581,2.670142704625286,297,988.5,1.75,,0,0.409,0.3119999999999999,0.5672676837725382,0.445,-0.09980200329251371,0.8749325418183483,0.34506273254777564,classic,0,0,0,none,0,0,0,2.700768151252638,-0.09980200329251371,0.2258817048144552,0
sensor,1768475474780,1828.2294040448126,0,-0.2970433533191681,0.7737658023834229,0.5817430019378662,-0.2970433533191681,0.7737658023834229,0.5817430019378662,0,0,0,10.0131784,9.9943142,2.6684221167521858,304,988.2,1.75,,0,0.097,0.9380000000000001,0.09371980676328501,0.13,-0.10612895053347576,0.8767824684739367,0.36338861647109344,classic,0,0,0,none,0,0,0,2.243946673844206,-0.10612895053347576,0.30934435061984994,0
sensor,1768475476912,1833.6158804554987,0,0.005200552754104137,0.9619951844215393,0.4225755035877228,0.005200552754104137,0.9619951844215393,0.4225755035877228,0,0,0,10.0132001,9.9942702,2.6704449160805197,298,988,1.715999960899353,,0,0.276,0.891,0.2365038560411311,0,-0.11936136029661472,0.8719259156394636,0.38704130924668817,classic,0,0,0,none,0,0,0,1.0554023547077143,-0.11936136029661472,0.15856106044010543,0
sensor,1768475478784,1839.3977934605134,0,-0.20996467769145966,0.838512659072876,0.515971302986145,-0.20996467769145966,0.838512659072876,0.515971302986145,0,0,0,10.0132234,9.9942230,2.6701275907565374,297,988.3000000000001,1.6829999685287476,,0,0.117,1.03,0.10200523103748911,0,-0.04844365886043406,0.9966297252850375,0.4255753540785324,classic,0,0,0,none,0,0,0,2.351021016857873,-0.04844365886043406,0.2446600966556343,0
sensor,1768475480738,1844.2617523574452,0,-0.20598778128623962,0.8114851117134094,0.49997198581695557,-0.20598778128623962,0.8114851117134094,0.49997198581695557,0,0,0,10.0132468,9.9941855,2.6691669073460895,298,988.4,1.649999976158142,,0,0.933,0.23099999999999987,0.8015463917525775,0,-0.06568982333066807,0.976601019410346,0.43060287168995515,classic,0,0,0,none,0,0,0,2.6998068501072905,-0.06568982333066807,0.22864896779082064,0
sensor,1768475482758,1849.6654891116848,0,-0.16805434226989746,0.8736929297447205,0.6454803943634033,-0.16805434226989746,0.8736929297447205,0.6454803943634033,0,0,0,10.0132718,9.9941432,2.667270757428168,297,987.8000000000001,1.6330000162124634,,0,0.001,1.1640000000000001,0.0008583690987124463,0,-0.07314110916083919,0.9618703607416806,0.4352760252620168,classic,0,0,0,none,0,0,0,2.465916254516188,-0.07314110916083919,0.2481611531365506,0
sensor,1768475484743,1855.1541306225738,0,-0.0654657781124115,0.9112133383750916,0.5123003125190735,-0.0654657781124115,0.9112133383750916,0.5123003125190735,0,0,0,10.0132884,9.9940960,2.6685019109290926,295,987.3000000000001,1.6330000162124634,,0,0.301,0.863,0.25859106529209624,0,-0.08665756030136787,0.9433738613662789,0.451032967466747,classic,0,0,0,none,0,0,0,1.5335441899332065,-0.08665756030136787,0.07273131816123204,0
sensor,1768475486754,1860.3199172293425,0,-0.23494262993335724,0.764481246471405,0.5472816824913025,-0.23494262993335724,0.764481246471405,0.5472816824913025,0,0,0,10.0133118,9.9940552,2.6683720609114734,296,987.1,1.649999976158142,,0,0.257,0.9420000000000001,0.21434528773978315,0,-0.09803278473443951,0.9308584173793487,0.4565329342103257,classic,0,0,0,none,0,0,0,1.6740142104673779,-0.09803278473443951,0.2349717879750678,0
sensor,1768475488761,1865.6288883011039,0,-0.25248685479164124,0.7742705345153809,0.5600230693817139,-0.25248685479164124,0.7742705345153809,0.5600230693817139,0,0,0,10.0133351,9.9940129,2.6703991771203004,293,987.5,1.649999976158142,,0,0.221,0.655,0.2522831050228311,0.186,-0.1056908700838099,0.9215134585782759,0.4607243331819845,classic,0,0,0,none,0,0,0,2.0004460534873125,-0.1056908700838099,0.23157004352299712,0
sensor,1768475490761,1871.1939110739256,0,-0.027532339096069336,0.8955198526382446,0.41869041323661804,-0.027532339096069336,0.8955198526382446,0.41869041323661804,0,0,0,10.0133534,9.9939656,2.674726095506991,297,987.6,1.715999960899353,,0,0.098,1.0639999999999998,0.08433734939759037,0,-0.1098981771338918,0.9148451917002087,0.4618921608791867,classic,0,0,0,none,0,0,0,1.6060300765614488,-0.1098981771338918,0.09547204959905778,0
sensor,1768475492744,1876.798726337815,0,-0.20087900757789612,0.8654331564903259,0.49455729126930237,-0.20087900757789612,0.8654331564903259,0.49455729126930237,0,0,0,10.0133684,9.9939167,2.682615165819476,294,987.7,1.715999960899353,,0,0.938,0.11800000000000008,0.8882575757575757,0.095,-0.12334960504968595,0.9038833515296941,0.47164935478136955,classic,0,0,0,none,0,0,0,1.1841430386447027,-0.12334960504968595,0.08997079739735227,0
sensor,1768475494763,1882.3388227446362,0,-0.062100719660520554,0.8308648467063904,0.547480583190918,-0.062100719660520554,0.8308648467063904,0.547480583190918,0,0,0,10.0133901,9.9938712,2.682940077746165,296,987.2,1.715999960899353,,0,0.175,0.8019999999999998,0.1791197543500512,0.175,-0.13044636276350086,0.8978484612601381,0.47236477300426205,classic,0,0,0,none,0,0,0,1.4611475601098673,-0.13044636276350086,0.12226789081834306,0
sensor,1768475496772,1887.4990245606205,0,-0.31672897934913635,0.8102614283561707,0.57664954662323,-0.31672897934913635,0.8102614283561707,0.57664954662323,0,0,0,10.0134134,9.9938304,2.683225520142468,297,987.7,1.649999976158142,,0,0.164,0.6990000000000001,0.1900347624565469,0.302,-0.06905740966973015,0.923463648057772,0.33940990400403287,classic,0,0,0,none,0,0,0,3.005395377965379,-0.06905740966973015,0.362977728651633,0
sensor,1768475498764,1892.803513515802,0,-0.254720002412796,0.8743047118186951,0.42430394887924194,-0.254720002412796,0.8743047118186951,0.42430394887924194,0,0,0,10.0134334,9.9937865,2.6830047485156316,299,987.7,1.715999960899353,,0,0.466,0.7,0.3996569468267582,0,-0.08027837515010668,0.9156186097042704,0.3592901443123658,classic,0,0,0,none,0,0,0,1.5219646355163616,-0.08027837515010668,0.19165044995280267,0
sensor,1768475500745,1898.1179223218014,0,-0.22454151511192322,0.8457475304603577,0.4691663384437561,-0.22454151511192322,0.8457475304603577,0.4691663384437561,0,0,0,10.0134568,9.9937442,2.6848336502342445,297,987.3000000000001,1.7330000400543213,,0,0.35,0.8130000000000001,0.3009458297506449,0,-0.0969050886192643,0.9058901434944424,0.38364659738233187,classic,0,0,0,none,0,0,0,1.9852096423846262,-0.0969050886192643,0.16581945268335221,0
sensor,1768475502727,1903.1216164252269,0,-0.13521437346935272,0.8781746029853821,0.38167470693588257,-0.13521437346935272,0.8781746029853821,0.38167470693588257,0,0,0,10.0134801,9.9937051,2.6853113819473053,302,987.9,1.7829999923706055,,0,0.173,0.99,0.14875322441960445,0,-0.07284875221731832,0.8680432908090706,0.539203562278362,classic,0,0,0,none,0,0,0,1.6047112359533087,-0.07284875221731832,0.1705804914523271,0
sensor,1768475504764,1908.731828567296,0,-0.3218224346637726,0.7819184064865112,0.625702977180481,-0.3218224346637726,0.7819184064865112,0.625702977180481,0,0,0,10.0135084,9.9936627,2.688127603431525,299,988.1,1.7330000400543213,,0,0,0.934,0,0.233,-0.02690092585454673,0.9755141312713855,0.4268009137700407,classic,0,0,0,none,0,0,0,2.964899121198946,-0.02690092585454673,0.40702901148284776,0
sensor,1768475506763,1913.6843799776082,0,-0.09819867461919785,0.9021429419517517,0.38861894607543945,-0.09819867461919785,0.9021429419517517,0.38861894607543945,0,0,0,10.0135334,9.9936252,2.6900060234265664,304,988.5,1.7330000400543213,,0,0.758,0.4079999999999999,0.6500857632933105,0,-0.04550955354748775,0.9620603600092852,0.42888282129284283,classic,0,0,0,none,0,0,0,2.242258646139451,-0.04550955354748775,0.08982147510466655,0
sensor,1768475508731,1919.0881234365313,0,-0.23249530792236328,0.7945680022239685,0.4451061487197876,-0.23249530792236328,0.7945680022239685,0.4451061487197876,0,0,0,10.0135584,9.9935829,2.6898154272657906,302,988.7,1.7000000476837158,,0,0.115,1.079,0.09631490787269682,0,-0.06935727924608283,0.9437218897769107,0.4437256109285014,classic,0,0,0,none,0,0,0,2.0389515683131436,-0.06935727924608283,0.2221601264787573,0
sensor,1768475510748,1924.1277932586331,0,-0.19945649802684784,0.8675745725631714,0.6147817969322205,-0.19945649802684784,0.8675745725631714,0.6147817969322205,0,0,0,10.0135868,9.9935470,2.684778432801098,303,988.8000000000001,1.7000000476837158,,0,0.679,0.40499999999999986,0.6263837638376385,0.058,-0.0781641402804347,0.9313679405703592,0.44955588461886564,classic,0,0,0,none,0,0,0,1.3025968483195491,-0.0781641402804347,0.21574364771979013,0
sensor,1768475512768,1929.5315366198565,0,-0.25839099287986755,0.790178120136261,0.6133593320846558,-0.25839099287986755,0.790178120136261,0.6133593320846558,0,0,0,10.0136118,9.9935047,2.6764265224920933,308,988.5,1.7000000476837158,,0,0.344,0.822,0.2950257289879931,0,-0.08646899644885218,0.920877963001616,0.4553922319606335,classic,0,0,0,none,0,0,0,1.8852448796731283,-0.08646899644885218,0.2689136744053042,0
sensor,1768475514749,1934.8444435345068,0,-0.06301846355199814,0.9528177380561829,0.5373854041099548,-0.06301846355199814,0.9528177380561829,0.5373854041099548,0,0,0,10.0136401,9.9934656,2.6681988905688736,310,988.1,1.7000000476837158,,0,0.116,0.7629999999999999,0.13196814562002276,0.286,-0.019649585051914227,0.9637671740181037,0.25992899723996066,classic,0,0,0,none,0,0,0,1.8555903853640174,-0.019649585051914227,0.2824510559522788,0
sensor,1768475516750,1940.2714497655838,0,-0.22117646038532257,0.8585041761398315,0.46671900153160095,-0.22117646038532257,0.8585041761398315,0.46671900153160095,0,0,0,10.0136701,9.9934266,2.65963176312329,305,986.7,1.7000000476837158,,0,1.164,0,1,0,-0.04678854816763255,0.9430464542480702,0.2993391549627632,classic,0,0,0,none,0,0,0,2.8405979154350987,-0.04678854816763255,0.2573620997258077,0
sensor,1768475518757,1945.4473904418307,0,-0.15887688100337982,0.9131559133529663,0.6888132691383362,-0.15887688100337982,0.9131559133529663,0.6888132691383362,0,0,0,10.0136984,9.9933890,2.6489669122610735,305,986.4,1.7000000476837158,,0,1.048,0,1,0.117,-0.06276226069266518,0.9321569063211145,0.3278384870639816,classic,0,0,0,none,0,0,0,3.0167706173413236,-0.06276226069266518,0.37591412956568593,0
sensor,1768475520733,1950.7668907537866,0,-0.2534045875072479,0.835346519947052,0.4869093894958496,-0.2534045875072479,0.835346519947052,0.4869093894958496,0,0,0,10.0137268,9.9933499,2.6414757885519156,306,986.5,1.7000000476837158,,0,0.175,0.972,0.15257192676547515,0,-0.07917790305463424,0.9239802838811979,0.34680325585256566,classic,0,0,0,none,0,0,0,1.9559249399559413,-0.07917790305463424,0.24170929568506344,0
sensor,1768475522755,1956.07979751941,0,0.10809502005577087,1.2663805484771729,0.027333494275808334,0.10809502005577087,1.2663805484771729,0.027333494275808334,0,0,0,10.0137551,9.9933109,2.642296860109509,305,987,1.7330000400543213,,0,0.699,0.44699999999999995,0.6099476439790577,0,-0.03336842914539964,1.0190335986742136,0.26872533264042364,classic,0,0,0,none,0,0,0,1.6345750215163466,-0.03336842914539964,0.5334952913086551,0
sensor,1768475524732,1961.506803931921,0,-0.20893985033035278,0.8409600257873535,0.4996660649776459,-0.20893985033035278,0.8409600257873535,0.4996660649776459,0,0,0,10.0137851,9.9932718,2.6462751022024564,302,987.3000000000001,1.7660000324249268,,0,0.058,1.0959999999999999,0.050259965337954945,0,-0.05492093269376122,0.9926985417009192,0.30556674267851247,classic,0,0,0,none,0,0,0,2.9675737510919236,-0.05492093269376122,0.29201290155913384,0
sensor,1768475526771,1967.2165033094655,0,-0.15081603825092316,0.8047549724578857,0.3854527473449707,-0.15081603825092316,0.8047549724578857,0.3854527473449707,0,0,0,10.0138151,9.9932295,2.6573355952023205,302,987.1,1.7829999923706055,,0,0.175,0.933,0.15794223826714798,0.059,-0.07291871931657001,0.9727696358321516,0.3332968526743345,classic,0,0,0,none,0,0,0,2.933833304697565,-0.07291871931657001,0.19336525860164924,0
sensor,1768475528741,1972.3767133180515,0,-0.14592139422893524,0.8345357179641724,0.5377983450889587,-0.14592139422893524,0.8345357179641724,0.5377983450889587,0,0,0,10.0138384,9.9931887,2.6713891580966105,292,987.5,1.75,,0,0.992,0.16300000000000003,0.8588744588744589,0,-0.0806171312960294,0.9585291954864295,0.35417680232937526,classic,0,0,0,none,0,0,0,2.149553076810823,-0.0806171312960294,0.23214970973661975,0
sensor,1768475530736,1978.001722773599,0,-0.10512764751911163,0.9054009318351746,0.34843704104423523,-0.10512764751911163,0.9054009318351746,0.34843704104423523,0,0,0,10.0138618,9.9931432,2.6886026818078435,301,987.7,1.715999960899353,,0,0.175,0.9889999999999999,0.15034364261168384,0,-0.0985992655867584,0.941698407803515,0.3767240793632196,classic,0,0,0,none,0,0,0,1.497799762121185,-0.0985992655867584,0.046712407431450574,0
sensor,1768475532758,1983.3200525683892,0,-0.1666165441274643,0.7944609522819519,0.541668176651001,-0.1666165441274643,0.7944609522819519,0.541668176651001,0,0,0,10.0138851,9.9931008,2.6971119642963397,298,988,1.7000000476837158,,0,0.104,0.927,0.10087293889427738,0.057,-0.10728864485101036,0.9312937135754746,0.3964294828680183,classic,0,0,0,none,0,0,0,1.6135437550082634,-0.10728864485101036,0.20922219598382696,0
sensor,1768475534777,1988.4241968430733,0,-0.1730407476425171,0.852584719657898,0.5149617791175842,-0.1730407476425171,0.852584719657898,0.5149617791175842,0,0,0,10.0139101,9.9930617,2.6963416614455236,301,989.1,1.6829999685287476,,0,0.174,0.992,0.14922813036020582,0,-0.11545754854759926,0.9231175475186617,0.410222439239291,classic,0,0,0,none,0,0,0,2.264274784139366,-0.11545754854759926,0.13948153480020264,0
sensor,1768475536743,1993.8279474244962,0,-0.25309866666793823,0.8092519044876099,0.4096200168132782,-0.25309866666793823,0.8092519044876099,0.4096200168132782,0,0,0,10.0139351,9.9930194,2.6930629577466827,298,989,1.6829999685287476,,0,0.305,0.8060000000000002,0.27452745274527446,0.072,-0.0038045309780170254,1.0071646560058025,0.34906697054975544,classic,0,0,0,none,0,0,0,2.5914115832177393,-0.0038045309780170254,0.32564007471567574,0
sensor,1768475538743,1999.2317008156735,0,-0.2838889956474304,0.850856363773346,0.3371182084083557,-0.2838889956474304,0.850856363773346,0.3371182084083557,0,0,0,10.0139601,9.9929770,2.6882320988466493,300,989.3000000000001,1.6829999685287476,,0,0.35,0.7959999999999999,0.3054101221640489,0,-0.03453305302197071,0.9830471739478456,0.37358873466953185,classic,0,0,0,none,0,0,0,2.530388493143044,-0.03453305302197071,0.28600496345910437,0
sensor,1768475540737,2004.5446128081758,0,-0.15203969180583954,0.8731880784034729,0.4697781801223755,-0.15203969180583954,0.8731880784034729,0.4697781801223755,0,0,0,10.0139884,9.9929380,2.680152874614795,302,989.3000000000001,1.7000000476837158,,0,1.12,0.05899999999999994,0.9499575911789653,0,-0.05200356906305116,0.9662861693583867,0.3906337922221617,classic,0,0,0,none,0,0,0,1.9974754468982399,-0.05200356906305116,0.15871225723112328,0
sensor,1768475542763,2009.8022715293093,0,-0.32263311743736267,0.7808936238288879,0.5890849828720093,-0.32263311743736267,0.7808936238288879,0.5890849828720093,0,0,0,10.0140134,9.9928972,2.6742302949217915,302,990.2,1.7000000476837158,,0,0.937,0.03999999999999987,0.9590583418628457,0.173,-0.06970772874275316,0.9501877953379473,0.40212466559666465,classic,0,0,0,none,0,0,0,2.5804166693886925,-0.06970772874275316,0.35898665910810135,0
sensor,1768475544747,2015.3056564531375,0,0.06771425902843475,1.038167953491211,0.5717549324035645,0.06771425902843475,1.038167953491211,0.5717549324035645,0,0,0,10.0140401,9.9928549,2.675447137279707,304,990.8000000000001,1.7000000476837158,,0,0.349,0.817,0.2993138936535163,0,-0.017856229354380908,0.9592276667707159,0.5746785458292112,classic,0,0,0,none,0,0,0,1.7603474263612204,-0.017856229354380908,0.11704303960260237,0
sensor,1768475546727,2020.3093648448396,0,-0.20526887476444244,0.8713526725769043,0.5625774264335632,-0.20526887476444244,0.8713526725769043,0.5625774264335632,0,0,0,10.0140634,9.9928158,2.6788638310366326,301,990.4,1.7000000476837158,,0,0.174,0.7170000000000001,0.19528619528619526,0.29,-0.045624079563029,0.9419756178973705,0.5638420090283591,classic,0,0,0,none,0,0,0,1.7838575263506384,-0.045624079563029,0.1754500436592499,0
sensor,1768475548763,2025.6331186834132,0,-0.24564965069293976,0.6691429018974304,0.3864775598049164,-0.24564965069293976,0.6691429018974304,0.3864775598049164,0,0,0,10.0140868,9.9927734,2.6839237952514,302,990.4,1.7000000476837158,,0,0.117,1.056,0.09974424552429667,0,-0.059419314190564225,0.9295156791714169,0.5522856871038235,classic,0,0,0,none,0,0,0,1.8335899049763966,-0.059419314190564225,0.36232243929815716,0
sensor,1768475550765,2030.8816989165136,0,-0.20812919735908508,0.8204637169837952,0.5390220284461975,-0.20812919735908508,0.8204637169837952,0.5390220284461975,0,0,0,10.0141118,9.9927327,2.690335274328663,300,989.7,1.7000000476837158,,0,0,1.145,0,0,-0.06749073490405562,0.9215064200716783,0.5404715045584954,classic,0,0,0,none,0,0,0,1.5491451372338847,-0.06749073490405562,0.17404907186540122,0
sensor,1768475552736,2036.388116244363,0,-0.05292327702045441,0.9405811429023743,0.4177726209163666,-0.05292327702045441,0.9405811429023743,0.4177726209163666,0,0,0,10.0141384,9.9926903,2.7026926417497377,304,989.5,1.75,,0,0.209,0.932,0.18317265556529358,0.058,-0.08597226784610988,0.909519283867934,0.5362263365262051,classic,0,0,0,none,0,0,0,1.0743666939464804,-0.08597226784610988,0.1274772760960037,0
sensor,1768475554764,2041.3030172500983,0,-0.18090276420116425,0.847078263759613,0.5179138779640198,-0.18090276420116425,0.847078263759613,0.5179138779640198,0,0,0,10.0141651,9.9926546,2.712165080391448,301,989.5,1.7829999923706055,,0,0.407,0.3079999999999999,0.5692307692307693,0.437,-0.09646449560715654,0.9031177489207456,0.5286256344600501,classic,0,0,0,none,0,0,0,0.8492389567372369,-0.09646449560715654,0.10241884980284804,0
sensor,1768475556746,2046.463226205754,0,-0.22893139719963074,0.7964035272598267,0.5674720406532288,-0.22893139719963074,0.7964035272598267,0.5674720406532288,0,0,0,10.0141884,9.9926138,2.7195720466081994,296,989.3000000000001,1.7660000324249268,,0,0.118,0.5419999999999998,0.17878787878787883,0.524,-0.05241488556131016,0.9263121412986581,0.3644024398345682,classic,0,0,0,none,0,0,0,3.0851160993669065,-0.05241488556131016,0.30028494108324716,0
sensor,1768475558765,2052.2501515515874,0,-0.05150076746940613,0.887153148651123,0.5745081305503845,-0.05150076746940613,0.887153148651123,0.5745081305503845,0,0,0,10.0142118,9.9925666,2.731298756888304,298,989.1,1.715999960899353,,0,0.059,1.107,0.05060034305317324,0,-0.06421398425315251,0.9211601498335531,0.38162295605973645,classic,0,0,0,none,0,0,0,2.2518221311666538,-0.06421398425315251,0.1972585335698681,0
sensor,1768475560765,2058.214844651976,0,-0.1549917608499527,0.8498315215110779,0.48987680673599243,-0.1549917608499527,0.8498315215110779,0.48987680673599243,0,0,0,10.0142384,9.9925193,2.74355039831066,298,988.5,1.715999960899353,,0,1.15,0,1,0,-0.08232502267975363,0.9098414344298109,0.4067364293401623,classic,0,0,0,none,0,0,0,1.6957535848286183,-0.08232502267975363,0.12630557786916963,0
sensor,1768475562764,2063.5193600244384,0,-0.1785472184419632,0.8328073620796204,0.5747069716453552,-0.1785472184419632,0.8328073620796204,0.5747069716453552,0,0,0,10.0142584,9.9924753,2.7440070512396098,297,988.1,1.7330000400543213,,0,0.756,0.05899999999999994,0.9276073619631903,0.349,-0.09302386767074292,0.9048633136896692,0.41499229001527616,classic,0,0,0,none,0,0,0,1.6563408530948103,-0.09302386767074292,0.19595434240720233,0
sensor,1768475564751,2068.4333092844918,0,-0.2143392562866211,0.8363713026046753,0.5140441060066223,-0.2143392562866211,0.8363713026046753,0.5140441060066223,0,0,0,10.0142801,9.9924362,2.740659854513215,298,988.2,1.7330000400543213,,0,0.465,0.6039999999999998,0.4349859681945745,0.057,-0.01581162007432902,1.0080902709110806,0.31888925664623397,classic,0,0,0,none,0,0,0,2.866906037959896,-0.01581162007432902,0.3287308623236902,0
sensor,1768475566729,2073.257025660461,0,-0.06699535250663757,0.933239221572876,0.43551573157310486,-0.06699535250663757,0.933239221572876,0.43551573157310486,0,0,0,10.0142968,9.9923956,2.7382845556931654,300,988.4,1.6829999685287476,,0,0.059,1.107,0.05060034305317324,0,-0.04192938294041141,0.9818244434384706,0.3475873406235937,classic,0,0,0,none,0,0,0,2.006094935353653,-0.04192938294041141,0.1040588306941915,0
sensor,1768475568732,2078.1150553695356,0,-0.131038635969162,0.8163796663284302,0.49507731199264526,-0.131038635969162,0.8163796663284302,0.49507731199264526,0,0,0,10.0143201,9.9923581,2.7305239036130877,298,989.2,1.6660000085830688,,0,1.131,0,1,0,-0.05979744413896621,0.9647367435121377,0.3698218376951393,classic,0,0,0,none,0,0,0,2.428830099950566,-0.05979744413896621,0.20785820603888616,0
sensor,1768475570750,2083.8245484353583,0,-0.32293903827667236,0.7701866030693054,0.5629904270172119,-0.32293903827667236,0.7701866030693054,0.5629904270172119,0,0,0,10.0143451,9.9923125,2.71884744527989,296,989.3000000000001,1.6330000162124634,,0,0.1,1.087,0.08424599831508003,0,-0.07395582788456008,0.9484503739468834,0.3894902309390999,classic,0,0,0,none,0,0,0,2.7413896591715354,-0.07395582788456008,0.3537244848613455,0
sensor,1768475572737,2089.385110036338,0,0.1245073527097702,1.0467336177825928,0.08779756724834442,0.1245073527097702,1.0467336177825928,0.08779756724834442,0,0,0,10.0143701,9.9922686,2.711309751722837,296,989.4,1.6330000162124634,,0,0.811,0.40800000000000003,0.6652994257588187,0,-0.08636798930220321,0.9368503362964565,0.40378022915153866,classic,0,0,0,none,0,0,0,1.6919700731269198,-0.08636798930220321,0.39744618968149337,0
sensor,1768475574753,2094.853621835633,0,-0.22871726751327515,0.8650201559066772,0.5988742113113403,-0.22871726751327515,0.8650201559066772,0.5988742113113403,0,0,0,10.0143934,9.9922246,2.709815072642231,295,988.9,1.6160000562667847,,0,0.408,0.698,0.3688969258589512,0.058,-0.10188671952872323,0.9251714573700324,0.41920828893547846,classic,0,0,0,none,0,0,0,1.4132459801359767,-0.10188671952872323,0.22914575207829901,0
sensor,1768475576733,2100.2665636821644,0,-0.16121713817119598,0.7509139180183411,0.5530940890312195,-0.16121713817119598,0.7509139180183411,0.5530940890312195,0,0,0,10.0144184,9.9921822,2.7040620885522726,295,988.5,1.6330000162124634,,0,0,1.168,0,0,-0.10813750120327525,0.91400233456908,0.43276577018746537,classic,0,0,0,none,0,0,0,2.0596666888064483,-0.10813750120327525,0.21056219930511125,0
sensor,1768475578752,2105.5809938337698,0,-0.16458220779895782,0.841265857219696,0.5265865325927734,-0.16458220779895782,0.841265857219696,0.5265865325927734,0,0,0,10.0144418,9.9921399,2.697049077678926,297,988.7,1.6330000162124634,,0,0.832,0.28500000000000003,0.7448522829006267,0,-0.1137948079826864,0.9072965125748282,0.435967181002152,classic,0,0,0,none,0,0,0,1.4601912077979695,-0.1137948079826864,0.12370905796007374,0
sensor,1768475580731,2110.84972280692,0,-0.16855910420417786,0.8617621660232544,0.49630099534988403,-0.16855910420417786,0.8617621660232544,0.49630099534988403,0,0,0,10.0144568,9.9920942,2.6938882917258855,295,988.1,1.6660000085830688,,0,0.233,0.8729999999999999,0.2106690777576854,0.058,-0.1274983453950363,0.8981771298657869,0.45064178775735186,classic,0,0,0,none,0,0,0,1.221186514510475,-0.1274983453950363,0.07175062059228686,0
sensor,1768475582754,2116.310163306322,0,-0.18038271367549896,0.873494029045105,0.5712501406669617,-0.18038271367549896,0.873494029045105,0.5712501406669617,0,0,0,10.0144768,9.9920487,2.686549413731202,296,988.4,1.6660000085830688,,0,0.224,0.6219999999999999,0.264775413711584,0.3,-0.08544627414607074,0.9107536444841378,0.3388204715163413,classic,0,0,0,none,0,0,0,2.546551965309839,-0.08544627414607074,0.2550958044389276,0
sensor,1768475584721,2121.467614997167,0,-0.2440129965543747,0.809343695640564,0.598568320274353,-0.2440129965543747,0.809343695640564,0.598568320274353,0,0,0,10.0144934,9.9920047,2.67452308233321,293,989.2,1.649999976158142,,0,0.138,0.914,0.1311787072243346,0.058,-0.0947384940443648,0.9065295398692701,0.35812056434423406,classic,0,0,0,none,0,0,0,2.2776340337249397,-0.0947384940443648,0.30074121836239504,0
sensor,1768475586753,2126.376939653707,0,0.09380879998207092,0.9876920580863953,-0.010599950328469276,0.09380879998207092,0.9876920580863953,-0.010599950328469276,0,0,0,10.0145118,9.9919640,2.6642804329988152,297,989.7,1.6160000562667847,,0,0.057,1.107,0.04896907216494846,0,-0.10345494117098206,0.9019441937065972,0.37408699581937427,classic,0,0,0,none,0,0,0,2.0110523373110722,-0.10345494117098206,0.4429524693288684,0
sensor,1768475588727,2131.6050219172216,0,-0.1842678189277649,0.8411588072776794,0.48314666748046875,-0.1842678189277649,0.8411588072776794,0.48314666748046875,0,0,0,10.0145301,9.9919200,2.654295560856084,292,989.5,1.600000023841858,,0,0.969,0.05799999999999994,0.943524829600779,0.119,-0.11313307237676494,0.8972708417185774,0.3952138966269137,classic,0,0,0,none,0,0,0,1.4287886776982373,-0.11313307237676494,0.1268916750639325,0
sensor,1768475590752,2137.232108836272,0,-0.03966186195611954,0.9870802760124207,0.44827234745025635,-0.03966186195611954,0.9870802760124207,0.44827234745025635,0,0,0,10.0145501,9.9918728,2.6400510895950142,294,988.7,1.6160000562667847,,0,0.217,0.7550000000000001,0.22325102880658435,0.191,-0.10755886487633916,0.9728309334955586,0.5318148671615703,classic,0,0,0,none,0,0,0,1.9917219231435284,-0.10755886487633916,0.10913850706476891,0
sensor,1768475592739,2143.0451930403033,0,-0.19476071000099182,0.8761401772499084,0.4404103457927704,-0.19476071000099182,0.8761401772499084,0.4404103457927704,0,0,0,10.0145768,9.9918271,2.632488649071324,291,988.1,1.6330000162124634,,0,0.341,0.05800000000000005,0.8546365914786966,0.766,-0.13161668476704003,0.8929055013235947,0.565229803655178,classic,0,0,0,none,0,0,0,1.7109538583371202,-0.13161668476704003,0.14159138774271926,0
sensor,1768475594755,2148.4267245785322,0,-0.20699730515480042,0.7356181740760803,0.33058691024780273,-0.20699730515480042,0.7356181740760803,0.33058691024780273,0,0,0,10.0145984,9.9917832,2.6326978062954227,296,988,1.7000000476837158,,0,0,1.0239999999999998,0,0.116,-0.14272916748962056,0.8848607599837011,0.5543408389155103,classic,0,0,0,none,0,0,0,1.277306879873783,-0.14272916748962056,0.2779209112133377,0
sensor,1768475596732,2153.5881676142317,0,-0.12339077144861221,0.8500304222106934,0.4738621413707733,-0.12339077144861221,0.8500304222106934,0.4738621413707733,0,0,0,10.0146151,9.9917392,2.634422631385179,294,987.7,1.7000000476837158,,0,1.166,0,1,0,-0.09967453659975221,0.9035024924512028,0.4095147831434145,classic,0,0,0,none,0,0,0,1.4659462998849946,-0.09967453659975221,0.08739850471172322,0
sensor,1768475598752,2158.64916542145,0,-0.2559436857700348,0.8044490218162537,0.5760377049446106,-0.2559436857700348,0.8044490218162537,0.5760377049446106,0,0,0,10.0146334,9.9916969,2.641013036464267,295,988.3000000000001,1.6829999685287476,,0,0.714,0.4670000000000001,0.6045723962743437,0,-0.10841666100987091,0.8991474685661643,0.42164169125398615,classic,0,0,0,none,0,0,0,1.8170904220921835,-0.10841666100987091,0.2347764246930769,0
sensor,1768475600732,2163.883144860285,0,0.01957855187356472,0.9392656683921814,0.577674388885498,0.01957855187356472,0.9392656683921814,0.577674388885498,0,0,0,10.0146551,9.9916545,2.652138910531937,296,989,1.6330000162124634,,0,0.64,0.525,0.5493562231759657,0,-0.11212441955765004,0.894707536407965,0.4358862414096987,classic,0,0,0,none,0,0,0,1.6117850189243201,-0.11212441955765004,0.1995803242430405,0
sensor,1768475602727,2168.382982952948,0,-0.10910454392433167,0.8524776697158813,0.4574497938156128,-0.10910454392433167,0.8524776697158813,0.4574497938156128,0,0,0,10.0146718,9.9916170,2.6592308978770896,294,989.8000000000001,1.6160000562667847,,0,0.22,0.869,0.20202020202020202,0.059,-0.12378340905373539,0.8902434539635715,0.44569882573715286,classic,0,0,0,none,0,0,0,1.0124904884174988,-0.12378340905373539,0.04239977902291098,0
sensor,1768475604750,2173.6874969355063,0,-0.1375546157360077,0.8743047118186951,0.6083576083183289,-0.1375546157360077,0.8743047118186951,0.6083576083183289,0,0,0,10.0146918,9.9915731,2.658626136942183,293,989.9,1.6330000162124634,,0,0.114,1.0399999999999998,0.09878682842287696,0,-0.12892367629256257,0.8873928601593652,0.4519014559964674,classic,0,0,0,none,0,0,0,1.681177810663508,-0.12892367629256257,0.15802983993335307,0
sensor,1768475606729,2179.232430772599,0,-0.15918280184268951,0.8068045973777771,0.5252557992935181,-0.15918280184268951,0.8068045973777771,0.5252557992935181,0,0,0,10.0147134,9.9915274,2.658618851351928,296,990,1.6330000162124634,,0,0,1.166,0,0,-0.13156356755593068,0.8871323883692249,0.4531080532811147,classic,0,0,0,none,0,0,0,1.5072152870981563,-0.13156356755593068,0.11200811531464511,0
sensor,1768475608761,2185.019365442576,0,-0.18457373976707458,0.8897992968559265,0.47202664613723755,-0.18457373976707458,0.8897992968559265,0.47202664613723755,0,0,0,10.0147368,9.9914802,2.6626145067313667,293,989.7,1.7000000476837158,,0,0.351,0.7469999999999999,0.319672131147541,0.044,-0.13883233512540344,0.8807383069872354,0.464532094650051,classic,0,0,0,none,0,0,0,0.7271252999145961,-0.13883233512540344,0.0474659858277317,0
sensor,1768475610736,2190.415507000858,0,0.041099660098552704,1.0152244567871094,0.42318734526634216,0.041099660098552704,1.0152244567871094,0.42318734526634216,0,0,0,10.0147551,9.9914346,2.665167373161287,293,989.1,1.7000000476837158,,0,0.581,0.5680000000000001,0.5056570931244561,0,-0.11895907562495527,0.8618523415727394,0.27019061928616733,classic,0,0,0,none,0,0,0,2.5555151168460086,-0.11895907562495527,0.27070422703249336,0
sensor,1768475612733,2195.9079340977983,0,-0.31284385919570923,0.791202962398529,0.5340203046798706,-0.31284385919570923,0.791202962398529,0.5340203046798706,0,0,0,10.0147718,9.9913874,2.6688852062217796,291,988.9,1.7000000476837158,,0,0.113,1.14,0.09018355945730248,0.062,-0.011936256048360922,0.9426902642522486,0.20041101542687514,classic,0,0,0,none,0,0,0,4.067270109959512,-0.011936256048360922,0.47650163469198664,0
sensor,1768475614737,2201.5373285582546,0,0.036816854029893875,0.9850459098815918,0.48334550857543945,0.036816854029893875,0.9850459098815918,0.48334550857543945,0,0,0,10.0147951,9.9913418,2.678235968315875,297,988.6,1.7000000476837158,,0,1.048,0.11599999999999988,0.900343642611684,0,-0.10346157852290874,0.8885785235923711,0.3479552388456593,classic,0,0,0,none,0,0,0,1.4960616373343847,-0.10346157852290874,0.21861207192978163,0
sensor,1768475616764,2206.529459884584,0,-0.15734730660915375,0.8573723435401917,0.5100671648979187,-0.15734730660915375,0.8573723435401917,0.5100671648979187,0,0,0,10.0148118,9.9912995,2.687157005515613,296,988.4,1.6829999685287476,,0,0.873,0.274,0.7611159546643418,0,-0.11050398668241843,0.883888176089534,0.37498024257728985,classic,0,0,0,none,0,0,0,2.270670269344666,-0.11050398668241843,0.14614690480644218,0
sensor,1768475618758,2211.883326991135,0,-0.21128012239933014,0.8028276562690735,0.5197493433952332,-0.21128012239933014,0.8028276562690735,0.5197493433952332,0,0,0,10.0148384,9.9912587,2.6890897686759963,294,988.3000000000001,1.6829999685287476,,0,0.406,0.757,0.34909716251074807,0,-0.11933929919893695,0.882207532688749,0.3899823015848438,classic,0,0,0,none,0,0,0,2.2919047145582074,-0.11933929919893695,0.1786395476060041,0
sensor,1768475620750,2217.5083605385603,0,0.0537339448928833,0.9408870935440063,0.37841668725013733,0.0537339448928833,0.9408870935440063,0.37841668725013733,0,0,0,10.0148618,9.9912132,2.6959508854453436,293,988,1.6330000162124634,,0,0.136,0.6829999999999998,0.1660561660561661,0.342,-0.19533249212519063,0.8922926781705802,0.5332887036037405,classic,0,0,0,none,0,0,0,2.8455300533345618,-0.19533249212519063,0.29878308222315075,0
sensor,1768475622790,2222.9045035043537,0,-0.25126317143440247,0.8437132239341736,0.3601688742637634,-0.25126317143440247,0.8437132239341736,0.3601688742637634,0,0,0,10.0148801,9.9911675,2.7050967209920778,294,988.2,1.6330000162124634,,0,0.235,0.872,0.2122854561878952,0.046,-0.19566681311023817,0.8840974148983148,0.5318865114462423,classic,0,0,0,none,0,0,0,0.9323448502130385,-0.19566681311023817,0.185885598091024,0
sensor,1768475624731,2227.9655077205616,0,-0.10870684683322906,0.8581982254981995,0.5970388054847717,-0.10870684683322906,0.8581982254981995,0.5970388054847717,0,0,0,10.0148984,9.9911252,2.7081679353521335,295,988.4,1.6330000162124634,,0,0.932,0.21299999999999997,0.8139737991266376,0,-0.11601302117913781,0.9069191443285569,0.3614897326227329,classic,0,0,0,none,0,0,0,2.2491132660253332,-0.11601302117913781,0.241855227362703,0
sensor,1768475626740,2232.731043734172,0,-0.21556290984153748,0.8536096215248108,0.46488356590270996,-0.21556290984153748,0.8536096215248108,0.46488356590270996,0,0,0,10.0149201,9.9910877,2.705591394359023,297,989,1.649999976158142,,0,0.588,0.41500000000000004,0.5862412761714855,0.118,-0.11877069134828296,0.903685579473244,0.3765823936343287,classic,0,0,0,none,0,0,0,1.63345160752104,-0.11877069134828296,0.1409668467290802,0
sensor,1768475628769,2237.0658162574978,0,-0.14397883415222168,0.8581982254981995,0.4052301347255707,-0.14397883415222168,0.8581982254981995,0.4052301347255707,0,0,0,10.0149368,9.9910519,2.7000436092128717,293,989.2,1.649999976158142,,0,0.146,1.01,0.12629757785467127,0,-0.13050438000618758,0.8939195315824063,0.39316769230928644,classic,0,0,0,none,0,0,0,1.0856415215664632,-0.13050438000618758,0.040239618891754814,0
sensor,1768475630750,2242.1366151351044,0,-0.1954796016216278,0.8810348510742188,0.3865693509578705,-0.1954796016216278,0.8810348510742188,0.3865693509578705,0,0,0,10.0149551,9.9910095,2.6828301248839423,296,989.8000000000001,1.6330000162124634,,0,0,1.164,0,0,-0.135161057740786,0.8894918387016657,0.40317233724726487,classic,0,0,0,none,0,0,0,1.5879466201355203,-0.135161057740786,0.06344810882073719,0
sensor,1768475632788,2247.445618102242,0,-0.27582815289497375,0.8229110240936279,0.5524822473526001,-0.27582815289497375,0.8229110240936279,0.5524822473526001,0,0,0,10.0149784,9.9909672,2.6602619409427755,295,990.6,1.6330000162124634,,0,0.121,1.044,0.103862660944206,0,-0.1393678934376044,0.8878732109619819,0.4118994086705387,classic,0,0,0,none,0,0,0,1.400707681758972,-0.1393678934376044,0.2074470768789271,0
sensor,1768475634751,2253.232560561558,0,0.0044816527515649796,0.8729739785194397,0.32468274235725403,0.0044816527515649796,0.8729739785194397,0.32468274235725403,0,0,0,10.0150018,9.9909200,2.6392121571093456,300,990.4,1.6330000162124634,,0,0.244,0.796,0.23461538461538461,0.087,-0.14349470436139888,0.8831746570404899,0.4232844086787076,classic,0,0,0,none,0,0,0,1.4484798130233114,-0.14349470436139888,0.1790055121146288,0
sensor,1768475636775,2257.6559843234104,0,-0.19333820044994354,0.8897075057029724,0.4622373580932617,-0.19333820044994354,0.8897075057029724,0.4622373580932617,0,0,0,10.0150201,9.9908841,2.6192227693296024,298,989.6,1.6330000162124634,,0,0.463,0.7009999999999998,0.397766323024055,0,-0.1457859176473873,0.8783408936958415,0.43579233779518195,classic,0,0,0,none,0,0,0,0.8546524610518638,-0.1457859176473873,0.0558649213637195,0
sensor,1768475638806,2262.659702983989,0,-0.1721230149269104,0.856760561466217,0.5203611850738525,-0.1721230149269104,0.856760561466217,0.5203611850738525,0,0,0,10.0150434,9.9908450,2.5997968233853666,297,989.6,1.6160000562667847,,0,0.115,0.873,0.11639676113360324,0.176,-0.14627559419563135,0.8757184622566855,0.4441289240283127,classic,0,0,0,none,0,0,0,1.6651451469909027,-0.14627559419563135,0.08311289687761782,0
sensor,1768475640747,2268.220272241375,0,-0.26389747858047485,0.7970153093338013,0.4256346821784973,-0.26389747858047485,0.7970153093338013,0.4256346821784973,0,0,0,10.0150684,9.9908011,2.587714106597741,299,989.6,1.649999976158142,,0,0.988,0.15799999999999992,0.862129144851658,0,-0.018848005511455268,0.9639494931735746,0.4756934148241926,classic,0,0,0,none,0,0,0,2.767263230078139,-0.018848005511455268,0.302213817160623,0
sensor,1768475642737,2274.0893617922457,0,-0.16315969824790955,0.8375949263572693,0.4981364905834198,-0.16315969824790955,0.8375949263572693,0.4981364905834198,0,0,0,10.0150934,9.9907539,2.5835241779349585,296,989.3000000000001,1.6829999685287476,,0,0.318,0.8459999999999999,0.2731958762886598,0,-0.046165538925500994,0.9458938929295371,0.48371679159145137,classic,0,0,0,none,0,0,0,1.7887213938349817,-0.046165538925500994,0.1608800925436751,0
sensor,1768475644765,2279.0033298947847,0,-0.1669224500656128,0.8643165826797485,0.5109848976135254,-0.1669224500656128,0.8643165826797485,0.5109848976135254,0,0,0,10.0151151,9.9907148,2.5817892024377644,298,989.3000000000001,1.7000000476837158,,0,0.115,1.049,0.09879725085910654,0,-0.06316712231624232,0.9357067043450462,0.4846593912476318,classic,0,0,0,none,0,0,0,1.581358125770498,-0.06316712231624232,0.1293118216822153,0
sensor,1768475646751,2284.4718514441224,0,-0.16458220779895782,0.8500304222106934,0.5408574938774109,-0.16458220779895782,0.8500304222106934,0.5408574938774109,0,0,0,10.0151384,9.9906708,2.5844510908248832,294,989.1,1.7000000476837158,,0,0,0.5810000000000001,0,0.584,-0.0738609079705107,0.929187894498781,0.4803111511005495,classic,0,0,0,none,0,0,0,1.5862628980642064,-0.0738609079705107,0.13544412787276275,0
sensor,1768475648732,2289.8583684881746,0,-0.12358960509300232,0.8694100379943848,0.4742751121520996,-0.12358960509300232,0.8694100379943848,0.4742751121520996,0,0,0,10.0151601,9.9906268,2.5918660431053158,297,988.8000000000001,1.6829999685287476,,0,0.234,0.9590000000000001,0.1961441743503772,0,-0.09067310460231183,0.9156392320475719,0.48377818547614904,classic,0,0,0,none,0,0,0,0.9073819186767025,-0.09067310460231183,0.057829942110056876,0
sensor,1768475650730,2295.254517412706,0,-0.16346561908721924,0.9044831991195679,0.4553084075450897,-0.16346561908721924,0.9044831991195679,0.4553084075450897,0,0,0,10.0151784,9.9905812,2.6022120562276396,297,988.6,1.6660000085830688,,0,0.737,0.11300000000000004,0.8670588235294117,0.311,-0.10225454684937305,0.9088790168640933,0.4820242067327437,classic,0,0,0,none,0,0,0,1.3299598512491755,-0.10225454684937305,0.06726804049752694,0
sensor,1768475652731,2300.3200096693777,0,-0.23422372341156006,0.8356523513793945,0.5556485056877136,-0.23422372341156006,0.8356523513793945,0.5556485056877136,0,0,0,10.0151968,9.9905389,2.6025574099991156,295,989.1,1.649999976158142,,0,0.001,0.8620000000000001,0.0011587485515643105,0.321,-0.1111329607765106,0.905821802246474,0.4778177755512975,classic,0,0,0,none,0,0,0,1.2997710396858784,-0.1111329607765106,0.16246849060282378,0
sensor,1768475654767,2305.701552243901,0,-0.08065445721149445,0.9292622804641724,0.48957085609436035,-0.08065445721149445,0.9292622804641724,0.48957085609436035,0,0,0,10.0152184,9.9904949,2.602043412878432,296,989.1,1.649999976158142,,0,1.048,0.056999999999999995,0.9484162895927603,0.06,-0.03839278341651733,1.0016200729178149,0.6039379625013959,classic,0,0,0,none,0,0,0,2.2751118691047214,-0.03839278341651733,0.1424923411975277,0
sensor,1768475656748,2310.412835791247,0,-0.24595557153224945,0.8865413069725037,0.48253485560417175,-0.24595557153224945,0.8865413069725037,0.48253485560417175,0,0,0,10.0152418,9.9904590,2.5982795344448566,298,988.5,1.6330000162124634,,0,1.048,0,1,0.118,-0.05939118035813931,0.9798947136983608,0.5828987190534296,classic,0,0,0,none,0,0,0,2.438749519922121,-0.05939118035813931,0.23266719270884983,0
sensor,1768475658768,2315.6160330659213,0,-0.24125976860523224,0.8170986175537109,0.5528952479362488,-0.24125976860523224,0.8170986175537109,0.5528952479362488,0,0,0,10.0152684,9.9904200,2.5883350456178964,298,988.1,1.649999976158142,,0,0.584,0,1,0.461,-0.07582748628602752,0.9629921861875225,0.5620687593604647,classic,0,0,0,none,0,0,0,2.107884411258593,-0.07582748628602752,0.22187378342703748,0
sensor,1768475660750,2320.873714149332,0,0.18691398203372955,1.1267915964126587,0.013261409476399422,0.18691398203372955,1.1267915964126587,0.013261409476399422,0,0,0,10.0152934,9.9903792,2.5810143337835445,302,987.7,1.6660000085830688,,0,0,1.167,0,0,-0.0034055748869395927,1.0010563572079012,0.3934270015104873,classic,0,0,0,none,0,0,0,1.7951459027805279,-0.0034055748869395927,0.6333531778879677,0
sensor,1768475662736,2325.977880507646,0,-0.147756889462471,0.860645592212677,0.49547502398490906,-0.147756889462471,0.860645592212677,0.49547502398490906,0,0,0,10.0153184,9.9903401,2.573537255288267,299,987.4,1.7000000476837158,,0,1.165,0,1,0,-0.027315934794454152,0.9778773565065586,0.40981533356349004,classic,0,0,0,none,0,0,0,1.9628310920820302,-0.027315934794454152,0.18959284937204146,0
sensor,1768475664751,2330.8018386237854,0,-0.2496265470981598,0.8054738640785217,0.5342344641685486,-0.2496265470981598,0.8054738640785217,0.5342344641685486,0,0,0,10.0153384,9.9903010,2.561422741688594,299,987.7,1.7000000476837158,,0,0.081,0.9339999999999999,0.07980295566502464,0.131,-0.05048621097141359,0.9624803552850676,0.422177408932517,classic,0,0,0,none,0,0,0,2.759141445403613,-0.05048621097141359,0.2786380194119374,0
sensor,1768475666765,2336.362413755703,0,-0.11705832928419113,0.8943880200386047,0.38341841101646423,-0.11705832928419113,0.8943880200386047,0.38341841101646423,0,0,0,10.0153634,9.9902571,2.554862151657541,303,988.1,1.7000000476837158,,0,0.7,0.44799999999999995,0.6097560975609756,0,-0.05941843235273046,0.9484644029067991,0.43427026140135405,classic,0,0,0,none,0,0,0,1.5517268671708582,-0.05941843235273046,0.09445377551555505,0
sensor,1768475668755,2341.0647829355635,0,-0.10818679630756378,0.8370901346206665,0.5289267897605896,-0.10818679630756378,0.8370901346206665,0.5289267897605896,0,0,0,10.0153868,9.9902213,2.5517141017748006,300,988.3000000000001,1.7000000476837158,,0,0.177,0.97,0.15431560592850915,0,-0.07722177992208829,0.9314470611294017,0.4480909048436882,classic,0,0,0,none,0,0,0,1.3709164354095749,-0.07722177992208829,0.12869228849774186,0
sensor,1768475670772,2346.24074544146,0,-0.23963843286037445,0.8499386310577393,0.4451061487197876,-0.23963843286037445,0.8499386310577393,0.4451061487197876,0,0,0,10.0154151,9.9901838,2.54959736945282,302,988.7,1.7000000476837158,,0,1.065,6.938893903907228e-17,1,0.072,-0.089083666740721,0.9189315051865471,0.45501092103212226,classic,0,0,0,none,0,0,0,2.35550677702233,-0.089083666740721,0.16673987404875373,0
sensor,1768475672737,2351.7441565140143,0,-0.2434011548757553,0.777834415435791,0.4793685972690582,-0.2434011548757553,0.777834415435791,0.4793685972690582,0,0,0,10.0154418,9.9901415,2.5499659966324626,296,988.5,1.7000000476837158,,0,0.62,0.468,0.5698529411764706,0.059,0.017722459380027786,1.0071327664469174,0.4636179033972156,classic,0,0,0,none,0,0,0,2.6169226639927325,0.017722459380027786,0.34961494589698955,0
sensor,1768475674735,2357.3957818061244,0,-0.2190350443124771,0.8718573451042175,0.467132031917572,-0.2190350443124771,0.8718573451042175,0.467132031917572,0,0,0,10.0154684,9.9900975,2.555508110765318,300,987.8000000000001,1.7000000476837158,,0,0.235,0.8739999999999999,0.21190261496844004,0.057,-0.013561107672078866,0.9845249474590505,0.4711122741883544,classic,0,0,0,none,0,0,0,2.222394236350816,-0.013561107672078866,0.2355478945424722,0
sensor,1768475676754,2362.3097559837256,0,-0.12837718427181244,0.8308648467063904,0.5271983742713928,-0.12837718427181244,0.8308648467063904,0.5271983742713928,0,0,0,10.0154901,9.9900584,2.5627362783959455,303,987,1.7000000476837158,,0,0.234,0.915,0.20365535248041777,0,-0.06859127468058747,0.9205230556690132,0.4357150677173976,classic,0,0,0,none,0,0,0,1.8524760749319937,-0.06859127468058747,0.14206855725607243,0
sensor,1768475678751,2367.1587570211955,0,-0.1607123762369156,0.8102614283561707,0.5680838823318481,-0.1607123762369156,0.8102614283561707,0.5680838823318481,0,0,0,10.0155134,9.9900210,2.5659612000873135,302,986.8000000000001,1.7000000476837158,,0,0,1.144,0,0,-0.07489843174542597,0.912133180513342,0.4452698534759991,classic,0,0,0,none,0,0,0,1.5557299451529294,-0.07489843174542597,0.18208762388120642,0
sensor,1768475680726,2372.2320001608855,0,-0.19364410638809204,0.8250524401664734,0.4921099543571472,-0.19364410638809204,0.8250524401664734,0.4921099543571472,0,0,0,10.0155351,9.9899802,2.5685825811920227,299,987.2,1.6829999685287476,,0,0.921,0.24299999999999988,0.7912371134020619,0,-0.09277318464101583,0.9022537678730213,0.457109834107439,classic,0,0,0,none,0,0,0,1.2674306088655198,-0.09277318464101583,0.13241943576477358,0
sensor,1768475682754,2376.9371548836007,0,-0.16305263340473175,0.8000744581222534,0.530563473701477,-0.16305263340473175,0.8000744581222534,0.530563473701477,0,0,0,10.0155584,9.9899443,2.5688694226681985,302,987.4,1.6660000085830688,,0,0.139,1.001,0.12192982456140353,0,-0.10106837916482182,0.8950920831229152,0.4627615036389735,classic,0,0,0,none,0,0,0,1.164077241299588,-0.10106837916482182,0.13282882921284303,0
sensor,1768475684751,2382.146687147329,0,-0.2492135614156723,0.8148501515388489,0.585934042930603,-0.2492135614156723,0.8148501515388489,0.585934042930603,0,0,0,10.0155851,9.9899053,2.5651171658086924,301,988.3000000000001,1.6660000085830688,,0,0.118,1.048,0.10120068610634649,0,-0.10807725511619375,0.8920969752154908,0.46607537007708677,classic,0,0,0,none,0,0,0,1.431437530017108,-0.10807725511619375,0.20163877524956858,0
sensor,1768475686718,2387.297671760788,0,0.05832266807556152,1.050312876701355,0.3259064257144928,0.05832266807556152,1.050312876701355,0.3259064257144928,0,0,0,10.0156084,9.9898646,2.5604495009018837,303,988.1,1.6829999685287476,,0,0.292,0.581,0.3344788087056128,0.291,-0.11486145359157791,0.8871062581021664,0.467498750248631,classic,0,0,0,none,0,0,0,1.0343445330872714,-0.11486145359157791,0.27829856517902285,0
sensor,1768475688755,2392.5316685484586,0,-0.20454999804496765,0.8748095035552979,0.5067021250724792,-0.20454999804496765,0.8748095035552979,0.5067021250724792,0,0,0,10.0156301,9.9898222,2.552528523821468,299,988,1.7000000476837158,,0,0.801,0.03500000000000003,0.958133971291866,0.351,-0.06449556092206861,0.9797161014516288,0.36471882828595226,classic,0,0,0,none,0,0,0,2.0467517462850573,-0.06449556092206861,0.22647633256090505,0
sensor,1768475690722,2397.840686240697,0,-0.2440129965543747,0.8104755878448486,0.6510939002037048,-0.2440129965543747,0.8104755878448486,0.6510939002037048,0,0,0,10.0156534,9.9897799,2.5398740252460237,297,988.2,1.7000000476837158,,0,0.175,0.9299999999999999,0.1583710407239819,0.04,-0.0705284781418483,0.9629749281155062,0.3830793291799654,classic,0,0,0,none,0,0,0,2.7717821265693865,-0.0705284781418483,0.3555925145528248,0
sensor,1768475692767,2403.709788554266,0,-0.025589779019355774,0.8527835607528687,0.3449648916721344,-0.025589779019355774,0.8527835607528687,0.3449648916721344,0,0,0,10.0156784,9.9897327,2.529079129621077,302,988.1,1.7000000476837158,,0,1.132,0.06000000000000005,0.9496644295302012,0,-0.081591959774254,0.9485887992995891,0.4006747876831526,classic,0,0,0,none,0,0,0,1.4424903381803842,-0.081591959774254,0.12479514992405072,0
sensor,1768475694754,2407.810041991236,0,-0.07903310656547546,0.9077564477920532,0.48334550857543945,-0.07903310656547546,0.9077564477920532,0.48334550857543945,0,0,0,10.0156934,9.9896985,2.5202293614823175,301,987.6,1.7000000476837158,,0,0.127,1.006,0.11209179170344219,0.056,-0.09316762420971635,0.9347346680113615,0.41628624843934525,classic,0,0,0,none,0,0,0,1.3453845807263698,-0.09316762420971635,0.07402167540200416,0
sensor,1768475696754,2412.57558605254,0,-0.1246144250035286,0.8370901346206665,0.5667532086372375,-0.1246144250035286,0.8370901346206665,0.5667532086372375,0,0,0,10.0157151,9.9896610,2.5135549873501355,295,987.6,1.6829999685287476,,0,0.407,0.738,0.35545851528384276,0,-0.10337685774027974,0.9227677717114245,0.42950240639958076,classic,0,0,0,none,0,0,0,2.1572870743932038,-0.10337685774027974,0.16400542621936398,0
sensor,1768475698730,2417.6394204494973,0,0.001942559378221631,0.9180505275726318,0.31284385919570923,0.001942559378221631,0.9180505275726318,0.31284385919570923,0,0,0,10.0157368,9.9896203,2.512230541909684,300,987.9,1.6829999685287476,,0,0.174,0.848,0.17025440313111545,0.116,-0.10760583619835831,0.9152300165201815,0.43458487454874084,classic,0,0,0,none,0,0,0,1.94879193536038,-0.10760583619835831,0.16462078729980828,0
sensor,1768475700755,2422.743595434041,0,-0.17314781248569489,0.8628787994384766,0.4750858247280121,-0.17314781248569489,0.8628787994384766,0.4750858247280121,0,0,0,10.0157618,9.9895812,2.515984311205525,298,988,1.6660000085830688,,0,1.132,0,1,0,-0.11952215324668465,0.9057884323527096,0.44386031026072603,classic,0,0,0,none,0,0,0,1.1197306318814289,-0.11952215324668465,0.07582433810215188,0
sensor,1768475702734,2427.6483188492352,0,-0.11002228409051895,0.829534113407135,0.6244792938232422,-0.11002228409051895,0.829534113407135,0.6244792938232422,0,0,0,10.0157801,9.9895405,2.520601396330315,300,988.2,1.6829999685287476,,0,0.583,0.524,0.5266485998193315,0.058,-0.009324270000255309,0.977832581818331,0.41712541209311,classic,0,0,0,none,0,0,0,3.2646368745284824,-0.009324270000255309,0.2754725250110101,0
sensor,1768475704756,2432.8157956647437,0,-0.09004604071378708,0.9830116033554077,0.3334472179412842,-0.09004604071378708,0.9830116033554077,0.3334472179412842,0,0,0,10.0158084,9.9895030,2.5329513171686577,304,988,1.6829999685287476,,0,0,1.187,0,0,-0.02978165288937042,0.9634114449466019,0.42559477270803964,classic,0,0,0,none,0,0,0,1.4227668018520538,-0.02978165288937042,0.11239728720907578,0
sensor,1768475706738,2437.627629307195,0,-0.15203969180583954,0.7813065648078918,0.48253485560417175,-0.15203969180583954,0.7813065648078918,0.48253485560417175,0,0,0,10.0158334,9.9894672,2.543763926477468,301,988.1,1.7000000476837158,,0,1.163,0,1,0,-0.054093884033202394,0.9422984907910511,0.43937318329340597,classic,0,0,0,none,0,0,0,2.1148934018238608,-0.054093884033202394,0.19429688744641596,0
sensor,1768475708753,2442.793460433233,0,-0.13766169548034668,0.8117910027503967,0.5214778184890747,-0.13766169548034668,0.8117910027503967,0.5214778184890747,0,0,0,10.0158568,9.9894264,2.5499870783171725,301,988.1,1.7000000476837158,,0,0.699,0.4080000000000001,0.6314363143631436,0.058,-0.07025780714184811,0.930510035616907,0.44474155474841853,classic,0,0,0,none,0,0,0,2.3351382709234048,-0.07025780714184811,0.15739459443673398,0
sensor,1768475710737,2448.2908894604507,0,0.04385289549827576,0.9219204187393188,0.494052529335022,0.04385289549827576,0.9219204187393188,0.494052529335022,0,0,0,10.0158834,9.9893841,2.5539993866807986,302,988.1,1.7000000476837158,,0,0.177,0.9869999999999999,0.1520618556701031,0,-0.0795082170246421,0.9243028232222943,0.44215813573833546,classic,0,0,0,none,0,0,0,1.9217126326675884,-0.0795082170246421,0.1345257873634315,0
sensor,1768475712739,2453.0354699339628,0,-0.23963843286037445,0.8701289892196655,0.47722721099853516,-0.23963843286037445,0.8701289892196655,0.47722721099853516,0,0,0,10.0159018,9.9893450,2.557255435361043,300,987.9,1.7000000476837158,,0,0,1.135,0,0,-0.0980693352301295,0.911584585276931,0.4531220906561973,classic,0,0,0,none,0,0,0,1.1424848317253269,-0.0980693352301295,0.15022161578873763,0
sensor,1768475714763,2458.254849752328,0,-0.1772317886352539,0.7726339101791382,0.5648258924484253,-0.1772317886352539,0.7726339101791382,0.5648258924484253,0,0,0,10.0159234,9.9893027,2.557337091148997,303,987.6,1.7000000476837158,,0,0.818,0.348,0.7015437392795884,0,-0.10317085304726023,0.9036717020728634,0.4613305388878064,classic,0,0,0,none,0,0,0,1.922300475062794,-0.10317085304726023,0.1835848707155006,0
sensor,1768475716734,2463.1783097424805,0,0.08086860179901123,0.9489479660987854,0.36383986473083496,0.08086860179901123,0.9489479660987854,0.36383986473083496,0,0,0,10.0159501,9.9892668,2.55651235132706,304,987.1,1.7000000476837158,,0,0.175,1.013,0.1473063973063973,0,-0.08034469016189118,0.9445300574154158,0.6002496913330542,classic,0,0,0,none,0,0,0,2.623776370770888,-0.08034469016189118,0.2876178395928816,0
sensor,1768475718752,2467.754457050592,0,-0.24248343706130981,0.8635977506637573,0.5049583911895752,-0.24248343706130981,0.8635977506637573,0.5049583911895752,0,0,0,10.0159684,9.9892294,2.556362569114528,302,987.1,1.7000000476837158,,0,0.174,0.14400000000000013,0.5471698113207545,0.8,-0.07770816459973584,0.9500965314372017,0.43400166600721773,classic,0,0,0,none,0,0,0,1.6441882188598147,-0.07770816459973584,0.20016857706605276,0
sensor,1768475720735,2473.114493526521,0,-0.15061718225479126,0.8514681458473206,0.5001708269119263,-0.15061718225479126,0.8514681458473206,0.5001708269119263,0,0,0,10.0159951,9.9891887,2.5546280834283266,305,986.9,1.7000000476837158,,0,0.186,0.98,0.1595197255574614,0,-0.08706743381259889,0.937974487205063,0.44099859467816466,classic,0,0,0,none,0,0,0,1.920870791640649,-0.08706743381259889,0.12318537941151741,0
sensor,1768475722763,2478.372190959774,0,-0.2504372000694275,0.8143454194068909,0.3917698860168457,-0.2504372000694275,0.8143454194068909,0.3917698860168457,0,0,0,10.0160201,9.9891479,2.5536284357261945,300,986.9,1.6829999685287476,,0,0.234,0.9319999999999999,0.20068610634648373,0,-0.06652449003069816,0.9501865303456015,0.2970940338368113,classic,0,0,0,none,0,0,0,1.8668904756419462,-0.06652449003069816,0.24871114820693427,0
sensor,1768475724753,2483.433301687875,0,-0.1604064553976059,0.8697159886360168,0.4209388792514801,-0.1604064553976059,0.8697159886360168,0.4209388792514801,0,0,0,10.0160468,9.9891105,2.553302401876254,302,987.9,1.6829999685287476,,0,0.35,0.7959999999999999,0.3054101221640489,0,-0.08477037734526735,0.932034750684669,0.33247490773733224,classic,0,0,0,none,0,0,0,1.9880832632115915,-0.08477037734526735,0.1326873690030598,0
sensor,1768475726730,2488.064581934653,0,-0.24055615067481995,0.7793640494346619,0.35333168506622314,-0.24055615067481995,0.7793640494346619,0.35333168506622314,0,0,0,10.0160734,9.9890779,2.5504910030036285,306,988.1,1.6660000085830688,,0,0,1.146,0,0,-0.09676811192212872,0.9208059994399025,0.35514339645991805,classic,0,0,0,none,0,0,0,2.195663972788129,-0.09676811192212872,0.20271660134757602,0
sensor,1768475728756,2493.1343590069555,0,-0.20078721642494202,0.8118980526924133,0.5601301193237305,-0.20078721642494202,0.8118980526924133,0.5601301193237305,0,0,0,10.0161001,9.9890404,2.548068609080655,308,987.7,1.6829999685287476,,0,1.091,0.03600000000000003,0.9680567879325643,0,-0.10371851421251181,0.9138523720384821,0.3734004125919282,classic,0,0,0,none,0,0,0,1.9133309274682633,-0.10371851421251181,0.23502335722996956,0
sensor,1768475730739,2498.4473057849837,0,-0.0088715311139822,0.8597278594970703,0.5472816824913025,-0.0088715311139822,0.8597278594970703,0.5472816824913025,0,0,0,10.0161284,9.9890013,2.550925571647377,310,987.8000000000001,1.6829999685287476,,0,0.582,0.584,0.49914236706689535,0,-0.1172520932147975,0.9045556375769445,0.3878235917185748,classic,0,0,0,none,0,0,0,1.180010379540229,-0.1172520932147975,0.19894105822989552,0
sensor,1768475732741,2503.3622364554744,0,-0.10359807312488556,0.8147583603858948,0.5223954916000366,-0.10359807312488556,0.8147583603858948,0.5223954916000366,0,0,0,10.0161551,9.9889656,2.5523458540076427,307,987.6,1.7000000476837158,,0,0.092,1.101,0.07711651299245599,0,-0.12212335930800981,0.9011343640294801,0.4039699363228586,classic,0,0,0,none,0,0,0,1.509278106037708,-0.12212335930800981,0.1484875302136004,0
sensor,1768475734737,2508.2856982214116,0,-0.28266534209251404,0.7789663672447205,0.5594112277030945,-0.28266534209251404,0.7789663672447205,0.5594112277030945,0,0,0,10.0161818,9.9889297,2.552109559256476,303,987.6,1.7000000476837158,,0,0.234,0.865,0.21292083712465878,0.056,-0.1266355057203887,0.8970325687588053,0.4178272591165492,classic,0,0,0,none,0,0,0,1.7956164217495751,-0.1266355057203887,0.2427316866193848,0
sensor,1768475736731,2513.2024633365354,0,0.015907572582364082,0.9096838235855103,0.44285768270492554,0.015907572582364082,0.9096838235855103,0.44285768270492554,0,0,0,10.0162084,9.9888938,2.551737302905678,308,987.4,1.7000000476837158,,0,0.9,0.2639999999999999,0.7731958762886598,0,-0.12941558295714975,0.8931970733491483,0.42620079011432654,classic,0,0,0,none,0,0,0,1.9284364430337704,-0.12941558295714975,0.14794053330307347,0
sensor,1768475738792,2518.2635753852906,0,-0.12042339146137238,0.8683852553367615,0.5289267897605896,-0.12042339146137238,0.8683852553367615,0.5289267897605896,0,0,0,10.0162351,9.9888564,2.547345794950876,308,986.8000000000001,1.6829999685287476,,0,0.464,0.7,0.39862542955326463,0,-0.13320664824038295,0.8863443264448227,0.44157638410962474,classic,0,0,0,none,0,0,0,1.2373322495507113,-0.13320664824038295,0.09054173830295319,0
sensor,1768475740743,2523.1870402561744,0,-0.21822437644004822,0.8221004009246826,0.5227014422416687,-0.21822437644004822,0.8221004009246826,0.5227014422416687,0,0,0,10.0162618,9.9888205,2.534799590481892,311,986.8000000000001,1.6660000085830688,,0,0.117,0.8150000000000001,0.1255364806866953,0.233,-0.13686540055485913,0.8830649791628853,0.4442313041854143,classic,0,0,0,none,0,0,0,1.7472125563074408,-0.13686540055485913,0.1290724830847604,0
sensor,1768475742759,2528.577103086662,0,-0.24564965069293976,0.839017391204834,0.4496948719024658,-0.24564965069293976,0.839017391204834,0.4496948719024658,0,0,0,10.0162951,9.9887848,2.5288578957920893,304,987.4,1.649999976158142,,0,0,1.297,0,0,-0.1359918658542287,0.8849335661791272,0.4426274232160698,classic,0,0,0,none,0,0,0,1.8937933071179245,-0.1359918658542287,0.11969116648651838,0
sensor,1768475744737,2533.8701365730876,0,-0.2371910959482193,0.902953565120697,0.39034736156463623,-0.2371910959482193,0.902953565120697,0.39034736156463623,0,0,0,10.0163251,9.9887473,2.528980615541149,307,987.9,1.6660000085830688,,0,1.032,0.05899999999999994,0.9459211732355638,0,-0.14666093457410914,0.8783788102679212,0.4492813465711773,classic,0,0,0,none,0,0,0,0.9577189818694101,-0.14666093457410914,0.11133956329325223,0
sensor,1768475746738,2538.762228316691,0,-0.16936977207660675,0.885118842124939,0.5119944214820862,-0.16936977207660675,0.885118842124939,0.5119944214820862,0,0,0,10.0163534,9.9887131,2.5306074784142263,308,988.3000000000001,1.6829999685287476,,0,0.816,0.174,0.8242424242424242,0.176,-0.14701684909691487,0.8778414638866047,0.4535100680553653,classic,0,0,0,none,0,0,0,1.3789962452370985,-0.14701684909691487,0.06334874349139255,0
sensor,1768475748757,2543.281960639482,0,-0.22434267401695251,0.8260772228240967,0.547480583190918,-0.22434267401695251,0.8260772228240967,0.547480583190918,0,0,0,10.0163784,9.9886805,2.5331881843085395,311,988,1.7000000476837158,,0,0.725,0.32499999999999996,0.6904761904761906,0.116,-0.03492635167182836,1.0006611388187474,0.3841238915393892,classic,0,0,0,none,0,0,0,2.814761121801821,-0.03492635167182836,0.30656313482636277,0
sensor,1768475750756,2548.889619320267,0,0.015295743942260742,1.0316519737243652,0.243707075715065,0.015295743942260742,1.0316519737243652,0.243707075715065,0,0,0,10.0164068,9.9886382,2.543368512461879,307,988.4,1.7000000476837158,,0,0.275,0.8669999999999999,0.2408056042031524,0,-0.055782860219097556,0.9775662106911769,0.4009332252329786,classic,0,0,0,none,0,0,0,1.5680864373580448,-0.055782860219097556,0.1817331658969218,0
sensor,1768475752795,2554.3026025736585,0,-0.19792692363262177,0.8499386310577393,0.5095471143722534,-0.19792692363262177,0.8499386310577393,0.5095471143722534,0,0,0,10.0164318,9.9885958,2.547670649720016,305,988.4,1.7000000476837158,,0,1.152,0,1,0,-0.0709343653292518,0.9589263562004257,0.42252810579837546,classic,0,0,0,none,0,0,0,2.318924419048762,-0.0709343653292518,0.1895684720628823,0
sensor,1768475754725,2559.406791872717,0,-0.15326334536075592,0.8233239650726318,0.6047937273979187,-0.15326334536075592,0.8233239650726318,0.6047937273979187,0,0,0,10.0164568,9.9885567,2.5447910176984885,307,988.4,1.7000000476837158,,0,0.35,0.785,0.3083700440528634,0.058,-0.08276067769753172,0.9469910314079869,0.43027396616969826,classic,0,0,0,none,0,0,0,2.286588461154473,-0.08276067769753172,0.22634566328221029,0
sensor,1768475756741,2564.2988845824966,0,0.016213487833738327,0.9423249363899231,0.4498019516468048,0.016213487833738327,0.9423249363899231,0.4498019516468048,0,0,0,10.0164851,9.9885225,2.5409240796580703,303,988.3000000000001,1.7000000476837158,,0,0.503,0.634,0.44239226033421286,0,-0.09298791462031224,0.9026160844112677,0.41435453705879893,classic,0,0,0,none,0,0,0,2.606576683289867,-0.09298791462031224,0.1220940428666398,0
sensor,1768475758731,2569.568317476201,0,-0.14102675020694733,0.8589019179344177,0.4763094484806061,-0.14102675020694733,0.8589019179344177,0.4763094484806061,0,0,0,10.0165168,9.9884867,2.5359952275552717,310,988.3000000000001,1.7000000476837158,,0,0.176,0.9710000000000001,0.15344376634699214,0,-0.11300766621552118,0.8917230591420889,0.4326036749654303,classic,0,0,0,none,0,0,0,1.41321548667518,-0.11300766621552118,0.06172925369343752,0
sensor,1768475760801,2574.580622980103,0,-0.24993246793746948,0.8254654407501221,0.46060073375701904,-0.24993246793746948,0.8254654407501221,0.46060073375701904,0,0,0,10.0165484,9.9884541,2.525409551015693,306,988.9,1.7000000476837158,,0,0.048,1.1219999999999999,0.041025641025641026,0,-0.11856089435657531,0.8866853504682181,0.4413767056762645,classic,0,0,0,none,0,0,0,1.1637664002364991,-0.11856089435657531,0.1469397978973626,0
sensor,1768475762829,2579.865353553804,0,-0.25839099287986755,0.7594795823097229,0.5124074220657349,-0.25839099287986755,0.7594795823097229,0.5124074220657349,0,0,0,10.0165784,9.9884167,2.51168560725159,302,988.9,1.7000000476837158,,0,0.103,0.9089999999999999,0.10177865612648221,0.13,-0.12405661443646206,0.8855599570122534,0.44761618482757487,classic,0,0,0,none,0,0,0,1.3752124061019904,-0.12405661443646206,0.19627574767861136,0
sensor,1768475764732,2584.9264744672523,0,0.030086729675531387,0.9696430563926697,0.28225234150886536,0.030086729675531387,0.9696430563926697,0.28225234150886536,0,0,0,10.0166051,9.9883792,2.501016933050792,305,988.7,1.6829999685287476,,0,0.442,0.7030000000000001,0.3860262008733624,0,-0.12495352120572562,0.8830466871420938,0.45464845450291236,classic,0,0,0,none,0,0,0,1.3581962158652985,-0.12495352120572562,0.2487448968778984,0
sensor,1768475766761,2589.849945045791,0,-0.2511560916900635,0.8493267297744751,0.5364676117897034,-0.2511560916900635,0.8493267297744751,0.5364676117897034,0,0,0,10.0166318,9.9883434,2.4943442860465157,307,989.2,1.6660000085830688,,0,0.434,0.6160000000000001,0.41333333333333333,0.115,-0.13427542619513536,0.8775717184574031,0.459159577336026,classic,0,0,0,none,0,0,0,1.3455536792225922,-0.13427542619513536,0.14367079903662683,0
sensor,1768475768746,2594.904548580027,0,-0.13418956100940704,0.8543131947517395,0.5333166718482971,-0.13418956100940704,0.8543131947517395,0.5333166718482971,0,0,0,10.0166584,9.9883059,2.4903651920020535,308,989.9,1.6660000085830688,,0,0.583,0.49999999999999994,0.5383194829178208,0.059,-0.07995212296952446,0.907108520825344,0.3333012513404043,classic,0,0,0,none,0,0,0,2.5381540471127435,-0.07995212296952446,0.21493259380465424,0
sensor,1768475770730,2599.944261949608,0,-0.24779103696346283,0.8766449689865112,0.3806651532649994,-0.24779103696346283,0.8766449689865112,0.3806651532649994,0,0,0,10.0166868,9.9882701,2.487621907164094,304,990.3000000000001,1.6829999685287476,,0,0.29,0.754,0.27777777777777773,0.117,0.00070583625644836,0.964363563671723,0.2344632010696306,classic,0,0,0,none,0,0,0,2.656428462184751,0.00070583625644836,0.3028783889306202,0
sensor,1768475772886,2604.8968608679465,0,-0.05272442847490311,0.9574064612388611,0.331106960773468,-0.05272442847490311,0.9574064612388611,0.331106960773468,0,0,0,10.0167118,9.9882327,2.4897732402950115,304,989.9,1.7000000476837158,,0,0.981,0.18299999999999994,0.8427835051546392,0,-0.0259094244121967,0.9471153777634083,0.2828246009477723,classic,0,0,0,none,0,0,0,2.183614394957385,-0.0259094244121967,0.056461817024581175,0
sensor,1768475774745,2609.2033039218263,0,-0.11146008223295212,0.8834821581840515,0.5595183372497559,-0.11146008223295212,0.8834821581840515,0.5595183372497559,0,0,0,10.0167334,9.9882000,2.488259290672715,304,990,1.6660000085830688,,0,0.137,0.947,0.12638376383763839,0.051,-0.04527113030286443,0.9356544894035276,0.3114261431489745,classic,0,0,0,none,0,0,0,2.450766524855184,-0.04527113030286443,0.26333320419407485,0
sensor,1768475776761,2614.058273271398,0,-0.22688175737857819,0.7770237922668457,0.5216919183731079,-0.22688175737857819,0.7770237922668457,0.5216919183731079,0,0,0,10.0167568,9.9881626,2.483241898752892,307,989.6,1.6330000162124634,,0,0.914,0.23299999999999998,0.7968613775065388,0,-0.06278063995647494,0.9240371873795847,0.3407145726938966,classic,0,0,0,none,0,0,0,3.1588309693673327,-0.06278063995647494,0.28655540807983454,0
sensor,1768475778742,2618.6126812642115,0,-0.1662188470363617,0.8632918000221252,0.49547502398490906,-0.1662188470363617,0.8632918000221252,0.49547502398490906,0,0,0,10.0167801,9.9881284,2.4770201000620164,305,989.6,1.6160000562667847,,0,0.468,0.6970000000000001,0.4017167381974249,0,-0.06795688261759397,0.918373051129302,0.35787899993395395,classic,0,0,0,none,0,0,0,2.222276869864176,-0.06795688261759397,0.17871942118555365,0
sensor,1768475780765,2623.7801719184445,0,-0.11532990634441376,0.8419848084449768,0.563082218170166,-0.11532990634441376,0.8419848084449768,0.563082218170166,0,0,0,10.0168084,9.9880910,2.475474389842541,306,989.5,1.6330000162124634,,0,0.408,0.744,0.3541666666666667,0,-0.08418344933416486,0.9033493519776494,0.38473082620305554,classic,0,0,0,none,0,0,0,1.5898135576474293,-0.08418344933416486,0.19212791713039926,0
sensor,1768475782761,2628.491477557233,0,-0.14572255313396454,0.8399351239204407,0.3558860719203949,-0.14572255313396454,0.8399351239204407,0.3558860719203949,0,0,0,10.0168318,9.9880551,2.4731792019876626,307,989.1,1.6660000085830688,,0,0.044,1.162,0.03648424543946932,0,-0.09422389629407543,0.896330914936861,0.40403495629713815,classic,0,0,0,none,0,0,0,2.059369712991206,-0.09422389629407543,0.09073608161342613,0
sensor,1768475784739,2633.3033238916987,0,-0.19670327007770538,0.8328991532325745,0.5260665416717529,-0.19670327007770538,0.8328991532325745,0.5260665416717529,0,0,0,10.0168568,9.9880192,2.4742311247532824,310,989.1,1.6829999685287476,,0,0.619,0.528,0.5396687009590235,0,-0.10022727334784007,0.8941974840422078,0.41534480581901323,classic,0,0,0,none,0,0,0,1.5781376765344535,-0.10022727334784007,0.15993611921183346,0
sensor,1768475786775,2638.730378906713,0,-0.03905003145337105,0.8665497899055481,0.46671900153160095,-0.03905003145337105,0.8665497899055481,0.46671900153160095,0,0,0,10.0168868,9.9879801,2.477687213993763,304,988.2,1.7000000476837158,,0,0.7,0.45500000000000007,0.606060606060606,0,-0.11383345341747378,0.8858454035492753,0.4312775198856639,classic,0,0,0,none,0,0,0,0.9446855999601289,-0.11383345341747378,0.085403363691031,0
sensor,1768475788731,2643.6386149555733,0,-0.13899242877960205,0.8267807960510254,0.5553425550460815,-0.13899242877960205,0.8267807960510254,0.5553425550460815,0,0,0,10.0169134,9.9879444,2.482177719837158,305,987.3000000000001,1.6829999685287476,,0,0.131,1.105,0.10598705501618123,0.059,-0.11735293976109665,0.8831857061178304,0.44121170572432183,classic,0,0,0,none,0,0,0,1.3804380083326526,-0.11735293976109665,0.12978307869479633,0
sensor,1768475790767,2649.151066938963,0,-0.21831615269184113,0.8209683895111084,0.6162196397781372,-0.21831615269184113,0.8209683895111084,0.6162196397781372,0,0,0,10.0169401,9.9879020,2.482204844888935,301,987.6,1.6829999685287476,,0,0.176,0.6390000000000001,0.21595092024539872,0.35,-0.12322567478923997,0.8821401779917136,0.4476852149763102,classic,0,0,0,none,0,0,0,1.545026308109729,-0.12322567478923997,0.2039682064777494,0
sensor,1768475792801,2654.0431702643673,0,0.10248147696256638,0.9988120198249817,0.3898426294326782,0.10248147696256638,0.9988120198249817,0.3898426294326782,0,0,0,10.0169684,9.9878678,2.481263935130341,305,987.7,1.6660000085830688,,0,0,1.139,0,0,-0.12503911460840325,0.883251341466501,0.4504974089033539,classic,0,0,0,none,0,0,0,2.9311974574682846,-0.12503911460840325,0.2636134968077548,0
sensor,1768475794733,2659.362724643684,0,-0.1489805430173874,0.8533036708831787,0.563801109790802,-0.1489805430173874,0.8533036708831787,0.563801109790802,0,0,0,10.0169968,9.9878287,2.481990575360086,303,987.8000000000001,1.649999976158142,,0,0.229,0.9349999999999999,0.19673539518900346,0,-0.13537841132782555,0.8776442996008527,0.4584632409492657,classic,0,0,0,none,0,0,0,1.1859253745570637,-0.13537841132782555,0.10951339097759955,0
sensor,1768475796747,2664.513737485909,0,-0.09391586482524872,1.030015468597412,0.6023463606834412,-0.09391586482524872,1.030015468597412,0.6023463606834412,0,0,0,10.0170201,9.9877880,2.4840622928481477,304,987.8000000000001,1.649999976158142,,0,0.641,0.29200000000000004,0.6870310825294748,0.232,-0.07771920478839943,0.8802041728915875,0.294469472977602,classic,0,0,0,none,0,0,0,2.910874338202128,-0.07771920478839943,0.34449636370106823,0
sensor,1768475798746,2669.4277361565355,0,-0.19904351234436035,0.8519729375839233,0.5601301193237305,-0.19904351234436035,0.8519729375839233,0.5601301193237305,0,0,0,10.0170418,9.9877489,2.488531418774305,302,987.5,1.649999976158142,,0,0.285,0.855,0.25,0,-0.08892581960355203,0.8789813588284232,0.3233267022178777,classic,0,0,0,none,0,0,0,2.3989069048925393,-0.08892581960355203,0.26386689095777355,0
sensor,1768475800752,2674.460493828042,0,-0.07575982064008713,0.8419848084449768,0.4982282519340515,-0.07575982064008713,0.8419848084449768,0.4982282519340515,0,0,0,10.0170701,9.9877131,2.4959601205157442,303,987.9,1.6660000085830688,,0,0.232,0.8979999999999999,0.20530973451327436,0,-0.10527177248328111,0.872863140600054,0.3533832287928946,classic,0,0,0,none,0,0,0,1.6613396965125555,-0.10527177248328111,0.15177046587960333,0
sensor,1768475803017,2679.4642535675166,0,-0.14714504778385162,0.8537012934684753,0.5373854041099548,-0.14714504778385162,0.8537012934684753,0.5373854041099548,0,0,0,10.0170934,9.9876740,2.5020256269317787,305,987.7,1.649999976158142,,0,1.107,0.05899999999999994,0.9493996569468268,0,-0.113520781959843,0.8718584097053188,0.3779392958516529,classic,0,0,0,none,0,0,0,2.12185156542329,-0.113520781959843,0.1647853047840458,0
sensor,1768475804764,2684.63010958055,0,-0.18833649158477783,0.8297482132911682,0.5723667144775391,-0.18833649158477783,0.8297482132911682,0.5723667144775391,0,0,0,10.0171168,9.9876332,2.508797516649007,304,988.1,1.6660000085830688,,0,0.816,0.33999999999999997,0.7058823529411765,0,-0.009584618857299654,0.9420147851193523,0.3378884369526099,classic,0,0,0,none,0,0,0,3.4119515756820347,-0.009584618857299654,0.31707878177093185,0
sensor,1768475806746,2689.5222117398894,0,-0.01570872962474823,1.0112475156784058,0.38403022289276123,-0.01570872962474823,1.0112475156784058,0.38403022289276123,0,0,0,10.0171451,9.9875990,2.5153330761204686,305,988.6,1.6660000085830688,,0,0.815,0.3340000000000001,0.7093124456048737,0,-0.029515009434574538,0.9339048329400642,0.35373224618467675,classic,0,0,0,none,0,0,0,1.5607675552897116,-0.029515009434574538,0.0846280768664328,0
sensor,1768475808737,2693.89512030611,0,-0.08759872615337372,0.8656320571899414,0.5677779912948608,-0.08759872615337372,0.8656320571899414,0.5677779912948608,0,0,0,10.0171718,9.9875697,2.5251964421579833,304,989.3000000000001,1.6660000085830688,,0,0.118,1.048,0.10120068610634649,0,-0.05518830129461926,0.9199413017320518,0.3809350611305283,classic,0,0,0,none,0,0,0,2.2978079128551836,-0.05518830129461926,0.19824795126356506,0
sensor,1768475810748,2698.698239309476,0,-0.17732356488704681,0.8352546691894531,0.5095471143722534,-0.17732356488704681,0.8352546691894531,0.5095471143722534,0,0,0,10.0171968,9.9875339,2.5339294369574485,302,989.7,1.649999976158142,,0,0.119,1.029,0.10365853658536586,0,-0.06683795986135879,0.9139973246416452,0.39745532533823263,classic,0,0,0,none,0,0,0,2.044318381815377,-0.06683795986135879,0.17687312627934948,0
sensor,1768475812872,2704.417141267036,0,-0.21617473661899567,0.8447380065917969,0.5810394287109375,-0.21617473661899567,0.8447380065917969,0.5810394287109375,0,0,0,10.0172218,9.9874883,2.5425406114034055,302,989.5,1.6660000085830688,,0,0.235,0.9309999999999999,0.20154373927958832,0,-0.10691861159774942,0.8844544492674876,0.16592721574222566,classic,0,0,0,none,0,0,0,3.7166591857928797,-0.10691861159774942,0.43324912166494894,0
sensor,1768475814709,2710.275524264815,0,-0.1365451067686081,0.8552309274673462,0.4562261402606964,-0.1365451067686081,0.8552309274673462,0.4562261402606964,0,0,0,10.0172518,9.9874443,2.5531730185436645,303,988.9,1.6829999685287476,,0,0.057,1.108,0.048927038626609444,0,-0.12004520596595986,0.9166438800709248,0.36869471979122154,classic,0,0,0,none,0,0,0,1.3126978049152755,-0.12004520596595986,0.10873585572122428,0
sensor,1768475816748,2714.879329532974,0,-0.16163012385368347,0.8406540751457214,0.5289267897605896,-0.16163012385368347,0.8406540751457214,0.5289267897605896,0,0,0,10.0172734,9.9874085,2.559300756164816,298,989,1.7000000476837158,,0,0.541,0.6269999999999999,0.46318493150684936,0,-0.12335912791129945,0.9100486694824593,0.389552216851127,classic,0,0,0,none,0,0,0,1.9965093896189525,-0.12335912791129945,0.16113518169978325,0
sensor,1768475818730,2720.193810196565,0,-0.2660388648509979,0.8301458954811096,0.5571780800819397,-0.2660388648509979,0.8301458954811096,0.5571780800819397,0,0,0,10.0172968,9.9873662,2.5601742340943066,299,988.2,1.7000000476837158,,0,0.147,1.018,0.12618025751072962,0,-0.07598511684501023,0.926575798090556,0.5490122113428524,classic,0,0,0,none,0,0,0,1.702637070198724,-0.07598511684501023,0.21434581248715665,0
sensor,1768475820769,2724.7482300271904,0,-0.02580391801893711,0.8623740673065186,-0.08117450773715973,-0.02580391801893711,0.8623740673065186,-0.08117450773715973,0,0,0,10.0173201,9.9873320,2.5579807976177187,297,988.2,1.6829999685287476,,0,0.348,0.29000000000000004,0.5454545454545454,0.525,-0.06960013746519313,0.9010459936551013,0.35402826373861124,classic,0,0,0,none,0,0,0,1.769878291243086,-0.06960013746519313,0.6272959120514846,0
sensor,1768475822876,2729.357839316942,0,-0.1946689337491989,0.8512539863586426,0.43551573157310486,-0.1946689337491989,0.8512539863586426,0.43551573157310486,0,0,0,10.0173418,9.9872961,2.5526714482900257,298,988,1.649999976158142,,0,1.001,5.551115123125783e-17,1,0.179,-0.07475071986456708,0.9114969421535885,0.3584232689405193,classic,0,0,0,none,0,0,0,1.6813900436938622,-0.07475071986456708,0.1555447731331007,0
sensor,1768475824752,2734.3616004405735,0,-0.2260710746049881,0.7749894261360168,0.49446550011634827,-0.2260710746049881,0.7749894261360168,0.49446550011634827,0,0,0,10.0173651,9.9872570,2.5388076109739464,299,987.8000000000001,1.649999976158142,,0,0.524,0.641,0.4497854077253219,0,-0.08780303831175325,0.9056967824069612,0.375954536599856,classic,0,0,0,none,0,0,0,2.5193580543559,-0.08780303831175325,0.22528554827259242,0
sensor,1768475826765,2739.5861373447096,0,-0.3079492151737213,0.819347083568573,0.2832771837711334,-0.3079492151737213,0.819347083568573,0.2832771837711334,0,0,0,10.0173868,9.9872147,2.5255913123014917,299,987.7,1.6660000085830688,,0,0.134,0.9900000000000001,0.1192170818505338,0.057,-0.09954059600729841,0.902279462095389,0.38924760260636565,classic,0,0,0,none,0,0,0,2.0042609398112203,-0.09954059600729841,0.24932253172187666,0
sensor,1768475828751,2744.843857137225,0,-0.28093692660331726,0.8667639493942261,0.4443872272968292,-0.28093692660331726,0.8667639493942261,0.4443872272968292,0,0,0,10.0174118,9.9871739,2.5146843861143315,301,987.2,1.7000000476837158,,0,0.17,0.9999999999999999,0.1452991452991453,0,-0.1171881567944552,0.8943786263719045,0.40734325319064346,classic,0,0,0,none,0,0,0,1.4419791760456415,-0.1171881567944552,0.1709975338358479,0
sensor,1768475830770,2749.3480882254603,0,-0.1483687162399292,0.9477242827415466,0.3679085373878479,-0.1483687162399292,0.9477242827415466,0.3679085373878479,0,0,0,10.0174318,9.9871382,2.5031521290281074,299,987.6,1.7000000476837158,,0,0.177,0.9329999999999998,0.15945945945945947,0.056,-0.12284237179854089,0.8909256189281173,0.4182859945103617,classic,0,0,0,none,0,0,0,1.6039116961756736,-0.12284237179854089,0.0804997562728795,0
sensor,1768475832951,2754.1720813343923,0,-0.34771814942359924,0.7869201302528381,0.6215119361877441,-0.34771814942359924,0.7869201302528381,0.6215119361877441,0,0,0,10.0174518,9.9870991,2.493062962911183,301,988,1.7000000476837158,,0,0.115,1.137,0.09185303514376997,0,-0.12995889686727957,0.8859865523822296,0.4287524130699491,classic,0,0,0,none,0,0,0,1.6151312411152356,-0.12995889686727957,0.3087725754351094,0
sensor,1768475834736,2759.476657834518,0,-0.029780812561511993,1.0220615863800049,0.46671900153160095,-0.029780812561511993,1.0220615863800049,0.46671900153160095,0,0,0,10.0174718,9.9870551,2.4868315868795667,299,988.3000000000001,1.7000000476837158,,0,0.29,0.8579999999999999,0.25261324041811845,0,-0.1346509897337001,0.8823458038354757,0.4395056759651094,classic,0,0,0,none,0,0,0,1.4855991328513025,-0.1346509897337001,0.17769008799046868,0
sensor,1768475836767,2763.832807175949,0,-0.13807468116283417,0.8183223009109497,0.5438095331192017,-0.13807468116283417,0.8183223009109497,0.5438095331192017,0,0,0,10.0174918,9.9870209,2.4786037198849584,300,988.4,1.6829999685287476,,0,1.108,0.05799999999999983,0.9502572898799315,0,-0.13945073404666208,0.8783322315716343,0.44781402804143555,classic,0,0,0,none,0,0,0,0.9739765259598088,-0.13945073404666208,0.11378652087836401,0
sensor,1768475838747,2768.9008057354918,0,-0.2492135614156723,0.8382067680358887,0.4265523850917816,-0.2492135614156723,0.8382067680358887,0.4265523850917816,0,0,0,10.0175134,9.9869802,2.4686278962001262,297,988.5,1.6660000085830688,,0,0.119,0.8160000000000001,0.12727272727272726,0.23,-0.14012432897659424,0.8766480869413638,0.45309079332450497,classic,0,0,0,none,0,0,0,1.4470733987937021,-0.14012432897659424,0.11926596683059072,0
sensor,1768475840784,2773.657163500875,0,-0.22403675317764282,0.7852834463119507,0.503337025642395,-0.22403675317764282,0.7852834463119507,0.503337025642395,0,0,0,10.0175351,9.9869427,2.461717321523887,298,988.9,1.649999976158142,,0,0.409,0.7569999999999999,0.3507718696397942,0,-0.027610913204895133,0.9633266361478012,0.2821426924338046,classic,0,0,0,none,0,0,0,3.049718477014448,-0.027610913204895133,0.3470021844262411,0
sensor,1768475842935,2778.8067865807234,0,-0.14511071145534515,0.8774709105491638,0.39952483773231506,-0.14511071145534515,0.8774709105491638,0.39952483773231506,0,0,0,10.0175551,9.9869003,2.461063722177969,299,988.4,1.6330000162124634,,0,0.623,0.542,0.534763948497854,0,-0.11644733500738416,0.9087045173013564,0.44962464620204945,classic,0,0,0,none,0,0,0,1.099659583767089,-0.11644733500738416,0.06595843032775975,0
sensor,1768475844747,2783.721737830385,0,-0.16927799582481384,1.0370513200759888,0.4325636327266693,-0.16927799582481384,1.0370513200759888,0.4325636327266693,0,0,0,10.0175818,9.9868646,2.4580987011883195,299,988.1,1.6330000162124634,,0,0.289,0.8460000000000001,0.25462555066079295,0,-0.12270227339003657,0.9042985471215521,0.45780470680654295,classic,0,0,0,none,0,0,0,1.76624453039005,-0.12270227339003657,0.14365078510059723,0
sensor,1768475846742,2788.638523760241,0,-0.26889917254447937,0.8136265277862549,0.47672244906425476,-0.26889917254447937,0.8136265277862549,0.47672244906425476,0,0,0,10.0176084,9.9868287,2.455399793992072,298,987.9,1.649999976158142,,0,0.117,1.049,0.10034305317324187,0,-0.12800499916997995,0.9014994775197822,0.4540932451056236,classic,0,0,0,none,0,0,0,1.654085708870848,-0.12800499916997995,0.16842765152639833,0
sensor,1768475848747,2793.7427292672714,0,-0.027333494275808334,0.930394172668457,0.4221625328063965,-0.027333494275808334,0.930394172668457,0.4221625328063965,0,0,0,10.0176334,9.9867896,2.456019160969888,300,987.4,1.6660000085830688,,0,0,1.166,0,0,-0.13678946565617708,0.8914637863389182,0.4666771028134612,classic,0,0,0,none,0,0,0,1.590691415072776,-0.13678946565617708,0.1250347052894965,0
sensor,1768475850730,2798.242620291036,0,-0.10420989990234375,0.8551391363143921,0.45255517959594727,-0.10420989990234375,0.8551391363143921,0.45255517959594727,0,0,0,10.0176501,9.9867522,2.4538082169175914,299,988,1.6660000085830688,,0,0.872,0.12099999999999991,0.8781470292044311,0.171,-0.04059032621381902,0.9392246580010204,0.35247665468531675,classic,0,0,0,none,0,0,0,2.2550781882090076,-0.04059032621381902,0.14610430271883687,0
sensor,1768475852944,2803.0666175243123,0,-0.23055274784564972,0.7882355451583862,0.5644129514694214,-0.23055274784564972,0.7882355451583862,0.5644129514694214,0,0,0,10.0176701,9.9867131,2.445965677976364,300,988.3000000000001,1.6660000085830688,,0,0.403,0.63,0.3901258470474347,0.116,-0.05812746915650013,0.9060724272528422,0.21712836615996567,classic,0,0,0,none,0,0,0,3.8354010375447123,-0.05812746915650013,0.4072802670585561,0
sensor,1768475854779,2807.9806249313956,0,0.1728419065475464,1.1826668977737427,0.37668827176094055,0.1728419065475464,1.1826668977737427,0.37668827176094055,0,0,0,10.0176918,9.9866740,2.4344248437893525,303,988.8000000000001,1.6829999685287476,,0,0.584,0.6050000000000001,0.49116904962153063,0,-0.066160448527213,0.9030134795098882,0.2590539325364082,classic,0,0,0,none,0,0,0,3.186835067996148,-0.066160448527213,0.38816094641650073,0
sensor,1768475856745,2812.5663916346434,0,-0.20507001876831055,0.8441262245178223,0.48446211218833923,-0.20507001876831055,0.8441262245178223,0.48446211218833923,0,0,0,10.0177101,9.9866365,2.423820717159805,299,988.8000000000001,1.7000000476837158,,0,1.029,0.10400000000000009,0.908208296557811,0,-0.08676606822984094,0.894368661289363,0.2933822002042914,classic,0,0,0,none,0,0,0,2.3295069035943454,-0.08676606822984094,0.2314432556501205,0
sensor,1768475858761,2817.519004670962,0,-0.13204814493656158,0.8230181336402893,0.6046866178512573,-0.13204814493656158,0.8230181336402893,0.6046866178512573,0,0,0,10.0177351,9.9865990,2.4115278600799295,298,988.6,1.7000000476837158,,0,0.436,0.442,0.49658314350797267,0.29,-0.09592941857757797,0.8912514135378686,0.32039465904105835,classic,0,0,0,none,0,0,0,2.7894683607552766,-0.09592941857757797,0.2960686333677843,0
sensor,1768475860743,2822.592290659165,0,-0.17386671900749207,0.8420765995979309,0.4682486355304718,-0.17386671900749207,0.8420765995979309,0.4682486355304718,0,0,0,10.0177568,9.9865583,2.4039093838746926,300,988.4,1.7000000476837158,,0,0.352,0.818,0.30085470085470084,0,-0.10255276744912036,0.8894687284247261,0.3396765219750586,classic,0,0,0,none,0,0,0,1.8355485456566725,-0.10255276744912036,0.15525111419109275,0
sensor,1768475863011,2827.346509785458,0,-0.08178634196519852,0.8610433340072632,0.5303493142127991,-0.08178634196519852,0.8610433340072632,0.5303493142127991,0,0,0,10.0177718,9.9865176,2.4024287296986366,299,988.4,1.7000000476837158,,0,0.058,1.1079999999999999,0.04974271012006862,0,-0.11837000201495439,0.8817394502211113,0.36856640660393214,classic,0,0,0,none,0,0,0,1.4452692999675074,-0.11837000201495439,0.16799379815226265,0
sensor,1768475864758,2831.900930785509,0,-0.08565616607666016,0.8630928993225098,0.4982282519340515,-0.08565616607666016,0.8630928993225098,0.4982282519340515,0,0,0,10.0177951,9.9864834,2.401096380879427,296,988.3000000000001,1.7000000476837158,,0,0.996,0.10399999999999994,0.9054545454545455,0.074,-0.12055724945941695,0.8809980010403823,0.38482287356939154,classic,0,0,0,none,0,0,0,1.4628017748814361,-0.12055724945941695,0.12060074592023239,0
sensor,1768475866741,2836.8149389786,0,-0.2137274295091629,0.8276068568229675,0.5584017038345337,-0.2137274295091629,0.8276068568229675,0.5584017038345337,0,0,0,10.0178168,9.9864443,2.4017405127731313,297,988.5,1.7000000476837158,,0,0.524,0.603,0.4649511978704525,0,-0.019866410197383534,1.0070618605607244,0.251987763482864,classic,0,0,0,none,0,0,0,2.9222125710061984,-0.019866410197383534,0.4066015383723349,0
sensor,1768475868728,2841.2384050459264,0,-0.24545079469680786,0.8746106624603271,0.3685203492641449,-0.24545079469680786,0.8746106624603271,0.3685203492641449,0,0,0,10.0178351,9.9864085,2.4039970607663617,294,988.7,1.7000000476837158,,0,0.464,0.7,0.39862542955326463,0,-0.14934873556063694,0.9101809502841116,0.44972476044353765,classic,0,0,0,none,0,0,0,1.0382296100932489,-0.14934873556063694,0.1314049022803001,0
sensor,1768475870764,2846.143166536685,0,-0.18763288855552673,0.8693029880523682,0.4919111430644989,-0.18763288855552673,0.8693029880523682,0.4919111430644989,0,0,0,10.0178534,9.9863677,2.404703713377626,297,988.6,1.6829999685287476,,0,0,0.579,0,0.595,-0.10539327502215612,0.9417048828839008,0.5773815249870284,classic,0,0,0,none,0,0,0,1.6990077758788082,-0.10539327502215612,0.1396607974713813,0
sensor,1768475872749,2851.7037955595606,0,-0.22434267401695251,0.8058868646621704,0.5764507055282593,-0.22434267401695251,0.8058868646621704,0.5764507055282593,0,0,0,10.0178784,9.9863238,2.4043684298803414,297,988.4,1.649999976158142,,0,0,0.2669999999999999,0,0.873,-0.03121825785301921,1.0002840666664816,0.35723662602201905,classic,0,0,0,none,0,0,0,3.1098945132855875,-0.03121825785301921,0.35267951994169106,0
sensor,1768475874738,2856.713340522042,0,0.04038076475262642,0.9775050282478333,0.41287800669670105,0.04038076475262642,0.9775050282478333,0.41287800669670105,0,0,0,10.0179018,9.9862847,2.4062784345065005,300,987.9,1.6330000162124634,,0,0.625,0.5329999999999999,0.5397236614853196,0,-0.04441675519190703,0.9802311018211686,0.3740772026448513,classic,0,0,0,none,0,0,0,1.5462025157491344,-0.04441675519190703,0.09376164428583893,0
sensor,1768475876758,2861.20865857649,0,-0.24606263637542725,0.8671615719795227,0.4820147752761841,-0.24606263637542725,0.8671615719795227,0.4820147752761841,0,0,0,10.0179184,9.9862472,2.408675912383853,298,988,1.6330000162124634,,0,0.233,0.9400000000000001,0.19863597612958228,0,-0.06761280013952199,0.9589789680082007,0.3990223373002077,classic,0,0,0,none,0,0,0,2.00734354658714,-0.06761280013952199,0.2182606450470143,0
sensor,1768475878762,2866.1612730506204,0,-0.3259981870651245,0.798743724822998,0.5441154837608337,-0.3259981870651245,0.798743724822998,0.5441154837608337,0,0,0,10.0179434,9.9862098,2.4089623909372864,296,987.6,1.6660000085830688,,0,0.115,1.065,0.09745762711864407,0.06,-0.08025066523673438,0.9436597697453744,0.41137270506753804,classic,0,0,0,none,0,0,0,2.1104116845781933,-0.08025066523673438,0.31624477412063856,0
sensor,1768475880751,2870.92686161641,0,-0.21077536046504974,0.811087429523468,0.507405698299408,-0.21077536046504974,0.811087429523468,0.507405698299408,0,0,0,10.0179651,9.9861723,2.4108730107278804,290,987.5,1.6829999685287476,,0,0.115,1.029,0.10052447552447553,0,-0.08832061045422272,0.9315509301822739,0.42182893017991846,classic,0,0,0,none,0,0,0,1.5020886151393404,-0.08832061045422272,0.1928758275533449,0
sensor,1768475882744,2875.6832235708816,0,-0.20068015158176422,0.8663508892059326,0.3329424560070038,-0.20068015158176422,0.8663508892059326,0.3329424560070038,0,0,0,10.0179868,9.9861349,2.4160169797425386,296,987.4,1.7000000476837158,,0,0,1.176,0,0,-0.10191009067297845,0.9182521395001177,0.43465069927323613,classic,0,0,0,none,0,0,0,1.3476648995846257,-0.10191009067297845,0.15173493593397439,0
sensor,1768475884732,2880.2594076662967,0,-0.4471404552459717,0.602851152420044,0.3543564975261688,-0.4471404552459717,0.602851152420044,0.3543564975261688,0,0,0,10.0180051,9.9860974,2.4183707108066566,296,986.9,1.6829999685287476,,0,0.875,0.028999999999999984,0.9679203539823008,0.077,-0.1657708030088841,0.856697899565011,0.3101878566407731,classic,0,0,0,none,0,0,0,3.0107794663723637,-0.1657708030088841,0.5450293402957228,0
sensor,1768475886758,2885.3326961790144,0,-0.2498253881931305,0.7980248332023621,0.5606348514556885,-0.2498253881931305,0.7980248332023621,0.5606348514556885,0,0,0,10.0180268,9.9860567,2.424277767168912,294,987.4,1.6829999685287476,,0,0.466,0.6469999999999999,0.41868823000898475,0.053,-0.11098085745105549,0.9002266779846075,0.46426999763207294,classic,0,0,0,none,0,0,0,1.5638234157991135,-0.11098085745105549,0.19849998292814067,0
sensor,1768475888777,2890.8012814591275,0,0.02519209124147892,0.9743388295173645,0.44307181239128113,0.02519209124147892,0.9743388295173645,0.44307181239128113,0,0,0,10.0180501,9.9860127,2.43575410389347,298,987.8000000000001,1.649999976158142,,0,0.235,0.961,0.19648829431438128,0,-0.043912092149416576,0.9158582952792095,0.29001102450292093,classic,0,0,0,none,0,0,0,2.296034200559439,-0.043912092149416576,0.1787220834916771,0
sensor,1768475890807,2895.565533289487,0,-0.17478446662425995,0.830971896648407,0.5349380373954773,-0.17478446662425995,0.830971896648407,0.5349380373954773,0,0,0,10.0180651,9.9859720,2.45088695222443,295,988,1.6330000162124634,,0,0,1.146,0,0,-0.12726299025559318,0.871693384748658,0.44518216599890925,classic,0,0,0,none,0,0,0,1.0354288883697447,-0.12726299025559318,0.10996943757053465,0
sensor,1768475892760,2900.5421169348624,0,-0.031004473567008972,0.9384397864341736,0.6135581731796265,-0.031004473567008972,0.9384397864341736,0.6135581731796265,0,0,0,10.0180851,9.9859313,2.45932856101281,296,987.7,1.6160000562667847,,0,1.147,0,1,0,-0.04994314544455617,0.9228277655029754,0.3581291934380316,classic,0,0,0,none,0,0,0,2.3685386934457657,-0.04994314544455617,0.2578949544132337,0
sensor,1768475894736,2905.528277436599,0,-0.2307668775320053,0.8246394395828247,0.5379971861839294,-0.2307668775320053,0.8246394395828247,0.5379971861839294,0,0,0,10.0181051,9.9858906,2.46639642497121,295,987.8000000000001,1.6330000162124634,,0,0.688,0.508,0.5752508361204013,0,-0.06354734699908801,0.9166361928393343,0.37982102245737726,classic,0,0,0,none,0,0,0,2.0946711572044148,-0.06354734699908801,0.24912761153018367,0
sensor,1768475896731,2910.752830039333,0,0.20292863249778748,1.0611116886138916,0.4821218252182007,0.20292863249778748,1.0611116886138916,0.4821218252182007,0,0,0,10.0181268,9.9858482,2.473246880098718,296,987.6,1.6330000162124634,,0,0.757,0.3729999999999999,0.6699115044247789,0,-0.07868189368672304,0.9115029295338694,0.39911128307144234,classic,0,0,0,none,0,0,0,1.6095338117321525,-0.07868189368672304,0.3311676275457555,0
sensor,1768475898763,2915.5170816625177,0,-0.1425563395023346,0.87786865234375,0.5186327695846558,-0.1425563395023346,0.87786865234375,0.5186327695846558,0,0,0,10.0181418,9.9858075,2.4777060604660837,297,987.1,1.6160000562667847,,0,0.117,1.048,0.10042918454935623,0,-0.09092006883502558,0.9017851148065581,0.41997487942191175,classic,0,0,0,none,0,0,0,2.4725288621532853,-0.09092006883502558,0.11446561548509744,0
sensor,1768475900734,2920.366126831061,0,-0.16753427684307098,0.8066974878311157,0.5561532378196716,-0.16753427684307098,0.8066974878311157,0.5561532378196716,0,0,0,10.0181651,9.9857701,2.4788411613033756,295,987.2,1.600000023841858,,0,0.119,1.048,0.10197086546700941,0,-0.004559139206811937,0.959514007903581,0.32963560945539666,classic,0,0,0,none,0,0,0,3.3967694101497616,-0.004559139206811937,0.319756005711697,0
sensor,1768475902732,2925.439419929321,0,-0.13357773423194885,0.9188611507415771,0.37035584449768066,-0.13357773423194885,0.9188611507415771,0.37035584449768066,0,0,0,10.0181868,9.9857293,2.4824441514008626,296,987.1,1.6160000562667847,,0,0,1.165,0,0,-0.024164636477658433,0.9463662051074259,0.3478480115187713,classic,0,0,0,none,0,0,0,2.0481664592971147,-0.024164636477658433,0.11561876717039346,0
sensor,1768475904753,2930.3036654992775,0,-0.15704140067100525,0.8163796663284302,0.5436107516288757,-0.15704140067100525,0.8163796663284302,0.5436107516288757,0,0,0,10.0182001,9.9856870,2.4874170269397067,292,986.9,1.6160000562667847,,0,0.407,0.758,0.34935622317596565,0,-0.05158791292406824,0.930207318655662,0.37625762577116706,classic,0,0,0,none,0,0,0,2.219842461398979,-0.05158791292406824,0.22936655419457955,0
sensor,1768475906736,2935.307442319113,0,-0.10512764751911163,0.9945292472839355,0.7242993712425232,-0.10512764751911163,0.9945292472839355,0.7242993712425232,0,0,0,10.0182234,9.9856479,2.4868590794981267,294,987.2,1.6330000162124634,,0,0.234,0.907,0.20508326029798424,0,-0.06602534866713358,0.9227053138068692,0.39160753509442814,classic,0,0,0,none,0,0,0,2.166753221894349,-0.06602534866713358,0.34431686308502285,0
sensor,1768475908735,2940.131453975491,0,-0.22923731803894043,0.8365700840950012,0.513218104839325,-0.22923731803894043,0.8365700840950012,0.513218104839325,0,0,0,10.0182434,9.9856088,2.484031289536769,297,987.9,1.6330000162124634,,0,0.109,0.957,0.1022514071294559,0.092,-0.0020715532621879557,0.9916205070178549,0.2535036456575391,classic,0,0,0,none,0,0,0,3.3626665832748643,-0.0020715532621879557,0.3801819144392795,0
sensor,1768475910736,2945.281091540956,0,0.017850132659077644,0.9338510632514954,0.3741338849067688,0.017850132659077644,0.9338510632514954,0.3741338849067688,0,0,0,10.0182634,9.9855664,2.4833209161623504,297,988.3000000000001,1.6330000162124634,,0,0.117,1.071,0.0984848484848485,0,-0.01664907354358114,0.9976243006778782,0.44015028558725267,classic,0,0,0,none,0,0,0,2.0410322495712045,-0.01664907354358114,0.09855082979428255,0
sensor,1768475912769,2949.9758622337026,0,-0.20037424564361572,0.830971896648407,0.5236191749572754,-0.20037424564361572,0.830971896648407,0.5236191749572754,0,0,0,10.0182768,9.9855258,2.4823638776143944,296,988.4,1.6330000162124634,,0,0.191,0.9149999999999998,0.1726943942133816,0.056,-0.012851899421451632,0.9462317575215308,0.4211828443699115,classic,0,0,0,none,0,0,0,2.2547355332604355,-0.012851899421451632,0.24400111622476664,0
sensor,1768475914755,2955.204794338868,0,-0.16244079172611237,0.8356523513793945,0.5287279486656189,-0.16244079172611237,0.8356523513793945,0.5287279486656189,0,0,0,10.0182984,9.9854834,2.4814116564074133,295,988.5,1.6160000562667847,,0,0.173,0.835,0.1716269841269841,0.117,-0.04362645392309628,0.8913155040323493,0.30520563275097007,classic,0,0,0,none,0,0,0,3.085372899837184,-0.04362645392309628,0.26048859062053387,0
sensor,1768475916743,2960.2686819764167,0,-0.20649254322052002,0.8747177124023438,0.5185256600379944,-0.20649254322052002,0.8747177124023438,0.5185256600379944,0,0,0,10.0183201,9.9854427,2.481345099995765,294,988.4,1.6160000562667847,,0,0.383,0.782,0.32875536480686696,0,-0.05130310571659844,0.888427302974547,0.3266911411914565,classic,0,0,0,none,0,0,0,2.2154845391235254,-0.05130310571659844,0.24836974477676518,0
sensor,1768475918759,2965.2037670161435,0,-0.22259895503520966,0.8693029880523682,0.43481209874153137,-0.22259895503520966,0.8693029880523682,0.43481209874153137,0,0,0,10.0183351,9.9854003,2.482763858000412,293,988.8000000000001,1.600000023841858,,0,0.429,0.798,0.3496332518337408,0,-0.07364235796144282,0.8813717885766599,0.3561841211169116,classic,0,0,0,none,0,0,0,1.8887067766926615,-0.07364235796144282,0.16971563423370958,0
sensor,1768475920735,2969.867087107162,0,-0.12828540802001953,0.887657880783081,0.5055702328681946,-0.12828540802001953,0.887657880783081,0.5055702328681946,0,0,0,10.0183551,9.9853629,2.47989636826562,293,989.6,1.600000023841858,,0,1.158,0,1,0,0.0005871102633868522,0.9586100060512315,0.24712841695211368,classic,0,0,0,none,0,0,0,3.2539091545970624,0.0005871102633868522,0.2988737599193846,0
sensor,1768475922739,2974.3669870394638,0,-0.23514147102832794,0.8257712721824646,0.4753917157649994,-0.23514147102832794,0.8257712721824646,0.4753917157649994,0,0,0,10.0183718,9.9853254,2.4745369246084548,295,990.1,1.6330000162124634,,0,1.107,0.05800000000000005,0.9502145922746781,0,-0.022557587005975172,0.9462007198227116,0.27672760994315465,classic,0,0,0,none,0,0,0,2.898617913610312,-0.022557587005975172,0.3164833321037056,0
sensor,1768475924736,2979.780000597634,0,-0.05200552940368652,0.8104755878448486,0.6184528470039368,-0.05200552940368652,0.8104755878448486,0.6184528470039368,0,0,0,10.0183968,9.9852830,2.471039582870188,300,989.1,1.6330000162124634,,0,0.526,0.43099999999999994,0.5496342737722049,0,-0.043056855897002914,0.9288683862992773,0.31823945620517935,classic,0,0,0,none,0,0,0,2.357923171352217,-0.043056855897002914,0.32446129653543965,0
sensor,1768475926721,2985.084601793864,0,-0.2133297324180603,0.8773638010025024,0.5280091166496277,-0.2133297324180603,0.8773638010025024,0.5280091166496277,0,0,0,10.0184168,9.9852390,2.4702950868980804,295,988.8000000000001,1.6330000162124634,,0,0.116,1.0379999999999998,0.10051993067590989,0,-0.06350319351317585,0.9183027463030721,0.34334484486882005,classic,0,0,0,none,0,0,0,1.8930595580252283,-0.06350319351317585,0.2425108807028816,0
sensor,1768475928738,2989.993176658034,0,-0.2679814100265503,0.8006862998008728,0.5563520789146423,-0.2679814100265503,0.8006862998008728,0.5563520789146423,0,0,0,10.0184384,9.9852000,2.468489289279341,296,988.8000000000001,1.6330000162124634,,0,0.115,1.029,0.10052447552447553,0,-0.0819497763364686,0.9116015815480851,0.36341189635179594,classic,0,0,0,none,0,0,0,2.719195089146225,-0.0819497763364686,0.29151945707713545,0
sensor,1768475930759,2995.149814999679,0,-0.046499062329530716,0.9591501951217651,0.4527539908885956,-0.046499062329530716,0.9591501951217651,0.4527539908885956,0,0,0,10.0184618,9.9851593,2.470094204854236,297,988.7,1.649999976158142,,0,0.79,0.35599999999999987,0.6893542757417104,0,-0.08241185830434415,0.9156229784171533,0.5588663798089395,classic,0,0,0,none,0,0,0,2.069479275278294,-0.08241185830434415,0.12078790932279143,0
sensor,1768475932744,3000.7792879796652,0,-0.2020108848810196,0.8897075057029724,0.5173020958900452,-0.2020108848810196,0.8897075057029724,0.5173020958900452,0,0,0,10.0184851,9.9851137,2.477696192100273,295,988.2,1.649999976158142,,0,0.174,0.982,0.15051903114186851,0,-0.09876329973877393,0.9047208316265676,0.5525224199026599,classic,0,0,0,none,0,0,0,1.1085723421434128,-0.09876329973877393,0.110671179233477,0
sensor,1768475934755,3005.308371479467,0,-0.12206003069877625,0.8861282467842102,0.47202664613723755,-0.12206003069877625,0.8861282467842102,0.47202664613723755,0,0,0,10.0184984,9.9850746,2.4890139036558954,296,988.3000000000001,1.6330000162124634,,0,0.365,0.605,0.37628865979381443,0.149,-0.1069988547396525,0.8987918897371352,0.5385995539497276,classic,0,0,0,none,0,0,0,1.286192037600276,-0.1069988547396525,0.06976900730022066,0
sensor,1768475936756,3010.294536595376,0,-0.22148238122463226,0.841265857219696,0.5279020071029663,-0.22148238122463226,0.841265857219696,0.5279020071029663,0,0,0,10.0185184,9.9850338,2.4981392251733516,296,988.3000000000001,1.649999976158142,,0,0.175,0.758,0.187566988210075,0.232,0.01583461192232163,1.034022575420607,0.4138091635813787,classic,0,0,0,none,0,0,0,2.739671059985102,0.01583461192232163,0.32797048936394735,0
sensor,1768475938734,3015.685057699832,0,-0.06343144923448563,0.9122381210327148,0.37791192531585693,-0.06343144923448563,0.9122381210327148,0.37791192531585693,0,0,0,10.0185368,9.9849883,2.5115094411844914,297,988.4,1.6660000085830688,,0,0.539,0.6209999999999999,0.46465517241379317,0,-0.015028445199890227,1.0038537261287428,0.42819689925080284,classic,0,0,0,none,0,0,0,1.976337865773288,-0.015028445199890227,0.11575188345374958,0
sensor,1768475940745,3020.601861370386,0,-0.21923388540744781,0.8261690139770508,0.513218104839325,-0.21923388540744781,0.8261690139770508,0.513218104839325,0,0,0,10.0185634,9.9849524,2.523625390624899,298,988.9,1.6660000085830688,,0,0.932,0,1,0.213,-0.028384011273758693,0.9626762058713337,0.28961426919811745,classic,0,0,0,none,0,0,0,2.7317952968296355,-0.028384011273758693,0.32575306743308624,0
sensor,1768475942796,3025.6114129831594,0,-0.16519403457641602,0.8192400336265564,0.5143499970436096,-0.16519403457641602,0.8192400336265564,0.5143499970436096,0,0,0,10.0185868,9.9849133,2.532116737683429,297,988.8000000000001,1.6660000085830688,,0,0.583,0.5800000000000001,0.5012897678417885,0,-0.04981904762100481,0.9490550989482013,0.3177892977132157,classic,0,0,0,none,0,0,0,3.2767011315391783,-0.04981904762100481,0.26361456023606333,0
sensor,1768475944752,3030.2747378881736,0,-0.07352663576602936,0.8829773664474487,0.5525893568992615,-0.07352663576602936,0.8829773664474487,0.5525893568992615,0,0,0,10.0186068,9.9848759,2.5375031887316424,299,988.8000000000001,1.6829999685287476,,0,0.177,0.99,0.15167095115681234,0,-0.06383816998427194,0.9390996407667125,0.34183922534546773,classic,0,0,0,none,0,0,0,1.7953851225080293,-0.06383816998427194,0.21940689221816126,0
sensor,1768475946753,3035.670958044163,0,-0.25207385420799255,0.8343369364738464,0.43643343448638916,-0.25207385420799255,0.8343369364738464,0.43643343448638916,0,0,0,10.0186251,9.9848303,2.5431090668441283,296,988.7,1.7000000476837158,,0,0.175,0.9509999999999998,0.15541740674955595,0,-0.0837506973169217,0.9260386669316537,0.3657714303037126,classic,0,0,0,none,0,0,0,2.0395532163229446,-0.0837506973169217,0.20531807662236995,0
sensor,1768475948731,3041.2316047741792,0,-0.14082790911197662,0.7944609522819519,0.39574676752090454,-0.14082790911197662,0.7944609522819519,0.39574676752090454,0,0,0,10.0186501,9.9847863,2.545185036491945,298,987.8000000000001,1.7000000476837158,,0,1.107,0,1,0.057,-0.09601358513704669,0.9193031813650031,0.37906711848092833,classic,0,0,0,none,0,0,0,1.8320873188329017,-0.09601358513704669,0.1343584275500148,0
sensor,1768475950734,3045.987985594399,0,-0.2378946989774704,0.8155690431594849,0.5590135455131531,-0.2378946989774704,0.8155690431594849,0.5590135455131531,0,0,0,10.0186718,9.9847489,2.5458503616474584,295,988.2,1.7000000476837158,,0,1.121,0.05800000000000005,0.9508057675996607,0,-0.02912733349123766,0.9524320863519925,0.1793533555314682,classic,0,0,0,none,0,0,0,4.090466324030443,-0.02912733349123766,0.4566588717624681,0
sensor,1768475952769,3050.6525451916714,0,0.0533362552523613,0.9509822726249695,0.41156259179115295,0.0533362552523613,0.9509822726249695,0.41156259179115295,0,0,0,10.0186968,9.9847147,2.547119129713532,301,987.9,1.6829999685287476,,0,0.621,0.524,0.5423580786026201,0,-0.0938734681306535,0.8962460883611014,0.3397984230918922,classic,0,0,0,none,0,0,0,1.8511211796502063,-0.0938734681306535,0.17354327467671674,0
sensor,1768475954752,3055.35774790288,0,-0.15081603825092316,0.8804230690002441,0.48987680673599243,-0.15081603825092316,0.8804230690002441,0.48987680673599243,0,0,0,10.0187201,9.9846788,2.5510175170576286,302,987.8000000000001,1.6660000085830688,,0,0.117,1.05,0.10025706940874037,0,-0.10827051918593396,0.888716263141834,0.3713436875596324,classic,0,0,0,none,0,0,0,1.8761655081003725,-0.10827051918593396,0.12684435848220563,0
sensor,1768475956756,3060.2068031789254,0,-0.148475781083107,0.9267232418060303,0.5060902833938599,-0.148475781083107,0.9267232418060303,0.5060902833938599,0,0,0,10.0187434,9.9846414,2.55058025275821,298,987.9,1.649999976158142,,0,0.31,0.5840000000000001,0.3467561521252796,0.291,-0.11525020102314361,0.8863541253603391,0.3848764674653737,classic,0,0,0,none,0,0,0,1.8629598527365154,-0.11525020102314361,0.13267242965833714,0
sensor,1768475958752,3064.971062924357,0,-0.2731819748878479,0.8124028444290161,0.5787909030914307,-0.2731819748878479,0.8124028444290161,0.5787909030914307,0,0,0,10.0187584,9.9846006,2.548326781565274,297,988.2,1.6660000085830688,,0,0.001,1.1,0.0009082652134423252,0.222,-0.015007333536667668,0.9704289054985228,0.37402170509053595,classic,0,0,0,none,0,0,0,3.048984598083388,-0.015007333536667668,0.36729069942111126,0
sensor,1768475960770,3070.1110591468223,0,-0.30999884009361267,0.8157678842544556,0.4764164984226227,-0.30999884009361267,0.8157678842544556,0.4764164984226227,0,0,0,10.0187784,9.9845583,2.5447522002462497,300,987.9,1.6829999685287476,,0,0.059,1.048,0.05329719963866305,0.058,-0.044418492658403814,0.9182523742991856,0.19047213681128256,classic,0,0,0,none,0,0,0,2.646452280641854,-0.044418492658403814,0.40551259314759175,0
sensor,1768475962761,3076.230520701469,0,-0.06902968883514404,0.8419848084449768,0.5407504439353943,-0.06902968883514404,0.8419848084449768,0.5407504439353943,0,0,0,10.0188051,9.9845095,2.542402663293041,297,988.1,1.7000000476837158,,0,1.191,0,1,0,-0.06778927959982722,0.9053766137403841,0.24243228333420044,classic,0,0,0,none,0,0,0,3.0701402789457033,-0.06778927959982722,0.30651418436460354,0
sensor,1768475964735,3081.3908276917978,0,-0.07881896942853928,0.926417350769043,0.5376912951469421,-0.07881896942853928,0.926417350769043,0.5376912951469421,0,0,0,10.0188284,9.9844687,2.538950818416407,302,988.5,1.6829999685287476,,0,0.91,0.0010000000000000009,0.9989023051591658,0,-0.02400332273439424,0.9586714841209337,0.4318473270699938,classic,0,0,0,none,0,0,0,2.4338096851450257,-0.02400332273439424,0.12410343021622125,0
sensor,1768475966734,3086.556720063459,0,-0.25360342860221863,0.8154619336128235,0.5442225933074951,-0.25360342860221863,0.8154619336128235,0.5442225933074951,0,0,0,10.0188518,9.9844280,2.5381871774540388,300,987.9,1.649999976158142,,0,0.146,0.9590000000000001,0.1321266968325792,0.059,-0.04303513885111413,0.9419575312839886,0.44094211245662335,classic,0,0,0,none,0,0,0,2.337476530902837,-0.04303513885111413,0.2678104363936273,0
sensor,1768475968726,3091.3598715406,0,-0.18151459097862244,0.8828702569007874,0.3916780948638916,-0.18151459097862244,0.8828702569007874,0.3916780948638916,0,0,0,10.0188768,9.9843922,2.5410006926689146,301,987.7,1.6330000162124634,,0,0.466,0.6990000000000001,0.4,0,-0.05737730769571185,0.9327633390207409,0.4457096415575304,classic,0,0,0,none,0,0,0,1.4843915541632176,-0.05737730769571185,0.1450122498085155,0
sensor,1768475970737,3096.7561001332087,0,-0.24503780901432037,0.8556439280509949,0.535351037979126,-0.24503780901432037,0.8556439280509949,0.535351037979126,0,0,0,10.0188951,9.9843466,2.547979636848587,299,987.2,1.6160000562667847,,0,0.175,0.9889999999999999,0.15034364261168384,0,-0.07548089373108219,0.9188327178504854,0.45278173825474377,classic,0,0,0,none,0,0,0,1.66009506988436,-0.07548089373108219,0.19989659187164552,0
sensor,1768475972756,3101.4194322133617,0,-0.1841607540845871,0.8199588656425476,0.6306893825531006,-0.1841607540845871,0.8199588656425476,0.6306893825531006,0,0,0,10.0189151,9.9843091,2.5549641432740278,298,987.3000000000001,1.649999976158142,,0,0,1.184,0,0,0.03144252327443517,1.024968991073242,0.3135752149330384,classic,0,0,0,none,0,0,0,3.3346788646612713,0.03144252327443517,0.4370129849603318,0
sensor,1768475974739,3106.4232213380465,0,-0.22321078181266785,0.819851815700531,0.5249499082565308,-0.22321078181266785,0.819851815700531,0.5249499082565308,0,0,0,10.0189384,9.9842700,2.5571098409118065,299,987.3000000000001,1.6660000085830688,,0,0.058,1.047,0.05248868778280543,0.057,-0.026550138132508304,1.0257539717895645,0.4605772678135835,classic,0,0,0,none,0,0,0,2.8125274684086263,-0.026550138132508304,0.2933829015526739,0
sensor,1768475976732,3111.4327805383014,0,0.0008106744498945773,0.7775285243988037,0.1433670073747635,0.0008106744498945773,0.7775285243988037,0.1433670073747635,0,0,0,10.0189618,9.9842310,2.559369847625671,299,987.5,1.6660000085830688,,0,0.817,0.349,0.7006861063464837,0,-0.04694841218464564,0.9988302250002175,0.4707318224294086,classic,0,0,0,none,0,0,0,2.4062876271707303,-0.04694841218464564,0.4000241087416626,0
sensor,1768475978742,3116.8144040162797,0,-0.2840878665447235,0.8016040325164795,0.4822289049625397,-0.2840878665447235,0.8016040325164795,0.4822289049625397,0,0,0,10.0189834,9.9841870,2.5574415771497385,295,987.3000000000001,1.6330000162124634,,0,0.159,1.006,0.13648068669527896,0,-0.0682426298072265,0.9759453354176519,0.47275113785467193,classic,0,0,0,none,0,0,0,2.078568413360201,-0.0682426298072265,0.27901692126347855,0
sensor,1768475980739,3122.1382588930405,0,-0.1901719719171524,0.9546533226966858,0.6732115745544434,-0.1901719719171524,0.9546533226966858,0.6732115745544434,0,0,0,10.0190068,9.9841446,2.5531819865543146,299,987.1,1.6330000162124634,,0,0.583,0.39099999999999996,0.5985626283367557,0.174,0.010183310888207661,1.0704207480806167,0.4420870097425088,classic,0,0,0,none,0,0,0,3.4839791378692624,0.010183310888207661,0.3286953081939141,0
sensor,1768475982737,3127.199347122582,0,-0.18120868504047394,0.8409600257873535,0.4803934097290039,-0.18120868504047394,0.8409600257873535,0.4803934097290039,0,0,0,10.0190251,9.9841023,2.5484159725460764,292,987.1,1.6660000085830688,,0,0.116,0.637,0.15405046480743692,0.408,-0.009085430176536048,1.0409000210990265,0.4455557105071669,classic,0,0,0,none,0,0,0,2.310394999523857,-0.009085430176536048,0.26745016270858624,0
sensor,1768475984757,3132.6679497711502,0,0.16416922211647034,1.1132242679595947,0.49149811267852783,0.16416922211647034,1.1132242679595947,0.49149811267852783,0,0,0,10.0190484,9.9840583,2.548642656522208,302,986.4,1.7000000476837158,,0,0.225,0.9400000000000001,0.19313304721030042,0,-0.032195778395786856,1.0093793785465428,0.4587119065076437,classic,0,0,0,none,0,0,0,1.9331478405112898,-0.032195778395786856,0.22566766628639726,0
sensor,1768475986765,3137.1235942826165,0,-0.17509037256240845,0.8852105736732483,0.47580471634864807,-0.17509037256240845,0.8852105736732483,0.47580471634864807,0,0,0,10.0190701,9.9840241,2.5462156283948825,297,986.8000000000001,1.6829999685287476,,0,0.205,0.9229999999999999,0.18173758865248227,0,-0.13522268156328357,0.8854929238783722,0.39690698083698517,classic,0,0,0,none,0,0,0,1.592563337559988,-0.13522268156328357,0.08884311361612392,0
sensor,1768475988743,3142.047097391215,0,-0.16101829707622528,0.8348416686058044,0.5178068280220032,-0.16101829707622528,0.8348416686058044,0.5178068280220032,0,0,0,10.0190968,9.9839882,2.541539534203425,297,987,1.6829999685287476,,0,0.175,0.8709999999999999,0.16730401529636713,0.116,-0.1394112586304819,0.8824054441306138,0.40977767579062635,classic,0,0,0,none,0,0,0,1.9258006862337358,-0.1394112586304819,0.12060081482247675,0
sensor,1768475990833,3147.1513307068444,0,-0.20445822179317474,0.8346428275108337,0.6216189861297607,-0.20445822179317474,0.8346428275108337,0.6216189861297607,0,0,0,10.0191218,9.9839491,2.529684866691976,296,987.4,1.6660000085830688,,0,0.582,0.51,0.5329670329670328,0.059,-0.15377714865742825,0.901657574889634,0.5598199565705404,classic,0,0,0,none,0,0,0,2.724965444693038,-0.15377714865742825,0.10482497624349878,0
sensor,1768475992737,3152.059916420722,0,-0.19456186890602112,0.9021429419517517,0.4519433379173279,-0.19456186890602112,0.9021429419517517,0.4519433379173279,0,0,0,10.0191434,9.9839100,2.515984982888771,298,987.9,1.6829999685287476,,0,0.291,0.857,0.2534843205574913,0,-0.15811000734560368,0.893022687151886,0.555672761490673,classic,0,0,0,none,0,0,0,0.8528958801475109,-0.15811000734560368,0.11087987500824546,0
sensor,1768475994766,3156.9596050147034,0,-0.2425905019044876,0.8511622548103333,0.5379971861839294,-0.2425905019044876,0.8511622548103333,0.5379971861839294,0,0,0,10.0191618,9.9838694,2.4975699380553045,296,988.8000000000001,1.6660000085830688,,0,0.158,0.989,0.13775065387968613,0,-0.11889882681585326,0.8999205695675395,0.4160285178503651,classic,0,0,0,none,0,0,0,1.8739754822540444,-0.11889882681585326,0.1813321573198166,0
sensor,1768475996747,3162.0304957526814,0,-0.23983724415302277,0.7751882672309875,0.5496219396591187,-0.23983724415302277,0.7751882672309875,0.5496219396591187,0,0,0,10.0191801,9.9838270,2.4794747215817363,294,988.9,1.6660000085830688,,0,0.059,1.107,0.05060034305317324,0,-0.059906429876626664,0.9583505364845791,0.2949457605600021,classic,0,0,0,none,0,0,0,3.486404320640813,-0.059906429876626664,0.36345726059344496,0
sensor,1768475998778,3166.9831374975975,0,0.01957855187356472,0.9064258337020874,0.41818565130233765,0.01957855187356472,0.9064258337020874,0.41818565130233765,0,0,0,10.0192051,9.9837895,2.466706880889884,300,988.8000000000001,1.649999976158142,,0,0.297,0.933,0.24146341463414633,0,-0.11281830597045847,0.8877619380122477,0.457883062123329,classic,0,0,0,none,0,0,0,2.59869012413092,-0.11281830597045847,0.14017543901616078,0
sensor,1768476000764,3172.021029441649,0,-0.2021026611328125,0.8635977506637573,0.5160784125328064,-0.2021026611328125,0.8635977506637573,0.5160784125328064,0,0,0,10.0192184,9.9837456,2.4597336492412603,296,989.4,1.6330000162124634,,0,0.527,0.5239999999999999,0.5014272121788773,0.115,-0.12738488417958763,0.8806650421330361,0.46536439301076377,classic,0,0,0,none,0,0,0,1.0670469545189671,-0.12738488417958763,0.09236367038446464,0
sensor,1768476002764,3176.777414894895,0,-0.07188999652862549,0.9200848340988159,0.4878271520137787,-0.07188999652862549,0.9200848340988159,0.4878271520137787,0,0,0,10.0192401,9.9837081,2.4525457665505987,297,989.5,1.6330000162124634,,0,0.27,0.817,0.24839006439742412,0.079,-0.12924731852446403,0.877871254206168,0.47080690284400384,classic,0,0,0,none,0,0,0,1.4143437019542584,-0.12924731852446403,0.0735904734635522,0
sensor,1768476004740,3181.54302470184,0,-0.22668291628360748,0.8235228061676025,0.5223954916000366,-0.22668291628360748,0.8235228061676025,0.5223954916000366,0,0,0,10.0192618,9.9836706,2.4478306532735843,296,989.4,1.649999976158142,,0,0.466,0.4780000000000001,0.49364406779661013,0.118,-0.12918155146217208,0.8762621281376506,0.47108440459217404,classic,0,0,0,none,0,0,0,1.005809175500582,-0.12918155146217208,0.12276446651356046,0
sensor,1768476006755,3186.6830321536836,0,0.06638352572917938,1.033793330192566,0.2078232765197754,0.06638352572917938,1.033793330192566,0.2078232765197754,0,0,0,10.0192818,9.9836283,2.448357185548866,293,989.4,1.649999976158142,,0,0.192,0.958,0.16695652173913045,0,-0.13621010159550548,0.8750414002448407,0.47339358895661393,classic,0,0,0,none,0,0,0,1.5997721705125718,-0.13621010159550548,0.37168805502018976,0
sensor,1768476008763,3191.8230436716067,0,-0.22087053954601288,0.8483019471168518,0.48926496505737305,-0.22087053954601288,0.8483019471168518,0.48926496505737305,0,0,0,10.0193018,9.9835860,2.4485605681981375,293,989.2,1.6330000162124634,,0,0.351,0.8160000000000001,0.30077120822622105,0,-0.14397849523341097,0.8753189306946361,0.4734414530653267,classic,0,0,0,none,0,0,0,0.7633741010547977,-0.14397849523341097,0.08343940739042219,0
sensor,1768476010773,3196.8939398664406,0,-0.24177981913089752,0.7850846648216248,0.5921441316604614,-0.24177981913089752,0.7850846648216248,0.5921441316604614,0,0,0,10.0193201,9.9835436,2.451127239525641,294,989.1,1.6160000562667847,,0,0.208,0.723,0.22341568206229862,0.235,-0.09528652275695287,0.9539696383151912,0.3682171406558865,classic,0,0,0,none,0,0,0,2.7877346127685976,-0.09528652275695287,0.3180165631469326,0
sensor,1768476012762,3202.198557921392,0,-0.17570221424102783,0.8821514248847961,0.5379053950309753,-0.17570221424102783,0.8821514248847961,0.5379053950309753,0,0,0,10.0193401,9.9834996,2.4616498983536106,293,988.8000000000001,1.6330000162124634,,0,0.533,0.6229999999999999,0.46107266435986166,0,-0.10304790622216486,0.944539876448672,0.3820286789934506,classic,0,0,0,none,0,0,0,2.0105280699691384,-0.10304790622216486,0.18386334632779996,0
sensor,1768476014753,3207.5202270769905,0,0.007341957185417414,0.838512659072876,0.5320930480957031,0.007341957185417414,0.838512659072876,0.5320930480957031,0,0,0,10.0193568,9.9834541,2.4783478991513066,291,989,1.6660000085830688,,0,0.387,0.78,0.33161953727506427,0,-0.1165581593005934,0.928738627267461,0.4009200713520085,classic,0,0,0,none,0,0,0,1.4873921692212229,-0.1165581593005934,0.20275199140983846,0
sensor,1768476016767,3212.455336137252,0,-0.1006459966301918,0.8578923940658569,0.5247511267662048,-0.1006459966301918,0.8578923940658569,0.5247511267662048,0,0,0,10.0193718,9.9834117,2.4934327641224034,289,989.1,1.6660000085830688,,0,0.083,1.093,0.07057823129251702,0,-0.12068221053226288,0.9171916300887676,0.40796940839090484,classic,0,0,0,none,0,0,0,1.5691838888399823,-0.12068221053226288,0.13316419457465867,0
sensor,1768476018768,3217.2095869059804,0,-0.2855256497859955,0.8022158741950989,0.5377983450889587,-0.2855256497859955,0.8022158741950989,0.5377983450889587,0,0,0,10.0193868,9.9833710,2.5082708928135915,288,988.8000000000001,1.6829999685287476,,0,0.075,1.045,0.06696428571428571,0.072,-0.12775010581884536,0.9105523685621197,0.41857975938552605,classic,0,0,0,none,0,0,0,1.60622570569311,-0.12775010581884536,0.2266169856016314,0
sensor,1768476020802,3222.306177918518,0,-0.11430509388446808,0.803026556968689,0.3253863453865051,-0.11430509388446808,0.803026556968689,0.3253863453865051,0,0,0,10.0194018,9.9833270,2.5214900485048095,290,988.8000000000001,1.6660000085830688,,0,0.35,0.816,0.30017152658662094,0,-0.12763104716593082,0.9039345914274973,0.4261148583953178,classic,0,0,0,none,0,0,0,1.8170591956609659,-0.12763104716593082,0.1439196182805295,0
sensor,1768476022763,3227.3440754357157,0,-0.1649951934814453,0.8235228061676025,0.5397409200668335,-0.1649951934814453,0.8235228061676025,0.5397409200668335,0,0,0,10.0194151,9.9832831,2.5305890867527117,287,988.1,1.6829999685287476,,0,0.364,0.7569999999999999,0.3247100802854594,0.059,-0.17305468147053818,0.8489525783573935,0.5665990189537874,classic,0,0,0,none,0,0,0,1.4730904886766634,-0.17305468147053818,0.038045028484832245,0
sensor,1768476024731,3232.108351845107,0,-0.14500364661216736,0.748879611492157,0.3374241292476654,-0.14500364661216736,0.748879611492157,0.3374241292476654,0,0,0,10.0194301,9.9832423,2.531092350542417,287,987.8000000000001,1.6829999685287476,,0,0.289,0.20400000000000007,0.5862068965517241,0.654,-0.16854465338760014,0.8501277631432563,0.5550463709109851,classic,0,0,0,none,0,0,0,1.3859117334263282,-0.16854465338760014,0.24238574004660057,0
sensor,1768476026767,3237.204943121113,0,-0.17487624287605286,0.8698230385780334,0.4519433379173279,-0.17487624287605286,0.8698230385780334,0.4519433379173279,0,0,0,10.0194451,9.9831983,2.530849956170229,285,987.9,1.6829999685287476,,0,0.117,1.049,0.10034305317324187,0,-0.16397615642087335,0.8568339837501283,0.5410456902388703,classic,0,0,0,none,0,0,0,1.2197365832454496,-0.16397615642087335,0.0911572560549425,0
sensor,1768476028753,3242.3693738590437,0,-0.041298508644104004,0.9149913787841797,0.474886953830719,-0.041298508644104004,0.9149913787841797,0.474886953830719,0,0,0,10.0194568,9.9831527,2.532987433312944,282,987.9,1.649999976158142,,0,0.314,0.851,0.26952789699570817,0,-0.16344521923511843,0.8559788862548541,0.5375251134811531,classic,0,0,0,none,0,0,0,1.1224287407509368,-0.16344521923511843,0.1501691586841842,0
sensor,1768476030736,3247.4412292939596,0,-0.1420515775680542,0.856454610824585,0.5458592176437378,-0.1420515775680542,0.856454610824585,0.5458592176437378,0,0,0,10.0194651,9.9831072,2.5326019569542844,281,988.7,1.6330000162124634,,0,1.154,0,1,0,-0.11555025621016725,0.8984488803906445,0.4080292190334245,classic,0,0,0,none,0,0,0,1.774719057652042,-0.11555025621016725,0.14723857245736316,0
sensor,1768476032800,3252.739049283051,0,-0.25360342860221863,0.7645882964134216,0.584710419178009,-0.25360342860221863,0.7645882964134216,0.584710419178009,0,0,0,10.0194751,9.9830599,2.530408181633695,276,988.7,1.6160000562667847,,0,0.407,0.5800000000000001,0.4123606889564336,0.176,-0.12096410624217419,0.8944929488881095,0.4171524125247616,classic,0,0,0,none,0,0,0,2.2580797445569813,-0.12096410624217419,0.25134489726607406,0
sensor,1768476034753,3258.093433146782,0,-0.16845202445983887,0.8781746029853821,0.4561190605163574,-0.16845202445983887,0.8781746029853821,0.4561190605163574,0,0,0,10.0194768,9.9830110,2.5307576927165614,277,988.8000000000001,1.6330000162124634,,0,0.363,0.802,0.311587982832618,0,-0.1216783307555573,0.8927855985316859,0.4253613280341271,classic,0,0,0,none,0,0,0,2.0335575441431555,-0.1216783307555573,0.058146568512306276,0
sensor,1768476036769,3263.5234858997505,0,-0.28775882720947266,0.8539154529571533,0.4151264727115631,-0.28775882720947266,0.8539154529571533,0.4151264727115631,0,0,0,10.0194851,9.9829621,2.5343641683834925,277,988.8000000000001,1.649999976158142,,0,0.388,0.749,0.3412489006156552,0,-0.13429201903964383,0.885248306910383,0.44083611181341253,classic,0,0,0,none,0,0,0,1.275625017371316,-0.13429201903964383,0.15952631356777489,0
sensor,1768476038762,3268.5142460660554,0,-0.1547929346561432,0.8649283647537231,0.35863929986953735,-0.1547929346561432,0.8649283647537231,0.35863929986953735,0,0,0,10.0194868,9.9829166,2.540177262308345,278,988.4,1.6660000085830688,,0,0.759,0.4069999999999999,0.6509433962264152,0,-0.13639969742607477,0.8810214911529843,0.44765833929915283,classic,0,0,0,none,0,0,0,1.7146418505644119,-0.13639969742607477,0.09277688063923879,0
sensor,1768476040740,3274.0956846845575,0,-0.3020450472831726,0.8393233418464661,0.5706382989883423,-0.3020450472831726,0.8393233418464661,0.5706382989883423,0,0,0,10.0194934,9.9828661,2.5517652819746375,276,987.6,1.649999976158142,,0,0.126,1.04,0.10806174957118354,0,-0.14032279569901185,0.87733500546252,0.45470489660239943,classic,0,0,0,none,0,0,0,1.9026169475140988,-0.14032279569901185,0.20360014955931344,0
sensor,1768476042734,3279.460071768062,0,-0.24248343706130981,0.7906829118728638,0.5278102159500122,-0.24248343706130981,0.7906829118728638,0.5278102159500122,0,0,0,10.0194968,9.9828172,2.5684454023602252,280,987.5,1.6829999685287476,,0,0.215,0.829,0.20593869731800765,0.118,-0.08946507450487387,0.8470621119411691,0.4359461013326098,classic,0,0,0,none,0,0,0,2.5277412263505616,-0.08946507450487387,0.18810958659652363,0
sensor,1768476044780,3285.767276405035,0,-0.330495148897171,0.7665155529975891,0.5815441608428955,-0.330495148897171,0.7665155529975891,0.5815441608428955,0,0,0,10.0195051,9.9827602,2.5961560519544045,280,987.4,1.6829999685287476,,0,0.628,0.485,0.564240790655885,0.099,-0.10077813861711078,0.8246147245007627,0.3707304920153016,classic,0,0,0,none,0,0,0,2.9775403306396155,-0.10077813861711078,0.31874957947851756,0
sensor,1768476046744,3292.844238714261,0,-0.3910662829875946,0.6492584347724915,0.5470828413963318,-0.3910662829875946,0.6492584347724915,0.5470828413963318,0,0,0,10.0195168,9.9826967,2.645652461541899,275,987.6,1.75,,0,0.19,0.6180000000000001,0.23514851485148514,0.349,-0.15530534605535523,0.9012104553349954,0.49575071780886876,classic,0,0,0,none,0,0,0,3.9344683189066343,-0.15530534605535523,0.350605470313768,0
sensor,1768476048761,3300.222416722628,0,-0.06382913887500763,1.0662204027175903,0.8585041761398315,-0.06382913887500763,1.0662204027175903,0.8585041761398315,0,0,0,10.0195251,9.9826299,2.7230610504923596,280,987.3000000000001,1.815999984741211,,0,0.638,0.616,0.5087719298245614,0,-0.06127311896601955,0.9577638994288136,0.49237668640491034,classic,0,0,0,none,0,0,0,3.348217907411216,-0.06127311896601955,0.38378103353733584,0
sensor,1768476050739,3308.3256237929854,0,-0.14102675020694733,0.8257712721824646,0.26870033144950867,-0.14102675020694733,0.8257712721824646,0.26870033144950867,0,0,0,10.0195351,9.9825566,2.836140535144272,278,987.1,2,,0,0.117,0.9420000000000001,0.11048158640226628,0.057,-0.0695475519551981,0.935678219199164,0.387893673968764,classic,0,0,0,none,0,0,0,3.5823858506673374,-0.0695475519551981,0.17807918134802297,0
sensor,1768476052764,3316.6557423919944,0,-0.2425905019044876,0.7820254564285278,0.5080175399780273,-0.2425905019044876,0.7820254564285278,0.5080175399780273,0,0,0,10.0195484,9.9824817,3.122569722580105,279,987.3000000000001,2.1659998893737793,,0,0.601,0.2910000000000001,0.6737668161434976,0.293,-0.14763487891990743,0.8393095274344239,0.4854721158225891,classic,0,0,0,none,0,0,0,2.2439951375862606,-0.14763487891990743,0.11373373074333373,0
sensor,1768476054751,3324.4386509596543,0,0.0715840756893158,0.9743388295173645,0.2556377649307251,0.0715840756893158,0.9743388295173645,0.2556377649307251,0,0,0,10.0195601,9.9824117,3.221000361614808,278,987.3000000000001,2.2660000324249268,,0,0.168,0.7829999999999999,0.17665615141955837,0,-0.14360923018268917,0.8714706543709124,0.5743908855712281,classic,0,0,0,none,0,0,0,2.3658835201614417,-0.14360923018268917,0.400113077459125,0
sensor,1768476056737,3331.896293939968,0,0.16866616904735565,1.0646908283233643,0.15621542930603027,0.16866616904735565,1.0646908283233643,0.15621542930603027,0,0,0,10.0195734,9.9823449,3.338089101777606,279,987.7,2.299999952316284,,0,0.359,0.5129999999999999,0.4116972477064221,0.292,0.12188740548444854,1.1040366739291896,0.1887894581976219,classic,0,0,0,none,0,0,0,3.0068545867712286,0.12188740548444854,0.06961143599694737,0
sensor,1768476058729,3339.7130210548275,0,-0.18527734279632568,0.7970153093338013,0.595815122127533,-0.18527734279632568,0.7970153093338013,0.595815122127533,0,0,0,10.0195868,9.9822749,3.459337616332446,280,987.5,2.299999952316284,,0,0.116,1.0119999999999998,0.10283687943262412,0.058,0.008979042856584464,0.9623818816402112,0.4027874465376316,classic,0,0,0,none,0,0,0,3.5744290792044184,0.008979042856584464,0.32151589469353736,0
sensor,1768476060741,3347.5276403209336,0,-0.28797295689582825,0.7811995148658752,0.5341273546218872,-0.28797295689582825,0.7811995148658752,0.5341273546218872,0,0,0,10.0196001,9.9822048,3.5663817118503798,282,987.4,2.315999984741211,,0,0.11,1.0299999999999998,0.09649122807017545,0,-0.15158924852316305,0.914104824777784,0.48059463711988026,classic,0,0,0,none,0,0,0,2.7016789060668684,-0.15158924852316305,0.19880730492543586,0
sensor,1768476062727,3355.4794270799157,0,-0.3981941044330597,0.7190070152282715,0.6798499226570129,-0.3981941044330597,0.7190070152282715,0.6798499226570129,0,0,0,10.0196118,9.9821332,3.6600780841094767,279,987.4,2.315999984741211,,0,0.351,0.759,0.3162162162162162,0.057,-0.131047805442769,0.8909252039612434,0.4431122706475945,classic,0,0,0,none,0,0,0,4.02267660288972,-0.131047805442769,0.5659878929987454,0
sensor,1768476064756,3363.2604918804273,0,0.021215196698904037,0.8697159886360168,1.024616003036499,0.021215196698904037,0.8697159886360168,1.024616003036499,0,0,0,10.0196234,9.9820631,3.739518432916708,280,987.4,2.315999984741211,,0,0.551,0.1899999999999999,0.7435897435897437,0.453,-0.16891075251316323,0.8315410276669974,0.5735647476694264,classic,0,0,0,none,0,0,0,3.7972369637296266,-0.16891075251316323,0.49343810532401194,0
sensor,1768476066744,3370.898708436838,0,-0.006424212362617254,0.8963305354118347,0.2255663424730301,-0.006424212362617254,0.8963305354118347,0.2255663424730301,0,0,0,10.0196368,9.9819947,3.805646938896858,280,987.3000000000001,2.299999952316284,,0,0,1.192,0,0,-0.20947246210020132,0.825825781556545,0.4564573488457663,classic,0,0,0,none,0,0,0,3.832686358381144,-0.20947246210020132,0.3170375117879844,0
sensor,1768476068736,3378.3563553732556,0,-0.08668097853660583,0.8068963885307312,0.5930618643760681,-0.08668097853660583,0.8068963885307312,0.5930618643760681,0,0,0,10.0196501,9.9819279,3.8552631188493587,281,987.2,2.299999952316284,,0,0.342,0.5359999999999999,0.38952164009111623,0.281,-0.11011264663017284,0.9004562655836503,0.3887896433505552,classic,0,0,0,none,0,0,0,2.5202872674266725,-0.11011264663017284,0.22703255974365968,0
sensor,1768476070777,3385.401037992951,0,-0.3633197844028473,0.7697888612747192,0.5559543967247009,-0.3633197844028473,0.7697888612747192,0.5559543967247009,0,0,0,10.0196601,9.9818644,3.8876263744264574,279,987.2,2.315999984741211,,0,0.279,0.721,0.279,0.145,-0.15938039016879463,0.9119102351461297,0.48992368204875125,classic,0,0,0,none,0,0,0,2.039823234446871,-0.15938039016879463,0.258488509219494,0
sensor,1768476072731,3393.215650283849,0,-0.28939545154571533,0.8474912643432617,0.4455191195011139,-0.28939545154571533,0.8474912643432617,0.4455191195011139,0,0,0,10.0196734,9.9817944,3.9033363471577807,278,987,2.315999984741211,,0,0.407,0.5259999999999999,0.43622722400857455,0.233,-0.14425756517445337,0.9721117368788942,0.5332521197830109,classic,0,0,0,none,0,0,0,2.693875193019841,-0.14425756517445337,0.21151504736309806,0
sensor,1768476074766,3400.497337635419,0,-0.01651940308511257,0.8817538022994995,0.4375653564929962,-0.01651940308511257,0.8817538022994995,0.4375653564929962,0,0,0,10.0196868,9.9817293,3.901645857736106,279,987.1,2.315999984741211,,0,0.277,0.597,0.31693363844393596,0.293,-0.12469363507447638,0.8878399808413635,0.5459518258958299,classic,0,0,0,none,0,0,0,2.0419195522879976,-0.12469363507447638,0.1540226262766611,0
sensor,1768476076748,3406.3560377404233,0,-0.20537593960762024,0.7532694935798645,0.5603289604187012,-0.20537593960762024,0.7532694935798645,0.5603289604187012,0,0,0,10.0196984,9.9816771,3.8812127523052316,279,987.1,2.299999952316284,,0,0.527,0,1,0.642,-0.124530515131489,0.8859454724483169,0.5349922116685125,classic,0,0,0,none,0,0,0,1.1234214711602826,-0.124530515131489,0.15821039278537125,0
sensor,1768476078767,3412.268400339504,0,-0.02141404151916504,0.945582926273346,0.5197493433952332,-0.02141404151916504,0.945582926273346,0.5197493433952332,0,0,0,10.0197034,9.9816233,3.8252650209994337,277,988,2.2160000801086426,,0,0.291,0.8170000000000002,0.2626353790613718,0.059,-0.03319373847322481,1.0020572932791683,0.5045285487602822,classic,0,0,0,none,0,0,0,2.2580710992040194,-0.03319373847322481,0.05996377767723237,0
sensor,1768476080751,3416.5534462812507,0,-0.21822437644004822,0.8303599953651428,0.5268924832344055,-0.21822437644004822,0.8303599953651428,0.5268924832344055,0,0,0,10.0197051,9.9815843,3.7389608681318482,278,988.5,2.0160000324249268,,0,0,0.9889999999999999,0,0.177,-0.056037170813014535,0.9780635454358754,0.5053306885092225,classic,0,0,0,none,0,0,0,1.896848378558385,-0.056037170813014535,0.2215298335420924,0
sensor,1768476082752,3421.067434262301,0,-0.1830441653728485,0.8728821873664856,0.50690096616745,-0.1830441653728485,0.8728821873664856,0.50690096616745,0,0,0,10.0197118,9.9815436,3.4633997743090155,277,988.6,1.7999999523162842,,0,0.447,0.7029999999999998,0.38869565217391305,0,0.019260317430073795,1.078443623197538,0.48913383362949986,classic,0,0,0,none,0,0,0,3.2242694827762555,0.019260317430073795,0.2904127508062719,0
sensor,1768476084739,3425.3639819854357,0,-0.15938164293766022,0.8154619336128235,0.5483983159065247,-0.15938164293766022,0.8154619336128235,0.5483983159065247,0,0,0,10.0197151,9.9815045,3.3582784910635,278,988.8000000000001,1.6829999685287476,,0,0.545,0.614,0.47023295944779986,0,-0.002852236176925598,1.047186681850265,0.4895944466669912,classic,0,0,0,none,0,0,0,2.2667045013022675,-0.002852236176925598,0.2871905839656141,0
sensor,1768476086784,3430.099500444461,0,-0.118694968521595,0.8698230385780334,0.4256346821784973,-0.118694968521595,0.8698230385780334,0.4256346821784973,0,0,0,10.0197234,9.9814621,3.062105814980999,278,988.2,1.649999976158142,,0,0.233,0.88,0.20934411500449238,0.052,-0.02884394688341673,1.0140624501633113,0.4923078145660645,classic,0,0,0,none,0,0,0,1.9603995246771637,-0.02884394688341673,0.1834646335457829,0
sensor,1768476088759,3434.397009501686,0,-0.184971421957016,0.8241347074508667,0.4874294698238373,-0.184971421957016,0.8241347074508667,0.4874294698238373,0,0,0,10.0197268,9.9814230,2.9678691139440536,276,988.1,1.6330000162124634,,0,0.076,1.102,0.06451612903225805,0.001,-0.04704946548993225,0.9900302884337662,0.4875591107706529,classic,0,0,0,none,0,0,0,2.009686342539327,-0.04704946548993225,0.21682430478177342,0
sensor,1768476090737,3439.1220320450943,0,-0.20893985033035278,0.8383138179779053,0.5407504439353943,-0.20893985033035278,0.8383138179779053,0.5407504439353943,0,0,0,10.0197351,9.9813807,2.857433579094235,276,987.7,1.600000023841858,,0,0,0.9910000000000001,0,0.18,-0.0658458641954123,0.9734092464704444,0.4794927852845676,classic,0,0,0,none,0,0,0,2.1438995941323604,-0.0658458641954123,0.207140443577592,0
sensor,1768476092767,3443.4028782045325,0,0.057206083089113235,0.92182856798172,0.21750548481941223,0.057206083089113235,0.92182856798172,0.21750548481941223,0,0,0,10.0197351,9.9813416,2.7476199457336836,273,987.4,1.600000023841858,,0,0.273,0.815,0.2509191176470588,0.059,-0.07764058207563218,0.9572933419050911,0.47977493066240245,classic,0,0,0,none,0,0,0,2.107637897296044,-0.07764058207563218,0.29852229943810654,0
sensor,1768476094732,3447.3305547587534,0,-0.1728419065475464,0.8170986175537109,0.5307623147964478,-0.1728419065475464,0.8170986175537109,0.5307623147964478,0,0,0,10.0197351,9.9813058,2.6475835568708055,271,987.2,1.600000023841858,,0,0.181,0.859,0.17403846153846153,0,-0.09230708463130818,0.9408243719666226,0.483684705149086,classic,0,0,0,none,0,0,0,1.319993741850548,-0.09230708463130818,0.1557309739107145,0
sensor,1768476096769,3451.4669952349886,0,-0.1663106232881546,0.862267017364502,0.5602371692657471,-0.1663106232881546,0.862267017364502,0.5602371692657471,0,0,0,10.0197401,9.9812683,2.5570050165874294,272,988,1.600000023841858,,0,0.407,0.5840000000000001,0.4106962663975781,0.176,-0.09892832113525256,0.9287245697316162,0.4832256002941853,classic,0,0,0,none,0,0,0,1.506375139121022,-0.09892832113525256,0.12262856259883245,0
sensor,1768476098763,3455.9448333852793,0,0.015295743942260742,0.9037796258926392,0.5101589560508728,0.015295743942260742,0.9037796258926392,0.5101589560508728,0,0,0,10.0197434,9.9812276,2.4801560999010728,272,988.3000000000001,1.5829999446868896,,0,0.281,1.1069999999999998,0.20244956772334297,0,-0.10283290121341207,0.9187128124802187,0.479879343525019,classic,0,0,0,none,0,0,0,2.6486026275474783,-0.10283290121341207,0.12347596439255833,0
sensor,1768476100776,3460.242340412982,0,-0.29571259021759033,0.8252512812614441,0.5865458846092224,-0.29571259021759033,0.8252512812614441,0.5865458846092224,0,0,0,10.0197468,9.9811885,2.4127609158040606,274,988.4,1.5829999446868896,,0,0.309,0.693,0.3083832335329341,0.001,-0.11686852139511257,0.908066703554153,0.48661517699300566,classic,0,0,0,none,0,0,0,1.396196220537178,-0.11686852139511257,0.22208495145020873,0
sensor,1768476102741,3464.1633535436345,0,-0.1780424565076828,0.8915430307388306,0.5319859981536865,-0.1780424565076828,0.8915430307388306,0.5319859981536865,0,0,0,10.0197484,9.9811527,2.352547095157678,275,988.5,1.5829999446868896,,0,0.294,0.5389999999999999,0.35294117647058826,0.292,-0.12096329704480036,0.9015728419424415,0.4816153001506835,classic,0,0,0,none,0,0,0,1.3621770918790688,-0.12096329704480036,0.07717019033856895,0
sensor,1768476104733,3468.4801468118126,0,-0.19261930882930756,0.8384056091308594,0.5249499082565308,-0.19261930882930756,0.8384056091308594,0.5249499082565308,0,0,0,10.0197534,9.9811136,2.299278728762441,273,988.5,1.600000023841858,,0,0.11,0.8749999999999998,0.11167512690355333,0.183,-0.12726341715297737,0.8983368014649765,0.47679058655495576,classic,0,0,0,none,0,0,0,1.8185232265274949,-0.12726341715297737,0.1014152556202783,0
sensor,1768476106764,3472.9774240031065,0,0.09738799929618835,0.8892945647239685,0.4568379521369934,0.09738799929618835,0.8892945647239685,0.4568379521369934,0,0,0,10.0197584,9.9810729,2.2566879702696534,270,989,1.600000023841858,,0,0.901,0.1749999999999999,0.8373605947955391,0.092,-0.1342072216539791,0.8903797318550012,0.48187573089531494,classic,0,0,0,none,0,0,0,1.2631429076616234,-0.1342072216539791,0.23411782417596655,0
sensor,1768476108773,3477.0801938995505,0,-0.15571066737174988,0.8292281627655029,0.5178068280220032,-0.15571066737174988,0.8292281627655029,0.5178068280220032,0,0,0,10.0197568,9.9810355,2.2200080784060883,270,989.1,1.600000023841858,,0,1.049,0.042000000000000086,0.9615032080659944,0.058,-0.13552734399642055,0.8873972219161192,0.48341461769354344,classic,0,0,0,none,0,0,0,1.5213599129988626,-0.13552734399642055,0.07087978525074,0
sensor,1768476110739,3481.9100974778808,0,-0.21424748003482819,0.8185212016105652,0.537599503993988,-0.21424748003482819,0.8185212016105652,0.537599503993988,0,0,0,10.0197601,9.9809915,2.190901152484669,272,988.6,1.600000023841858,,0,0.355,0.8109999999999999,0.30445969125214406,0,-0.007079586241340787,0.9257813246232459,0.528398991735967,classic,0,0,0,none,0,0,0,2.1969897834274983,-0.007079586241340787,0.23464252459638682,0
sensor,1768476112742,3486.1951170365855,0,0.00856561679393053,1.062442421913147,0.19425594806671143,0.00856561679393053,1.062442421913147,0.19425594806671143,0,0,0,10.0197618,9.9809524,2.1726967208905656,274,988.7,1.600000023841858,,0,0.175,0.9470000000000001,0.15597147950089124,0,-0.03173525081675213,0.9155591584523644,0.5187821926263007,classic,0,0,0,none,0,0,0,2.4348116452901776,-0.03173525081675213,0.3602929379818325,0
sensor,1768476114735,3490.491660440619,0,-0.11930680274963379,0.8822584748268127,0.4983353018760681,-0.11930680274963379,0.8822584748268127,0.4983353018760681,0,0,0,10.0197651,9.9809133,2.163968765795143,269,988.2,1.565999984741211,,0,0.082,0.9629999999999999,0.0784688995215311,0.091,-0.05024701106921559,0.9047228010097154,0.5182341910447048,classic,0,0,0,none,0,0,0,1.2777532457833267,-0.05024701106921559,0.07567690087715563,0
sensor,1768476116743,3494.6056176943553,0,-0.21138718724250793,0.8240276575088501,0.5506467819213867,-0.21138718724250793,0.8240276575088501,0.5506467819213867,0,0,0,10.0197634,9.9808758,2.156248684480436,269,988.2,1.5499999523162842,,0,0.164,0.9430000000000001,0.14814814814814817,0.068,-0.06466420929143805,0.8987778220688601,0.5129676451183223,classic,0,0,0,none,0,0,0,1.6212236406878096,-0.06466420929143805,0.16977173073083257,0
sensor,1768476118759,3498.8901568994474,0,-0.14122560620307922,0.8812336921691895,0.47294437885284424,-0.14122560620307922,0.8812336921691895,0.47294437885284424,0,0,0,10.0197618,9.9808367,2.1518765918890748,271,988.5,1.5329999923706055,,0,0.324,0.8159999999999998,0.2842105263157895,0,-0.07435291018432019,0.8950517356282387,0.5047598411172982,classic,0,0,0,none,0,0,0,2.0030424817547696,-0.07435291018432019,0.0757119483350101,0
sensor,1768476120769,3503.1751726987063,0,-0.2316846400499344,0.8302529454231262,0.5142428874969482,-0.2316846400499344,0.8302529454231262,0.5142428874969482,0,0,0,10.0197601,9.9807976,2.150612005653101,271,988.4,1.5329999923706055,,0,0.058,1.089,0.050566695727986055,0,-0.09117346923228445,0.8856909768055888,0.5090984007275993,classic,0,0,0,none,0,0,0,1.0885356407360207,-0.09117346923228445,0.15189926671925522,0
sensor,1768476122768,3507.4601877883915,0,-0.1656070053577423,0.81281578540802,0.2432023286819458,-0.1656070053577423,0.81281578540802,0.2432023286819458,0,0,0,10.0197618,9.9807585,2.1474836623500786,272,988.4,1.5499999523162842,,0,0,1.171,0,0,-0.09909048603121542,0.8816025194773518,0.5023780004664404,classic,0,0,0,none,0,0,0,1.4306008321883525,-0.09909048603121542,0.2776637082744887,0
sensor,1768476124740,3511.9162752471298,0,-0.21128012239933014,0.8579841256141663,0.43623462319374084,-0.21128012239933014,0.8579841256141663,0.43623462319374084,0,0,0,10.0197601,9.9807179,2.1433893156322155,270,989,1.565999984741211,,0,0.094,1.049,0.08223972003499562,0,0.01708641459817651,1.0046970031361793,0.3438154041978428,classic,0,0,0,none,0,0,0,2.786819535529263,0.01708641459817651,0.28817639721015853,0
sensor,1768476126754,3516.212817179203,0,-0.21158601343631744,0.9013322591781616,0.40166622400283813,-0.21158601343631744,0.9013322591781616,0.40166622400283813,0,0,0,10.0197568,9.9806788,2.14304079744937,271,989.9,1.600000023841858,,0,0.449,0.7,0.3907745865970409,0,-0.018787475641916046,0.9817290163462107,0.3671296420853882,classic,0,0,0,none,0,0,0,2.318164893426043,-0.018787475641916046,0.21278945406945304,0
sensor,1768476128761,3520.157597887952,0,-0.16967567801475525,0.8701289892196655,0.5095471143722534,-0.16967567801475525,0.8701289892196655,0.5095471143722534,0,0,0,10.0197601,9.9806429,2.141911578021142,271,990,1.5829999446868896,,0,0.583,0.5720000000000001,0.5047619047619047,0,-0.05351349335689662,0.893986574100091,0.22515272191327163,classic,0,0,0,none,0,0,0,3.179610167078863,-0.05351349335689662,0.30967661606609004,0
sensor,1768476130759,3524.6203756292616,0,-0.17437146604061127,0.8226050734519958,0.5095471143722534,-0.17437146604061127,0.8226050734519958,0.5095471143722534,0,0,0,10.0197601,9.9806022,2.1386236149269666,269,989.8000000000001,1.5499999523162842,,0,0.117,1.031,0.10191637630662022,0,-0.06957273510908692,0.894498816515104,0.26219703242411535,classic,0,0,0,none,0,0,0,2.650657851697628,-0.06957273510908692,0.2794865322972557,0
sensor,1768476132738,3528.9053931311464,0,0.009682205505669117,0.9619033932685852,0.48385027050971985,0.009682205505669117,0.9619033932685852,0.48385027050971985,0,0,0,10.0197584,9.9805631,2.1393384822813304,267,989.5,1.5329999923706055,,0,0.735,0.45099999999999996,0.6197301854974705,0,-0.08215652732164631,0.8875748455322171,0.30155506919963443,classic,0,0,0,none,0,0,0,1.901650866088245,-0.08215652732164631,0.21832566404346476,0
sensor,1768476134732,3532.6559018710595,0,-0.2009860724210739,0.7905911207199097,0.4985341727733612,-0.2009860724210739,0.7905911207199097,0.4985341727733612,0,0,0,10.0197601,9.9805289,2.1414604955759766,266,989,1.5329999923706055,,0,0.928,0.281,0.7675765095119934,0,-0.09325918851432481,0.8816428232654823,0.3325190038186624,classic,0,0,0,none,0,0,0,2.017673329008209,-0.09325918851432481,0.21893989768144245,0
sensor,1768476136736,3537.1119860287995,0,-0.1661117821931839,0.8834821581840515,0.5163843035697937,-0.1661117821931839,0.8834821581840515,0.5163843035697937,0,0,0,10.0197618,9.9804882,2.142808104745714,271,988.5,1.5499999523162842,,0,0.13,0.9420000000000002,0.12126865671641791,0.077,-0.10111761291391069,0.8784984215281492,0.35807966285442155,classic,0,0,0,none,0,0,0,2.1308501941369813,-0.10111761291391069,0.17206029840611134,0
sensor,1768476138824,3541.7605457211093,0,-0.21261082589626312,0.8387115597724915,0.4870164692401886,-0.21261082589626312,0.8387115597724915,0.4870164692401886,0,0,0,10.0197601,9.9804458,2.1515407524580294,270,988.2,1.5499999523162842,,0,0.395,0.956,0.2923760177646188,0,-0.10963824779925885,0.8776550865219186,0.37469037551684414,classic,0,0,0,none,0,0,0,1.4619807746594988,-0.10963824779925885,0.1580706809948306,0
sensor,1768476140739,3546.576493729318,0,-0.08810348063707352,0.8673757314682007,0.44112923741340637,-0.08810348063707352,0.8673757314682007,0.44112923741340637,0,0,0,10.0197601,9.9804018,2.169148962837871,271,988.2,1.565999984741211,,0,0.115,0.9239999999999999,0.11068334937439847,0,-0.11515881138525162,0.8732001062478344,0.39715475319130167,classic,0,0,0,none,0,0,0,1.124252232108616,-0.11515881138525162,0.05221944134960036,0
sensor,1768476142755,3550.873038589487,0,-0.14122560620307922,0.8563628196716309,0.48314666748046875,-0.14122560620307922,0.8563628196716309,0.48314666748046875,0,0,0,10.0197568,9.9803627,2.185002954169272,269,987.5,1.5829999446868896,,0,1.09,0,1,0.058,-0.12283597257093974,0.8732561774185983,0.40795876221010235,classic,0,0,0,none,0,0,0,1.787209303022729,-0.12283597257093974,0.07962428668225398,0
sensor,1768476144740,3555.510463203045,0,-0.17896020412445068,0.8047549724578857,0.6026523113250732,-0.17896020412445068,0.8047549724578857,0.6026523113250732,0,0,0,10.0197584,9.9803204,2.200574830608916,270,987.1,1.600000023841858,,0,0.876,0.2450000000000001,0.7814451382694023,0.001,-0.15774449411314664,0.8345291931956578,0.20581177724812622,classic,0,0,0,none,0,0,0,3.7210977813713746,-0.15774449411314664,0.400523659219033,0
sensor,1768476146754,3560.177709285434,0,-0.17386671900749207,0.8453498482704163,0.523726224899292,-0.17386671900749207,0.8453498482704163,0.523726224899292,0,0,0,10.0197534,9.9802781,2.2144346749839228,266,987,1.600000023841858,,0,0,1.111,0,0,-0.17550621295217506,0.8492745093687198,0.39086523554291935,classic,0,0,0,none,0,0,0,1.8831446764509574,-0.17550621295217506,0.1335970391980607,0
sensor,1768476148837,3565.178758659033,0,-0.13388364017009735,0.886847198009491,0.4920181930065155,-0.13388364017009735,0.886847198009491,0.4920181930065155,0,0,0,10.0197518,9.9802325,2.229271688814654,268,986.8000000000001,1.5829999446868896,,0,0.29,0.7579999999999999,0.27671755725190844,0.116,-0.1765500196190361,0.8488463278442198,0.40808527875219053,classic,0,0,0,none,0,0,0,0.8874390375567751,-0.1765500196190361,0.10204455274042719,0
sensor,1768476150763,3569.294065228178,0,-0.08799640834331512,0.9256983995437622,0.6134663820266724,-0.08799640834331512,0.9256983995437622,0.6134663820266724,0,0,0,10.0197551,9.9801950,2.2385877418474704,269,987.2,1.565999984741211,,0,0.367,0.8089999999999999,0.3120748299319728,0,-0.16917162778116832,0.852142311462607,0.4212457772508836,classic,0,0,0,none,0,0,0,1.289765431253231,-0.16917162778116832,0.22235525129008002,0
sensor,1768476152751,3574.14199594155,0,-0.20332632958889008,0.797214150428772,0.5840985774993896,-0.20332632958889008,0.797214150428772,0.5840985774993896,0,0,0,10.0197601,9.9801511,2.2454404775593204,268,987.6,1.565999984741211,,0,0.118,0.943,0.1112158341187559,0.106,-0.09555671338697774,0.9091687322734598,0.24394105543206657,classic,0,0,0,none,0,0,0,3.058201201910565,-0.09555671338697774,0.3758515271844918,0
sensor,1768476154732,3578.961653916328,0,-0.0008106744498945773,1.007484793663025,0.2854185700416565,-0.0008106744498945773,1.007484793663025,0.2854185700416565,0,0,0,10.0197584,9.9801071,2.258717726079823,271,987.6,1.565999984741211,,0,0.174,0.992,0.14922813036020582,0,-0.10494790786544035,0.9045258485531908,0.2794653713140453,classic,0,0,0,none,0,0,0,1.4420972955422107,-0.10494790786544035,0.14729893302044658,0
sensor,1768476156790,3583.2461970693394,0,-0.25360342860221863,0.8224062323570251,0.5227014422416687,-0.25360342860221863,0.8224062323570251,0.5227014422416687,0,0,0,10.0197568,9.9800680,2.2766017209165446,268,987.7,1.565999984741211,,0,0.928,0.173,0.8428701180744778,0.084,-0.1177159624922044,0.895605385620757,0.31500958926247274,classic,0,0,0,none,0,0,0,2.0990682925338264,-0.1177159624922044,0.2600655209330173,0
sensor,1768476158950,3587.7129775258786,0,-0.14694620668888092,0.9870802760124207,0.5581876039505005,-0.14694620668888092,0.9870802760124207,0.5581876039505005,0,0,0,10.0197551,9.9800273,2.2873311120508486,267,987.7,1.565999984741211,,0,0.641,0.375,0.6309055118110236,0.115,-0.12107165567870452,0.8913943895697097,0.34209874027929155,classic,0,0,0,none,0,0,0,2.1321644047001653,-0.12107165567870452,0.23893334311683767,0
sensor,1768476160756,3592.3614946975504,0,-0.17876136302947998,0.8357594013214111,0.5667532086372375,-0.17876136302947998,0.8357594013214111,0.5667532086372375,0,0,0,10.0197584,9.9799849,2.2926059158575836,271,987.7,1.5829999446868896,,0,0.117,1.049,0.10034305317324187,0,-0.12267848350035448,0.8899381057062663,0.3619004547946846,classic,0,0,0,none,0,0,0,1.7672480284400538,-0.12267848350035448,0.22029378664068497,0
sensor,1768476162746,3597.3629514283452,0,-0.04241509735584259,0.9173316359519958,0.4573427140712738,-0.04241509735584259,0.9173316359519958,0.4573427140712738,0,0,0,10.0197601,9.9799393,2.3011874308222744,272,987.7,1.5829999446868896,,0,0.311,0.8760000000000001,0.2620050547598989,0,-0.1280219700519809,0.8835942471077064,0.38789531608209554,classic,0,0,0,none,0,0,0,1.6513247265630098,-0.1280219700519809,0.1158602151348146,0
sensor,1768476164763,3601.6438005296372,0,-0.12308485060930252,0.8351476192474365,0.446329802274704,-0.12308485060930252,0.8351476192474365,0.446329802274704,0,0,0,10.0197601,9.9799002,2.3044257140923197,267,988.1,1.5829999446868896,,0,1.146,0,1,0,-0.13070353553673025,0.8815155827444788,0.4011317757491667,classic,0,0,0,none,0,0,0,1.150057047493026,-0.13070353553673025,0.0655265129284155,0
sensor,1768476166750,3606.4917320771456,0,-0.21831615269184113,0.8432084918022156,0.5475876331329346,-0.21831615269184113,0.8432084918022156,0.5475876331329346,0,0,0,10.0197551,9.9798562,2.3077639985327725,266,988.4,1.5829999446868896,,0,0.758,0.28900000000000003,0.7239732569245462,0.118,-0.047055897533621924,0.8822201606137207,0.29290886524204274,classic,0,0,0,none,0,0,0,2.7810897740584326,-0.047055897533621924,0.3109302483965412,0
sensor,1768476168933,3611.1852516999684,0,-0.08157220482826233,0.9195801019668579,0.3323306143283844,-0.08157220482826233,0.9195801019668579,0.3323306143283844,0,0,0,10.0197484,9.9798139,2.3156217116784568,267,988.3000000000001,1.5829999446868896,,0,0.134,1.049,0.11327134404057483,0,-0.06252145576744733,0.8828495158217736,0.3244593670344106,classic,0,0,0,none,0,0,0,1.2083228345466,-0.06252145576744733,0.04233081279611216,0
sensor,1768476170776,3615.8338134465725,0,-0.1722300797700882,0.8294422626495361,0.515971302986145,-0.1722300797700882,0.8294422626495361,0.515971302986145,0,0,0,10.0197501,9.9797715,2.32786326005362,264,988.6,1.5499999523162842,,0,0.275,0.8909999999999999,0.23584905660377362,0,-0.08012932936686751,0.8753319329832161,0.3545599564226123,classic,0,0,0,none,0,0,0,1.9833036953425087,-0.08012932936686751,0.19238300284842788,0
sensor,1768476172752,3620.320473165014,0,-0.1846655160188675,0.9006134271621704,0.46610718965530396,-0.1846655160188675,0.9006134271621704,0.46610718965530396,0,0,0,10.0197451,9.9797309,2.3353978086595246,264,989,1.5329999923706055,,0,1.185,0,1,0,-0.09050895175382953,0.873617578805455,0.3730344020298377,classic,0,0,0,none,0,0,0,2.1297389662212547,-0.09050895175382953,0.1357966289913455,0
sensor,1768476174728,3624.979659796059,0,-0.17977087199687958,0.8308648467063904,0.48284074664115906,-0.17977087199687958,0.8308648467063904,0.48284074664115906,0,0,0,10.0197418,9.9796885,2.339337913840746,262,988.8000000000001,1.5329999923706055,,0,0.23,0.925,0.19913419913419914,0,-0.09240990996114282,0.875668808956721,0.3961839022761353,classic,0,0,0,none,0,0,0,2.129269185745357,-0.09240990996114282,0.1316112593750836,0
sensor,1768476176741,3629.7956067119735,0,-0.16263964772224426,0.9107086062431335,0.38158291578292847,-0.16263964772224426,0.9107086062431335,0.38158291578292847,0,0,0,10.0197418,9.9796445,2.3431607151903844,267,988.6,1.565999984741211,,0,0.642,0.5059999999999999,0.559233449477352,0,-0.10691012421428052,0.8700274863072369,0.4148916712237776,classic,0,0,0,none,0,0,0,1.1517277449727352,-0.10691012421428052,0.07700228426945765,0
sensor,1768476178995,3634.2822669105667,0,-0.2252604216337204,0.8637048006057739,0.5107707381248474,-0.2252604216337204,0.8637048006057739,0.5107707381248474,0,0,0,10.0197368,9.9796038,2.3421962399694225,264,988.4,1.565999984741211,,0,0.486,0.817,0.37298541826554105,0,-0.1099866482879399,0.8701224481981015,0.4274434495209024,classic,0,0,0,none,0,0,0,1.1884265605407778,-0.1099866482879399,0.14309760081350303,0
sensor,1768476180736,3639.310976377937,0,-0.2014908343553543,0.8077223300933838,0.6054055094718933,-0.2014908343553543,0.8077223300933838,0.6054055094718933,0,0,0,10.0197318,9.9795582,2.3394449984206833,263,988,1.5829999446868896,,0,0.117,0.812,0.12594187298170076,0.176,-0.11539269134930837,0.8714450804336102,0.43400341961453615,classic,0,0,0,none,0,0,0,1.4321298599122896,-0.11539269134930837,0.20313483593203316,0
sensor,1768476182768,3644.3231409047858,0,0.016825318336486816,0.9815738201141357,0.4826265871524811,0.016825318336486816,0.9815738201141357,0.4826265871524811,0,0,0,10.0197284,9.9795126,2.3390093646495482,267,988.4,1.565999984741211,,0,0,1.1079999999999999,0,0.058,-0.11829217586404145,0.8717574289452098,0.44017601626627306,classic,0,0,0,none,0,0,0,1.792111645867099,-0.11829217586404145,0.18011673242377854,0
sensor,1768476184749,3648.7787752726254,0,-0.1420515775680542,0.8507492542266846,0.4742751121520996,-0.1420515775680542,0.8507492542266846,0.4742751121520996,0,0,0,10.0197268,9.9794719,2.3410426185724704,264,988.9,1.565999984741211,,0,1.248,0,1,0.117,-0.12657754548296754,0.8679635887389384,0.45467501389813797,classic,0,0,0,none,0,0,0,0.5875799936679367,-0.12657754548296754,0.03048297426668612,0
sensor,1768476186740,3653.626707385511,0,-0.2716524004936218,0.8715514540672302,0.42511460185050964,-0.2716524004936218,0.8715514540672302,0.42511460185050964,0,0,0,10.0197218,9.9794279,2.342231604572319,263,989.5,1.565999984741211,,0,0.534,0.524,0.504725897920605,0.117,-0.1315928067148047,0.8666639830060742,0.45973398554533074,classic,0,0,0,none,0,0,0,1.4232115756705073,-0.1315928067148047,0.14508288360570218,0
sensor,1768476188983,3658.4574721947,0,-0.19456186890602112,0.8241347074508667,0.4932418763637543,-0.19456186890602112,0.8241347074508667,0.4932418763637543,0,0,0,10.0197184,9.9793840,2.3462601711457602,267,989.8000000000001,1.5829999446868896,,0,0.057,0.89,0.06019007391763463,0.219,-0.12562070856924057,0.8688618232636539,0.46444916067310527,classic,0,0,0,none,0,0,0,1.1583331624054138,-0.12562070856924057,0.08751465957408151,0
sensor,1768476190738,3662.7540164635025,0,-0.22259895503520966,0.87786865234375,0.4611208140850067,-0.22259895503520966,0.87786865234375,0.4611208140850067,0,0,0,10.0197151,9.9793449,2.355250050289473,264,990.1,1.600000023841858,,0,0.942,0,1,0,-0.13670260230615786,0.8655625441190339,0.4692010339049927,classic,0,0,0,none,0,0,0,0.7278381855641917,-0.13670260230615786,0.08758673552902692,0
sensor,1768476192760,3667.5736692407168,0,-0.2904202938079834,0.8289222121238708,0.3936053514480591,-0.2904202938079834,0.8289222121238708,0.3936053514480591,0,0,0,10.0197134,9.9793009,2.357475254571605,263,990.1,1.6160000562667847,,0,0.515,0.6569999999999999,0.43941979522184305,0,-0.1398585275479114,0.8656498861134297,0.4685371900330956,classic,0,0,0,none,0,0,0,1.2557882808049645,-0.1398585275479114,0.1730061003537067,0
sensor,1768476194738,3672.6251462144087,0,-0.18855062127113342,0.847078263759613,0.48334550857543945,-0.18855062127113342,0.847078263759613,0.48334550857543945,0,0,0,10.0197068,9.9792553,2.3558124289547875,264,990,1.6160000562667847,,0,0.381,0.443,0.462378640776699,0.341,-0.13810514923550346,0.8675229897772044,0.4654115347861714,classic,0,0,0,none,0,0,0,1.173931899274106,-0.13810514923550346,0.057597321683131496,0
sensor,1768476196745,3677.3186662596745,0,-0.12817832827568054,0.9600679278373718,0.3033604919910431,-0.12817832827568054,0.9600679278373718,0.3033604919910431,0,0,0,10.0197001,9.9792129,2.3570306009139372,263,990.1,1.6160000562667847,,0,0.798,0.31499999999999995,0.7169811320754718,0,-0.1432245647650808,0.8634719050605422,0.473162759267588,classic,0,0,0,none,0,0,0,0.8625959169456466,-0.1432245647650808,0.19691822996935107,0
sensor,1768476199088,3681.843204296227,0,-0.2200598567724228,0.8680793046951294,0.5249499082565308,-0.2200598567724228,0.8680793046951294,0.5249499082565308,0,0,0,10.0196934,9.9791722,2.3594674671547775,260,989.3000000000001,1.600000023841858,,0,1.103,0.05800000000000005,0.9500430663221361,0,-0.10804266818337664,0.9375964900919527,0.33890131920597033,classic,0,0,0,none,0,0,0,2.0762761579916686,-0.10804266818337664,0.22916901735793094,0
sensor,1768476200754,3686.6731092965356,0,-0.2071043699979782,0.879092276096344,0.5345403552055359,-0.2071043699979782,0.879092276096344,0.5345403552055359,0,0,0,10.0196901,9.9791282,2.361394822230042,261,988.9,1.600000023841858,,0,1.079,0,1,0.115,-0.11285095021180046,0.9304331645545707,0.35631652317474544,classic,0,0,0,none,0,0,0,2.478635161114646,-0.11285095021180046,0.20909191658908852,0
sensor,1768476202808,3691.684444260647,0,-0.23994432389736176,0.8637965321540833,0.4877353608608246,-0.23994432389736176,0.8637965321540833,0.4877353608608246,0,0,0,10.0196868,9.9790826,2.3666615317249033,265,988.3000000000001,1.600000023841858,,0,1.05,0.10899999999999999,0.90595340811044,0,-0.00737214604498234,1.020643661219908,0.35330409383399225,classic,0,0,0,none,0,0,0,2.22839269895134,-0.00737214604498234,0.31263003262028266,0
sensor,1768476204740,3696.702520403839,0,-0.18619509041309357,0.856454610824585,0.42838791012763977,-0.18619509041309357,0.856454610824585,0.42838791012763977,0,0,0,10.0196818,9.9790370,2.382025165181629,264,987.8000000000001,1.600000023841858,,0,0.492,0.698,0.41344537815126053,0,-0.03502452642107228,0.993376963208806,0.3776354842509137,classic,0,0,0,none,0,0,0,2.3901521192754704,-0.03502452642107228,0.21123724802368438,0
sensor,1768476206776,3701.5332861539455,0,-0.16182897984981537,0.8178175091743469,0.49027445912361145,-0.16182897984981537,0.8178175091743469,0.49027445912361145,0,0,0,10.0196784,9.9789931,2.394842113037845,262,988.4,1.600000023841858,,0,1.051,0.11699999999999999,0.8998287671232876,0,-0.0580069165929293,0.975081388946264,0.3915648135644875,classic,0,0,0,none,0,0,0,2.182387934352992,-0.0580069165929293,0.21380015227955385,0
sensor,1768476208997,3706.5446208374274,0,-0.26970985531806946,0.7883426547050476,0.6076539754867554,-0.26970985531806946,0.7883426547050476,0.6076539754867554,0,0,0,10.0196751,9.9789474,2.405662940644953,258,989,1.600000023841858,,0,0.168,0.999,0.14395886889460155,0,-0.0728379262995319,0.9561687971125612,0.4076457023361335,classic,0,0,0,none,0,0,0,2.3751732062684656,-0.0728379262995319,0.32864087998733427,0
sensor,1768476210747,3711.5977257550085,0,-0.07413846999406815,1.001366376876831,-0.038040511310100555,-0.07413846999406815,1.001366376876831,-0.038040511310100555,0,0,0,10.0196684,9.9789018,2.4184681400478616,258,989.1,1.600000023841858,,0,0.291,0.899,0.2445378151260504,0,0.03618956339555868,1.0321489127816597,0.3350207020640493,classic,0,0,0,none,0,0,0,1.8825604187745955,0.03618956339555868,0.39221034176911934,0
sensor,1768476212707,3716.469270907639,0,-0.19303229451179504,0.8756354451179504,0.5406586527824402,-0.19303229451179504,0.8756354451179504,0.5406586527824402,0,0,0,10.0196618,9.9788578,2.4314041732934264,262,989.3000000000001,1.600000023841858,,0,0.909,0.174,0.8393351800554018,0.084,0.0009377176888577961,1.0031992587010583,0.35805373197781737,classic,0,0,0,none,0,0,0,3.053669867932632,0.0009377176888577961,0.2968508897872048,0
sensor,1768476214767,3721.470760351383,0,-0.18110160529613495,0.6843315958976746,0.48843899369239807,-0.18110160529613495,0.6843315958976746,0.48843899369239807,0,0,0,10.0196584,9.9788123,2.436039631815794,261,989,1.600000023841858,,0,0.74,0.381,0.6601248884924175,0,-0.02211955749109578,0.9811482142729019,0.37898098134053626,classic,0,0,0,none,0,0,0,2.8396395148336495,-0.02211955749109578,0.3558363138743281,0
sensor,1768476216757,3726.49947201988,0,-0.25156909227371216,0.810567319393158,0.5371865034103394,-0.25156909227371216,0.810567319393158,0.5371865034103394,0,0,0,10.0196534,9.9787667,2.4384977997797863,261,989.4,1.600000023841858,,0,0.525,0.6409999999999999,0.4502572898799314,0,-0.03870401170500541,0.9644421070849468,0.3930710976657909,classic,0,0,0,none,0,0,0,2.4640069748694478,-0.03870401170500541,0.3011023122545226,0
sensor,1768476219063,3731.879327377548,0,-0.15896865725517273,0.8591160774230957,0.49639278650283813,-0.15896865725517273,0.8591160774230957,0.49639278650283813,0,0,0,10.0196484,9.9787178,2.4485131524386476,266,989.1,1.600000023841858,,0,0.366,0.5820000000000001,0.38607594936708856,0.199,-0.059704911669821684,0.9493573227709263,0.4062792502621326,classic,0,0,0,none,0,0,0,1.7314486178330486,-0.059704911669821684,0.16242034086111845,0
sensor,1768476220760,3736.908041442411,0,-0.1965044140815735,0.7366430163383484,0.4385748505592346,-0.1965044140815735,0.7366430163383484,0.4385748505592346,0,0,0,10.0196434,9.9786722,2.4596989070206576,256,989.5,1.600000023841858,,0,0.117,1.035,0.10156250000000001,0,-0.0789191415957668,0.9359365643320238,0.4219820951703106,classic,0,0,0,none,0,0,0,1.9248437650196553,-0.0789191415957668,0.23315615581403892,0
sensor,1768476222750,3742.128992676244,0,-0.058842726051807404,1.022780418395996,0.8013898730278015,-0.058842726051807404,1.022780418395996,0.8013898730278015,0,0,0,10.0196368,9.9786250,2.470281422712427,259,989.5,1.6160000562667847,,0,0,1.19,0,0,-0.08473595481938319,0.9236808080855943,0.4327612782139491,classic,0,0,0,none,0,0,0,1.866827549294342,-0.08473595481938319,0.3845166671558494,0
sensor,1768476224750,3747.0346822618963,0,-0.219952791929245,0.8208767175674438,0.5651318430900574,-0.219952791929245,0.8208767175674438,0.5651318430900574,0,0,0,10.0196284,9.9785810,2.481378507542311,254,989,1.6160000562667847,,0,0,1.297,0,0,-0.094828911825315,0.9141615281077854,0.4386591536572685,classic,0,0,0,none,0,0,0,1.8835512498377018,-0.094828911825315,0.20189096823194616,0
sensor,1768476226734,3751.6801241749395,0,-0.25390931963920593,0.8415718078613281,0.48476800322532654,-0.25390931963920593,0.8415718078613281,0.48476800322532654,0,0,0,10.0196168,9.9785402,2.4908846980023296,257,989.4,1.6330000162124634,,0,0,1.167,0,0,-0.018261556760305313,0.9699781706789095,0.1931020885072716,classic,0,0,0,none,0,0,0,3.013691750839638,-0.018261556760305313,0.3983337786547659,0
sensor,1768476229041,3756.44567584875,0,0.06037230044603348,1.0122722387313843,0.3256005048751831,0.06037230044603348,1.0122722387313843,0.3256005048751831,0,0,0,10.0196068,9.9784979,2.4984640974643386,256,989.2,1.6160000562667847,,0,0,1.381,0,0,-0.10661477055344376,0.930051277182157,0.3840709238913402,classic,0,0,0,none,0,0,0,1.442995717221702,-0.10661477055344376,0.19607975371107936,0
sensor,1768476230737,3761.775991205803,0,-0.18171343207359314,0.7820254564285278,0.432150661945343,-0.18171343207359314,0.7820254564285278,0.432150661945343,0,0,0,10.0195951,9.9784507,2.504658278392917,254,989.2,1.6160000562667847,,0,0.832,0.045000000000000026,0.9486887115165336,0.113,-0.11499357262973703,0.9192053665084038,0.3993946277045996,classic,0,0,0,none,0,0,0,1.6778630907833296,-0.11499357262973703,0.15680590347391296,0
sensor,1768476232761,3767.116688472619,0,-0.22913025319576263,0.8065904378890991,0.5905227661132812,-0.22913025319576263,0.8065904378890991,0.5905227661132812,0,0,0,10.0195834,9.9784034,2.5106677603107217,256,988.6,1.6330000162124634,,0,0.125,1.023,0.1088850174216028,0,-0.1209910286550772,0.9112131335747197,0.41053196606531617,classic,0,0,0,none,0,0,0,1.6837983888183525,-0.1209910286550772,0.23577788438716,0
sensor,1768476234765,3772.267970140313,0,-0.14021608233451843,0.8777768611907959,0.3429305851459503,-0.14021608233451843,0.8777768611907959,0.3429305851459503,0,0,0,10.0195718,9.9783579,2.5199749699937155,259,988.2,1.649999976158142,,0,0.123,1.037,0.1060344827586207,0,-0.12594292948629057,0.9075871445753426,0.4212560734412963,classic,0,0,0,none,0,0,0,1.3435784113225353,-0.12594292948629057,0.08544048376001308,0
sensor,1768476236753,3776.482391818258,0,-0.19414886832237244,0.8644083738327026,0.49588802456855774,-0.19414886832237244,0.8644083738327026,0.49588802456855774,0,0,0,10.0195634,9.9783204,2.529227411701605,255,988.4,1.649999976158142,,0,0.123,1.038,0.10594315245478035,0,-0.13589898078837592,0.8970767714093081,0.4317270142824474,classic,0,0,0,none,0,0,0,1.2119709136451995,-0.13589898078837592,0.0930769870099559,0
sensor,1768476239071,3781.011487035669,0,-0.15938164293766022,0.8744117617607117,0.5458592176437378,-0.15938164293766022,0.8744117617607117,0.5458592176437378,0,0,0,10.0195501,9.9782813,2.529133462151942,254,988.8000000000001,1.6160000562667847,,0,0.196,0.913,0.17673579801623085,0.058,-0.13675382619135773,0.8916477583690071,0.4397453511524284,classic,0,0,0,none,0,0,0,1.158195338883586,-0.13675382619135773,0.1104122008710094,0
sensor,1768476240737,3786.0833396862176,0,-0.2256580889225006,0.8201577663421631,0.4974175989627838,-0.2256580889225006,0.8201577663421631,0.4974175989627838,0,0,0,10.0195418,9.9782357,2.5254240077820564,256,989.8000000000001,1.600000023841858,,0,0.343,0.7650000000000001,0.3095667870036101,0.059,-0.13578499934328925,0.890470168155882,0.44297496707037337,classic,0,0,0,none,0,0,0,1.0302476524559567,-0.13578499934328925,0.12706716030270201,0
sensor,1768476242760,3791.2985989344897,0,0.07372548431158066,1.0859978199005127,0.2967374324798584,0.07372548431158066,1.0859978199005127,0.2967374324798584,0,0,0,10.0195284,9.9781901,2.5224855842108114,255,990.1,1.600000023841858,,0,0.235,0.924,0.20276100086281276,0,-0.13873548992142756,0.8853169484331862,0.4503204357379324,classic,0,0,0,none,0,0,0,1.5104343862517087,-0.13873548992142756,0.33181086278191446,0
sensor,1768476244729,3796.023621337063,0,-0.16886501014232635,0.8479959964752197,0.5125144720077515,-0.16886501014232635,0.8479959964752197,0.5125144720077515,0,0,0,10.0195201,9.9781478,2.5177044689396877,254,989.4,1.6160000562667847,,0,0.175,0.992,0.14995715509854327,0,-0.14180639373703688,0.8809900129150969,0.4554247364162745,classic,0,0,0,none,0,0,0,1.6234453647039204,-0.14180639373703688,0.07163236298553524,0
sensor,1768476246749,3800.5481543741066,0,-0.1839619129896164,0.7101354598999023,0.48957085609436035,-0.1839619129896164,0.7101354598999023,0.48957085609436035,0,0,0,10.0195134,9.9781070,2.5119771876096366,254,989.3000000000001,1.6330000162124634,,0,0.116,1.031,0.10113339145597211,0,-0.07721943749073208,0.9366737867908419,0.3191892697858276,classic,0,0,0,none,0,0,0,3.091275285848904,-0.07721943749073208,0.3044138893746953,0
sensor,1768476249059,3805.6447451510808,0,-0.13571913540363312,0.9425236582756042,0.5223954916000366,-0.13571913540363312,0.9425236582756042,0.5223954916000366,0,0,0,10.0194984,9.9780631,2.5076548634864486,251,989.3000000000001,1.6330000162124634,,0,0.233,0.934,0.19965724078834618,0,-0.09165610005573462,0.9251963725953155,0.34247923040285283,classic,0,0,0,none,0,0,0,1.5364335925866708,-0.09165610005573462,0.18697694166397105,0
sensor,1768476250761,3810.239044700261,0,-0.23199054598808289,0.8733869791030884,0.48926496505737305,-0.23199054598808289,0.8733869791030884,0.48926496505737305,0,0,0,10.0194834,9.9780240,2.4987077743449553,252,989.4,1.6160000562667847,,0,0.175,0.992,0.14995715509854327,0,-0.09992352047340476,0.9165065364614375,0.3650964799579355,classic,0,0,0,none,0,0,0,1.6526713163226763,-0.09992352047340476,0.18726616781362207,0
sensor,1768476252742,3815.276941603382,0,-0.21761254966259003,0.8250524401664734,0.4706959128379822,-0.21761254966259003,0.8250524401664734,0.4706959128379822,0,0,0,10.0194701,9.9779800,2.4812082864711047,249,989.3000000000001,1.600000023841858,,0,0.176,0.992,0.1506849315068493,0,-0.10852500954712492,0.9091030511512793,0.3812037347805232,classic,0,0,0,none,0,0,0,2.1817244966759834,-0.10852500954712492,0.165061254067494,0
sensor,1768476254764,3820.2691662098505,0,-0.13510730862617493,0.9678075909614563,0.40645378828048706,-0.13510730862617493,0.9678075909614563,0.40645378828048706,0,0,0,10.0194534,9.9779377,2.4613776040839506,251,989.2,1.600000023841858,,0,0.564,0.6010000000000001,0.48412017167381965,0,-0.11483833462820632,0.9037698325699697,0.3980468413079814,classic,0,0,0,none,0,0,0,1.3856524456636934,-0.11483833462820632,0.06803316816852252,0
sensor,1768476256736,3824.21366474366,0,-0.12144821137189865,0.9156031608581543,0.5475876331329346,-0.12144821137189865,0.9156031608581543,0.5475876331329346,0,0,0,10.0194384,9.9779050,2.4369870808810874,249,989.6,1.6160000562667847,,0,0.091,1.089,0.07711864406779662,0,-0.119923221995978,0.8988509503359174,0.41255924128776605,classic,0,0,0,none,0,0,0,1.2389994763095644,-0.119923221995978,0.13675592502701514,0
sensor,1768476259012,3828.904933910394,0,-0.17570221424102783,0.796709418296814,0.49466437101364136,-0.17570221424102783,0.796709418296814,0.49466437101364136,0,0,0,10.0194251,9.9778644,2.4090157808236756,248,990,1.6160000562667847,,0,0.234,0.9219999999999999,0.20242214532871974,0,-0.12644475182647116,0.8938672358431868,0.42093133663957716,classic,0,0,0,none,0,0,0,1.8868034275958143,-0.12644475182647116,0.13219996543013346,0
sensor,1768476260739,3834.0545935268606,0,-0.22454151511192322,0.8855164647102356,0.3729102313518524,-0.22454151511192322,0.8855164647102356,0.3729102313518524,0,0,0,10.0194051,9.9778220,2.3869807062186466,246,990.3000000000001,1.6330000162124634,,0,0,1.028,0,0.097,-0.1307615171484449,0.890576167771532,0.42476573424848524,classic,0,0,0,none,0,0,0,2.142481327097355,-0.1307615171484449,0.10782042292004704,0
sensor,1768476262762,3838.5287592303384,0,-0.1359332650899887,0.898976743221283,0.5395267605781555,-0.1359332650899887,0.898976743221283,0.5395267605781555,0,0,0,10.0193934,9.9777829,2.372555536775053,244,989.8000000000001,1.6160000562667847,,0,0.648,0.525,0.5524296675191815,0,-0.1396447039177336,0.8849760947328438,0.43508545416922634,classic,0,0,0,none,0,0,0,0.9573156574537223,-0.1396447039177336,0.10597073483834338,0
sensor,1768476264743,3843.190588140919,0,-0.15112195909023285,0.8907170295715332,0.4506126046180725,-0.15112195909023285,0.8907170295715332,0.4506126046180725,0,0,0,10.0193768,9.9777438,2.3604398098952553,247,989.1,1.6330000162124634,,0,0.812,0.48,0.628482972136223,0,-0.07288319111990457,0.9227484115858479,0.24226059862023416,classic,0,0,0,none,0,0,0,3.091221647911034,-0.07288319111990457,0.2259806820403526,0
sensor,1768476266772,3848.182808927449,0,-0.289808452129364,0.8706337213516235,0.392182856798172,-0.289808452129364,0.8706337213516235,0.392182856798172,0,0,0,10.0193601,9.9777015,2.3547449205657194,244,990,1.6160000562667847,,0,0.491,0.672,0.4221840068787618,0,-0.08550645374912907,0.915630326498133,0.2795201013412664,classic,0,0,0,none,0,0,0,2.493184559789946,-0.08550645374912907,0.23880060538470926,0
sensor,1768476268752,3853.1750310087696,0,-0.13348595798015594,0.8608444333076477,0.44744640588760376,-0.13348595798015594,0.8608444333076477,0.44744640588760376,0,0,0,10.0193434,9.9776592,2.358839684681104,244,990.4,1.6160000562667847,,0,0.14,0.981,0.1248884924174844,0,-0.16773763615950749,0.8579087708898966,0.43066954376693206,classic,0,0,0,none,0,0,0,0.7975696492814522,-0.16773763615950749,0.038444788228374875,0
sensor,1768476270771,3857.836864145225,0,-0.13388364017009735,0.906532883644104,0.4922170341014862,-0.13388364017009735,0.906532883644104,0.4922170341014862,0,0,0,10.0193268,9.9776201,2.366325782026806,244,990.3000000000001,1.600000023841858,,0,0.931,8.673617379884035e-19,1,0.001,-0.1652746941420518,0.8621678706406316,0.43357683192749713,classic,0,0,0,none,0,0,0,1.6614822988502214,-0.1652746941420518,0.08035379181827078,0
sensor,1768476272762,3862.7509010886265,0,-0.24717921018600464,0.8241347074508667,0.4907945394515991,-0.24717921018600464,0.8241347074508667,0.4907945394515991,0,0,0,10.0193051,9.9775810,2.37983682112867,237,989.4,1.600000023841858,,0,0.174,0.992,0.14922813036020582,0,-0.16289290719437327,0.8643814139219094,0.4356231561422103,classic,0,0,0,none,0,0,0,0.8867353413057604,-0.16289290719437327,0.1090248911870398,0
sensor,1768476274770,3868.111000588808,0,0.020297450944781303,0.9491467475891113,0.3790285289287567,0.020297450944781303,0.9491467475891113,0.3790285289287567,0,0,0,10.0192784,9.9775402,2.400248520957421,242,988.5,1.6160000562667847,,0,0.174,0.8770000000000002,0.1655566127497621,0.059,-0.16190325233848568,0.8615065947145469,0.44879347775336287,classic,0,0,0,none,0,0,0,1.2165000984836998,-0.16190325233848568,0.21495568161660705,0
sensor,1768476276775,3873.019590497412,0,-0.1898660659790039,0.8648213148117065,0.4980294108390808,-0.1898660659790039,0.8648213148117065,0.4980294108390808,0,0,0,10.0192568,9.9775012,2.4216903000890557,234,987.7,1.6330000162124634,,0,1.109,0.040999999999999925,0.9643478260869566,0,-0.11148936725070738,0.867921700521164,0.313390458373599,classic,0,0,0,none,0,0,0,2.0226678496545625,-0.11148936725070738,0.20161731383112386,0
sensor,1768476278760,3878.3043604947215,0,-0.22801364958286285,0.7734599113464355,0.4810052216053009,-0.22801364958286285,0.7734599113464355,0.4810052216053009,0,0,0,10.0192268,9.9774637,2.43943345731586,228,988,1.6660000085830688,,0,0.167,0.8879999999999999,0.15829383886255927,0.125,-0.12062034983426788,0.8717778711289481,0.3365063996004033,classic,0,0,0,none,0,0,0,2.4289237200271345,-0.12062034983426788,0.20616407366356101,0
sensor,1768476280746,3883.062236674157,0,-0.06301846355199814,0.9635248184204102,0.34762635827064514,-0.06301846355199814,0.9635248184204102,0.34762635827064514,0,0,0,10.0191968,9.9774328,2.458541376636432,227,988.4,1.649999976158142,,0,0.517,0.652,0.4422583404619333,0,-0.12169903476811443,0.8724690391699615,0.3587880574058562,classic,0,0,0,none,0,0,0,2.182514624891478,-0.12169903476811443,0.10944694962719842,0
sensor,1768476282762,3888.337041863802,0,-0.15590952336788177,0.8580911755561829,0.5464710593223572,-0.15590952336788177,0.8580911755561829,0.5464710593223572,0,0,0,10.0191634,9.9773985,2.480527958071135,225,988.5,1.649999976158142,,0,0.35,0.7979999999999999,0.3048780487804878,0,-0.13478594391841728,0.8669874093060281,0.38254208884601293,classic,0,0,0,none,0,0,0,1.442669931407941,-0.13478594391841728,0.16635535802592782,0
sensor,1768476284755,3893.499962800198,0,-0.12592986226081848,0.9116263389587402,0.28194642066955566,-0.12592986226081848,0.9116263389587402,0.28194642066955566,0,0,0,10.0191284,9.9773676,2.499473046337168,222,988.5,1.6330000162124634,,0,0.99,0.040000000000000036,0.9611650485436893,0.125,-0.14107765715245074,0.8673961090593905,0.39374590374361945,classic,0,0,0,none,0,0,0,1.9897916416275259,-0.14107765715245074,0.12179019267452268,0
sensor,1768476286770,3898.7914350300116,0,-0.19476071000099182,0.833419144153595,0.45836758613586426,-0.19476071000099182,0.833419144153595,0.45836758613586426,0,0,0,10.0190918,9.9773367,2.5187014832698438,215,988.6,1.6330000162124634,,0,0.96,0.17599999999999993,0.8450704225352114,0,-0.1379627740094151,0.8690998897384147,0.4039924955804046,classic,0,0,0,none,0,0,0,1.6918102827776904,-0.1379627740094151,0.08678071365007281,0
sensor,1768476288755,3904.2164110870176,0,-0.14653322100639343,0.8826715350151062,0.44938892126083374,-0.14653322100639343,0.8826715350151062,0.44938892126083374,0,0,0,10.0190551,9.9773041,2.5440021759330675,219,988.8000000000001,1.6160000562667847,,0,0.213,0.8400000000000001,0.20227920227920224,0.116,-0.1439322920630778,0.8664777196338137,0.41752296830639934,classic,0,0,0,none,0,0,0,1.009224468873128,-0.1439322920630778,0.036019229026184076,0
sensor,1768476290761,3909.516440449413,0,-0.021827025339007378,0.8894933462142944,0.4851810038089752,-0.021827025339007378,0.8894933462142944,0.4851810038089752,0,0,0,10.0190184,9.9772732,2.567876316244818,221,989.6,1.6330000162124634,,0,0.116,1.039,0.10043290043290043,0,-0.14258191516877705,0.8663506155337732,0.4269856548029732,classic,0,0,0,none,0,0,0,1.6153517371539863,-0.14258191516877705,0.1367130770623051,0
sensor,1768476292748,3915.303474161263,0,-0.20669138431549072,0.8269949555397034,0.5067938566207886,-0.20669138431549072,0.8269949555397034,0.5067938566207886,0,0,0,10.0189751,9.9772439,2.590443830746934,213,989.4,1.649999976158142,,0,0,1.104,0,0.035,-0.14149850164506347,0.8707021994445784,0.42847955683778677,classic,0,0,0,none,0,0,0,1.130104253495226,-0.14149850164506347,0.1114335161458865,0
sensor,1768476294758,3920.748335761828,0,-0.05731315165758133,0.9232511520385742,0.3137615919113159,-0.05731315165758133,0.9232511520385742,0.3137615919113159,0,0,0,10.0189368,9.9772129,2.6129261759417677,216,989.1,1.7000000476837158,,0,0.231,0.9169999999999999,0.20121951219512196,0,-0.14406551391128014,0.8671569996625997,0.44083940236167934,classic,0,0,0,none,0,0,0,1.0615385827858344,-0.14406551391128014,0.16459506143983205,0
sensor,1768476296736,3925.5246673697775,0,-0.15632250905036926,0.8298399448394775,0.508124589920044,-0.15632250905036926,0.8298399448394775,0.508124589920044,0,0,0,10.0188984,9.9771933,2.6313748955922094,210,988.9,1.6660000085830688,,0,0.681,0.46699999999999986,0.593205574912892,0,-0.14543844351176272,0.8656996199888523,0.45099187687539416,classic,0,0,0,none,0,0,0,0.8478179942236683,-0.14543844351176272,0.06866996311014967,0
sensor,1768476298758,3930.3951007320356,0,-0.20292863249778748,0.8493267297744751,0.5272901654243469,-0.20292863249778748,0.8493267297744751,0.5272901654243469,0,0,0,10.0188618,9.9771689,2.635563117171032,212,987.8000000000001,1.649999976158142,,0,0.274,0.821,0.2502283105022831,0,-0.14636230204639555,0.8657840632719139,0.4543940866531055,classic,0,0,0,none,0,0,0,1.3039031313063394,-0.14636230204639555,0.0941962814430381,0
sensor,1768476300736,3935.681680258213,0,-0.24156567454338074,0.8502445220947266,0.4215507209300995,-0.24156567454338074,0.8502445220947266,0.4215507209300995,0,0,0,10.0188218,9.9771428,2.6322265381219534,209,987.2,1.5829999446868896,,0,0.291,0.759,0.27714285714285714,0.118,-0.06374534983985869,0.9286753599332147,0.34980810007101626,classic,0,0,0,none,0,0,0,1.6712382339511167,-0.06374534983985869,0.208208772647048,0
sensor,1768476302765,3940.5371578516833,0,-0.07647871971130371,0.8695170879364014,0.31050360202789307,-0.07647871971130371,0.8695170879364014,0.31050360202789307,0,0,0,10.0187834,9.9771217,2.6262415843896663,207,987.1,1.5499999523162842,,0,0.233,0.934,0.19965724078834618,0,-0.08347643941253269,0.916419166639167,0.3737448844371064,classic,0,0,0,none,0,0,0,1.3515892457644154,-0.08347643941253269,0.07944297928910138,0
sensor,1768476304784,3945.303546313983,0,-0.15713317692279816,0.8325014114379883,0.49761641025543213,-0.15713317692279816,0.8325014114379883,0.49761641025543213,0,0,0,10.0187451,9.9771022,2.6095672422599296,204,987.1,1.5329999923706055,,0,1.17,0,1,0,-0.0925786293444134,0.9082259722283811,0.39100454992890016,classic,0,0,0,none,0,0,0,1.3991545394090916,-0.0925786293444134,0.1465669441817334,0
sensor,1768476306736,3950.210396800831,0,-0.2855256497859955,0.7800829410552979,0.5805193781852722,-0.2855256497859955,0.7800829410552979,0.5805193781852722,0,0,0,10.0187034,9.9770875,2.5899068913104553,202,987.7,1.5329999923706055,,0,0.816,0.35,0.6998284734133791,0,-0.10103890069649782,0.9030438780886807,0.4048479001262809,classic,0,0,0,none,0,0,0,2.060332568243605,-0.10103890069649782,0.28429107344091975,0
sensor,1768476308777,3955.1067421679145,0,-0.11583466827869415,0.8637965321540833,0.5056772828102112,-0.11583466827869415,0.8637965321540833,0.5056772828102112,0,0,0,10.0186618,9.9770728,2.5709537166233103,200,987.4,1.5329999923706055,,0,0.643,0.526,0.5500427715996579,0,-0.10241615342377498,0.8976169886014487,0.41832365535554344,classic,0,0,0,none,0,0,0,0.6555814642434801,-0.10241615342377498,0.09510392999649897,0
sensor,1768476310749,3959.735584023437,0,-0.14612023532390594,0.8713526725769043,0.4629562497138977,-0.14612023532390594,0.8713526725769043,0.4629562497138977,0,0,0,10.0186234,9.9770565,2.549317742089581,199,987.1,1.5160000324249268,,0,0.757,0.33999999999999997,0.6900638103919782,0,-0.10733399969238253,0.8928240318154196,0.42673090492149157,classic,0,0,0,none,0,0,0,0.600501447536864,-0.10733399969238253,0.057538605222707775,0
sensor,1768476312766,3963.8795315008256,0,-0.12369667738676071,0.87786865234375,0.4572356641292572,-0.12369667738676071,0.87786865234375,0.4572356641292572,0,0,0,10.0185884,9.9770435,2.512780024298499,199,987.1,1.5,,0,1.069,0.1180000000000001,0.9005897219882055,0,-0.11177596894973117,0.889387208008396,0.43406926287505704,classic,0,0,0,none,0,0,0,0.4906360524501397,-0.11177596894973117,0.02862932857924604,0
sensor,1768476314736,3967.0914445042536,0,-0.16906385123729706,0.8654331564903259,0.44827234745025635,-0.16906385123729706,0.8654331564903259,0.44827234745025635,0,0,0,10.0185618,9.9770321,2.455229702227137,195,987.6,1.4830000400543213,,0,1.123,0.28400000000000003,0.7981520966595593,0,-0.11727639444152534,0.8868666980505546,0.43853643790344926,classic,0,0,0,none,0,0,0,0.6018078626500741,-0.11727639444152534,0.057172816186769,0
sensor,1768476317741,3970.65670678576,0,-0.14520250260829926,0.8704349398612976,0.4751928746700287,-0.14520250260829926,0.8704349398612976,0.4751928746700287,0,0,0,10.0185301,9.9770272,2.3572064762065934,188,988,1.4500000476837158,,0,0.292,0.875,0.2502142245072836,0,-0.12275851846635952,0.882102656680728,0.44773985214912315,classic,0,0,0,none,0,0,0,0.6661702979668378,-0.12275851846635952,0.037517690050373524,0
sensor,1768476320713,3973.992555239362,0,-0.08056268095970154,0.8438202738761902,0.49568915367126465,-0.08056268095970154,0.8438202738761902,0.49568915367126465,0,0,0,10.0185001,9.9770272,2.0449479135999846,177,988.2,1.465999960899353,,0,0.118,1.0499999999999998,0.10102739726027399,0,-0.12352007256322366,0.8775684864539611,0.45873926924166947,classic,0,0,0,none,0,0,0,0.4591819232481196,-0.12352007256322366,0.06628270848751969,0
sensor,1768476321848,3973.992555239362,0,-0.131038635969162,0.8613491654396057,0.5015015602111816,-0.131038635969162,0.8613491654396057,0.5015015602111816,0,0,0,10.0185001,9.9770272,2.0449479135999846,177,988.2,1.465999960899353,,0,0.624,0.525,0.5430809399477806,0,-0.12419506932346887,0.8755934280977858,0.46297200320650356,classic,0,0,0,none,0,0,0,0.5303306611150458,-0.12419506932346887,0.04185371823438375,0
